reference,clip_id,clip_voyage_id,clip_image_filename,clip_scale,clip_rotation,clip_translation_x,clip_translation_y,clip_clip_x1,clip_clip_y1,clip_clip_width,clip_clip_height,image_path,pixel_x,pixel_y,pixel_width,pixel_height
123/26*,1770,39661,E 190_123_26* Port: Poole Customs book of Arthur Gregory. 24 Mar 1604 - 23 Mar 1606 IMG_0248.JPG,0.9639499835,0.00,-1579,-274,13,42,1503,567,123_26*/E 190_123_26* Port: Poole Customs book of Arthur Gregory. 24 Mar 1604 - 23 Mar 1606 IMG_0248.JPG,1590.7,283.0,1559.2,588.2
123/26*,1772,39663,E 190_123_26* Port: Poole Customs book of Arthur Gregory. 24 Mar 1604 - 23 Mar 1606 IMG_0249.JPG,1.0288368924,0.00,62,-1205,103,92,1569,320,123_26*/E 190_123_26* Port: Poole Customs book of Arthur Gregory. 24 Mar 1604 - 23 Mar 1606 IMG_0249.JPG,85.7,1295.1,1525.0,311.0
123/26*,1771,39662,E 190_123_26* Port: Poole Customs book of Arthur Gregory. 24 Mar 1604 - 23 Mar 1606 IMG_0249.JPG,0.9447538038,0.00,-1245,-888,342,187,1475,328,123_26*/E 190_123_26* Port: Poole Customs book of Arthur Gregory. 24 Mar 1604 - 23 Mar 1606 IMG_0249.JPG,1584.1,1066.0,1561.3,347.2
123/26*,1773,39664,E 190_123_26* Port: Poole Customs book of Arthur Gregory. 24 Mar 1604 - 23 Mar 1606 IMG_0249.JPG,1.0288368924,0.00,-1397,-1065,221,365,1554,338,123_26*/E 190_123_26* Port: Poole Customs book of Arthur Gregory. 24 Mar 1604 - 23 Mar 1606 IMG_0249.JPG,1618.5,1424.4,1510.4,328.5
186/2,320,38156,E 190_186_2 THE PORT OF NEWCASTLE. Port: Hartlepool and Stockton Official: Surveyor Coastal. 29 Sep 1601 - 29 Sep 1602 IMG_5669.JPG,0.6250000000,91.00,-635,-494,335,131,1137,337,186_2/E 190_186_2 THE PORT OF NEWCASTLE. Port: Hartlepool and Stockton Official: Surveyor Coastal. 29 Sep 1601 - 29 Sep 1602 IMG_5669.JPG,630.4,308.8,1819.2,539.2
814/10,302,38139,E 190_814_10 Southampton 29 Sep 1575 - 29 Sep 1576 (13).JPG,0.9362439361,0.00,-1913,-1236,387,432,1244,240,814_10/E 190_814_10 Southampton 29 Sep 1575 - 29 Sep 1576 (13).JPG,2308.4,1670.5,1328.7,256.3
814/10,303,38140,E 190_814_10 Southampton 29 Sep 1575 - 29 Sep 1576 (14).JPG,0.8597281324,-3.00,-1937,-2115,392,233,1076,241,814_10/E 190_814_10 Southampton 29 Sep 1575 - 29 Sep 1576 (14).JPG,2354.0,2464.8,1251.6,280.3
814/11,300,38136,E 190_814_11 Southampton 03 Apr 1575 - 29 Sep 1575 (3).JPG,1.3570471994,6.00,-2455,45,13,42,1728,403,814_11/E 190_814_11 Southampton 03 Apr 1575 - 29 Sep 1575 (3).JPG,2391.2,427.2,1273.4,297.0
814/12,301,38138,E 190_814_12 Southampton 29 Sep 1575 - 22 Apr 1576 (4).JPG,0.9457009456,0.00,-2049,-1250,333,397,1206,224,814_12/E 190_814_12 Southampton 29 Sep 1575 - 22 Apr 1576 (4).JPG,2393.8,1647.9,1275.2,236.9
814/12,304,38141,E 190_814_12 Southampton 29 Sep 1575 - 22 Apr 1576 (7).JPG,0.8597281324,0.00,-517,-789,224,390,1452,216,814_12/E 190_814_12 Southampton 29 Sep 1575 - 22 Apr 1576 (7).JPG,506.9,1105.1,1688.9,251.2
814/6,313,38150,E 190_814_6 Southampton 29 Sep 1569 - 26 Mar 1570 (3).JPG,0.7815710294,0.00,-994,-654,126,248,968,207,814_6/E 190_814_6 Southampton 29 Sep 1569 - 26 Mar 1570 (3).JPG,824.9,698.0,1238.5,264.9
814/8,151,37990,E 190_814_8 Southampton 29 Sep 1571 - 29 Sep 1572 (5).JPG,0.7103340866,0.00,-862,-1375,297,371,1063,220,814_8/E 190_814_8 Southampton 29 Sep 1571 - 29 Sep 1572 (5).JPG,744.3,1792.5,1496.5,309.7
814/8,152,37991,E 190_814_8 Southampton 29 Sep 1571 - 29 Sep 1572 (6).JPG,0.7813674953,0.00,-1065,-1993,13,80,1170,206,814_8/E 190_814_8 Southampton 29 Sep 1571 - 29 Sep 1572 (6).JPG,770.8,2196.4,1497.4,263.6
814/8,153,37992,E 190_814_8 Southampton 29 Sep 1571 - 29 Sep 1572 (9).JPG,0.8595042448,0.00,-2217,-734,204,240,1215,249,814_8/E 190_814_8 Southampton 29 Sep 1571 - 29 Sep 1572 (9).JPG,2461.0,866.4,1413.6,289.7
814/9,156,37995,E 190_814_9 Southampton 29 Sep 1573 - 29 Sep 1574 (3).JPG,0.6823440894,-3.00,-2332,-955,12,41,1037,186,814_9/E 190_814_9 Southampton 29 Sep 1573 - 29 Sep 1574 (3).JPG,2422.2,699.9,1519.8,272.6
814/9,157,37996,E 190_814_9 Southampton 29 Sep 1573 - 29 Sep 1574 (3).JPG,0.6823440894,-3.00,-2100,-1425,263,378,1057,132,814_9/E 190_814_9 Southampton 29 Sep 1573 - 29 Sep 1574 (3).JPG,2450.1,1882.6,1549.1,193.5
814/9,158,37997,E 190_814_9 Southampton 29 Sep 1573 - 29 Sep 1574 (7).JPG,0.5684152941,0.00,-1130,-1076,207,350,876,145,814_9/E 190_814_9 Southampton 29 Sep 1573 - 29 Sep 1574 (7).JPG,700.0,1269.6,1541.1,255.1
814/9,159,37998,E 190_814_9 Southampton 29 Sep 1573 - 29 Sep 1574 (9).JPG,0.6252568235,-3.00,-1139,-853,97,163,933,184,814_9/E 190_814_9 Southampton 29 Sep 1573 - 29 Sep 1574 (9).JPG,672.6,646.8,1492.2,294.3
814/9,160,37999,E 190_814_9 Southampton 29 Sep 1573 - 29 Sep 1574 (22).JPG,0.5627311412,0.00,-1986,-1868,316,153,882,270,814_9/E 190_814_9 Southampton 29 Sep 1573 - 29 Sep 1574 (22).JPG,2399.9,2323.3,1567.4,479.8
814/9,161,38000,E 190_814_9 Southampton 29 Sep 1573 - 29 Sep 1574 (47).JPG,0.6809046808,-3.00,-2042,-1488,279,242,837,194,814_9/E 190_814_9 Southampton 29 Sep 1573 - 29 Sep 1574 (47).JPG,2389.0,1775.9,1229.2,284.9
815/10,311,38147,E 190_815_10 Southampton 29 Sep 1580 - 29 Sep 1581 (8).JPG,0.7815710294,3.00,-1741,-1262,597,309,1020,290,815_10/E 190_815_10 Southampton 29 Sep 1580 - 29 Sep 1581 (8).JPG,2383.3,1554.0,1305.1,371.0
815/10,312,38149,E 190_815_10 Southampton 29 Sep 1580 - 29 Sep 1581 (9).JPG,0.8597281324,0.00,-814,-1502,283,299,1014,289,815_10/E 190_815_10 Southampton 29 Sep 1580 - 29 Sep 1581 (9).JPG,921.0,1828.6,1179.4,336.2
815/4,305,38142,E 190_815_4 Southampton 29 Sep 1578 - 29 Sep 1579 (6).JPG,0.8597281324,0.00,-2038,-1294,385,411,1113,134,815_4/E 190_815_4 Southampton 29 Sep 1578 - 29 Sep 1579 (6).JPG,2463.3,1716.9,1294.6,155.9
815/4,306,38143,E 190_815_4 Southampton 29 Sep 1578 - 29 Sep 1579 (8).JPG,0.7105191176,0.00,-579,-1253,457,417,1008,142,815_4/E 190_815_4 Southampton 29 Sep 1578 - 29 Sep 1579 (8).JPG,571.5,1685.5,1418.7,199.9
815/4,307,38144,E 190_815_4 Southampton 29 Sep 1578 - 29 Sep 1579 (8).JPG,0.7105191176,0.00,-609,-1657,620,284,804,107,815_4/E 190_815_4 Southampton 29 Sep 1578 - 29 Sep 1579 (8).JPG,843.2,2066.9,1131.6,150.6
815/4,308,38145,E 190_815_4 Southampton 29 Sep 1578 - 29 Sep 1579 (16).JPG,0.7660177659,0.00,-1852,-1449,421,555,873,174,815_4/E 190_815_4 Southampton 29 Sep 1578 - 29 Sep 1579 (16).JPG,2302.6,2117.6,1139.7,227.1
815/6,171,38010,E 190_815_6 Southampton 29 Sep 1579 - 29 Sep 1580 (14).JPG,0.7105191176,0.00,-1781,-977,637,143,863,271,815_6/E 190_815_6 Southampton 29 Sep 1579 - 29 Sep 1580 (14).JPG,2516.6,911.4,1214.6,381.4
815/6,172,38011,E 190_815_6 Southampton 29 Sep 1579 - 29 Sep 1580 (18).JPG,0.7105191176,0.00,-804,-1259,520,350,867,221,815_6/E 190_815_6 Southampton 29 Sep 1579 - 29 Sep 1580 (18).JPG,976.9,1599.6,1220.2,311.0
815/7,173,38012,E 190_815_7 Southampton 29 Sep 1578 - 29 Sep 1579 (5).JPG,0.8597281324,0.00,-741,-2080,186,200,1075,236,815_7/E 190_815_7 Southampton 29 Sep 1578 - 29 Sep 1579 (5).JPG,723.2,2385.7,1250.4,274.5
815/7,174,38013,E 190_815_7 Southampton 29 Sep 1578 - 29 Sep 1579 (6).JPG,0.8597281324,0.00,-2047,-586,418,298,1066,262,815_7/E 190_815_7 Southampton 29 Sep 1578 - 29 Sep 1579 (6).JPG,2512.2,762.0,1239.9,304.7
815/8,310,38146,E 190_815_8 Southampton 19 Apr 1579 - 29 Sep 1579 (6).JPG,0.8597281324,0.00,-618,-1047,390,428,929,174,815_8/E 190_815_8 Southampton 19 Apr 1579 - 29 Sep 1579 (6).JPG,817.4,1449.4,1080.6,202.4
815/9,177,38014,E 190_815_9 Southampton 29 Sep 1580 - 29 Sep 1581 (19).JPG,0.5872058824,3.00,-2259,-1124,230,61,504,393,815_9/E 190_815_9 Southampton 29 Sep 1580 - 29 Sep 1581 (19).JPG,2709.0,870.8,858.3,669.3
815/9,178,38016,E 190_815_9 Southampton 29 Sep 1580 - 29 Sep 1581 (20).JPG,0.6459264706,0.00,-1228,-1185,270,324,759,356,815_9/E 190_815_9 Southampton 29 Sep 1580 - 29 Sep 1581 (20).JPG,1126.3,1441.6,1175.1,551.1
826/10,1736,39628,"E 190_826_10 Southampton, including Cowes Customer and Controller Coastal 1665 (6).JPG",0.5652045923,0.00,-326,-1333,439,248,903,137,"826_10/E 190_826_10 Southampton, including Cowes Customer and Controller Coastal 1665 (6).JPG",46.9,1788.3,1597.7,242.4
826/10,1737,39629,"E 190_826_10 Southampton, including Cowes Customer and Controller Coastal 1665 (7).JPG",0.6204465335,0.00,-1189,-1278,476,317,1077,179,"826_10/E 190_826_10 Southampton, including Cowes Customer and Controller Coastal 1665 (7).JPG",1642.4,1769.7,1735.8,288.5
826/10,1738,39630,"E 190_826_10 Southampton, including Cowes Customer and Controller Coastal 1665 (9).JPG",0.5609114812,0.00,-348,-925,440,184,895,115,"826_10/E 190_826_10 Southampton, including Cowes Customer and Controller Coastal 1665 (9).JPG",65.1,952.4,1595.6,205.0
826/10,1739,39631,"E 190_826_10 Southampton, including Cowes Customer and Controller Coastal 1665 (9).JPG",0.5609114812,0.00,-1259,-971,432,196,961,137,"826_10/E 190_826_10 Southampton, including Cowes Customer and Controller Coastal 1665 (9).JPG",1675.0,1055.8,1713.3,244.2
826/10,1740,39632,"E 190_826_10 Southampton, including Cowes Customer and Controller Coastal 1665 (10).JPG",0.6157434402,0.00,-69,-426,588,224,1024,157,"826_10/E 190_826_10 Southampton, including Cowes Customer and Controller Coastal 1665 (10).JPG",-3.2,234.1,1663.0,255.0
826/10,1741,39633,"E 190_826_10 Southampton, including Cowes Customer and Controller Coastal 1665 (10).JPG",0.6157434402,0.00,-1227,-854,485,220,1024,157,"826_10/E 190_826_10 Southampton, including Cowes Customer and Controller Coastal 1665 (10).JPG",1710.1,922.7,1663.0,255.0
826/10,1742,39634,"E 190_826_10 Southampton, including Cowes Customer and Controller Coastal 1665 (15).JPG",0.8294694600,0.00,-63,-363,256,345,1341,122,"826_10/E 190_826_10 Southampton, including Cowes Customer and Controller Coastal 1665 (15).JPG",36.2,579.5,1616.7,147.1
826/10,1743,39635,"E 190_826_10 Southampton, including Cowes Customer and Controller Coastal 1665 (19).JPG",0.7963376771,0.00,-1420,-952,299,255,1405,251,"826_10/E 190_826_10 Southampton, including Cowes Customer and Controller Coastal 1665 (19).JPG",1707.2,1156.4,1764.3,315.2
826/10,1744,39636,"E 190_826_10 Southampton, including Cowes Customer and Controller Coastal 1665 (29).JPG",0.6666284075,-3.00,-324,-816,303,401,1098,156,"826_10/E 190_826_10 Southampton, including Cowes Customer and Controller Coastal 1665 (29).JPG",69.2,1127.5,1647.1,234.0
826/10,1745,39637,"E 190_826_10 Southampton, including Cowes Customer and Controller Coastal 1665 (34).JPG",0.6555304740,0.00,-334,-1402,329,98,1090,199,"826_10/E 190_826_10 Southampton, including Cowes Customer and Controller Coastal 1665 (34).JPG",80.2,1548.1,1662.8,303.6
826/5,224,38064,E 190_826_5 THE PORT OF SOUTHAMPTON. Port: SOUTHAMPTON Official:  Searcher Overseas. 25 Dec 1662 - 25 Dec 1663 IMG_0097.JPG,0.9362439361,-3.00,-722,-1103,323,492,1311,133,826_5/E 190_826_5 THE PORT OF SOUTHAMPTON. Port: SOUTHAMPTON Official:  Searcher Overseas. 25 Dec 1662 - 25 Dec 1663 IMG_0097.JPG,968.0,1592.5,1400.3,142.1
826/9,1723,39614,E 190_826_9 Southampton 25 Dec 1664 - 25 Dec 1665 (3).JPG,0.6459264706,0.00,-846,-1221,251,379,1055,100,826_9/E 190_826_9 Southampton 25 Dec 1664 - 25 Dec 1665 (3).JPG,505.5,1582.5,1633.3,154.8
826/9,1724,39616,E 190_826_9 Southampton 25 Dec 1664 - 25 Dec 1665 (3).JPG,0.6459264706,0.00,-846,-1221,249,444,1055,100,826_9/E 190_826_9 Southampton 25 Dec 1664 - 25 Dec 1665 (3).JPG,502.4,1683.1,1633.3,154.8
826/9,1725,39617,E 190_826_9 Southampton 25 Dec 1664 - 25 Dec 1665 (3).JPG,0.6459264706,0.00,-846,-1221,253,519,1055,77,826_9/E 190_826_9 Southampton 25 Dec 1664 - 25 Dec 1665 (3).JPG,508.6,1799.2,1633.3,119.2
826/9,1726,39618,E 190_826_9 Southampton 25 Dec 1664 - 25 Dec 1665 (3).JPG,0.6459264706,0.00,-846,-1221,248,579,1055,62,826_9/E 190_826_9 Southampton 25 Dec 1664 - 25 Dec 1665 (3).JPG,500.9,1892.1,1633.3,96.0
826/9,1727,39619,E 190_826_9 Southampton 25 Dec 1664 - 25 Dec 1665 (3).JPG,0.6459264706,0.00,-846,-1221,258,631,1055,62,826_9/E 190_826_9 Southampton 25 Dec 1664 - 25 Dec 1665 (3).JPG,516.4,1972.6,1633.3,96.0
826/9,1728,39620,E 190_826_9 Southampton 25 Dec 1664 - 25 Dec 1665 (3).JPG,0.6459264706,6.00,-1671,-1250,487,203,1055,98,826_9/E 190_826_9 Southampton 25 Dec 1664 - 25 Dec 1665 (3).JPG,2148.1,1354.9,1633.3,151.7
826/9,1729,39621,E 190_826_9 Southampton 25 Dec 1664 - 25 Dec 1665 (3).JPG,0.6459264706,6.00,-1652,-1309,487,203,1055,98,826_9/E 190_826_9 Southampton 25 Dec 1664 - 25 Dec 1665 (3).JPG,2118.7,1446.2,1633.3,151.7
826/9,1730,39622,E 190_826_9 Southampton 25 Dec 1664 - 25 Dec 1665 (4).JPG,0.5872058824,0.00,-1011,-844,282,370,851,126,826_9/E 190_826_9 Southampton 25 Dec 1664 - 25 Dec 1665 (4).JPG,672.3,920.2,1449.2,214.6
826/9,1731,39623,E 190_826_9 Southampton 25 Dec 1664 - 25 Dec 1665 (6).JPG,0.6459264706,6.00,-1679,-1388,454,278,1073,127,826_9/E 190_826_9 Southampton 25 Dec 1664 - 25 Dec 1665 (6).JPG,2109.4,1684.6,1661.2,196.6
826/9,1732,39624,E 190_826_9 Southampton 25 Dec 1664 - 25 Dec 1665 (8).JPG,0.7815710294,0.00,-755,-1073,128,295,1259,158,826_9/E 190_826_9 Southampton 25 Dec 1664 - 25 Dec 1665 (8).JPG,521.6,1294.2,1610.9,202.2
826/9,1733,39625,E 190_826_9 Southampton 25 Dec 1664 - 25 Dec 1665 (8).JPG,0.7507740124,3.00,-1808,-1590,309,177,1259,124,826_9/E 190_826_9 Southampton 25 Dec 1664 - 25 Dec 1665 (8).JPG,2097.4,1811.8,1676.9,165.2
826/9,1734,39626,E 190_826_9 Southampton 25 Dec 1664 - 25 Dec 1665 (13).JPG,0.7105191176,0.00,-1777,-1330,409,428,1138,122,826_9/E 190_826_9 Southampton 25 Dec 1664 - 25 Dec 1665 (13).JPG,2190.1,1809.3,1601.6,171.7
826/9,1735,39627,E 190_826_9 Southampton 25 Dec 1664 - 25 Dec 1665 (28).JPG,0.7105191176,-180.00,-1586,-746,447,338,1144,156,826_9/E 190_826_9 Southampton 25 Dec 1664 - 25 Dec 1665 (28).JPG,1974.7,860.7,1610.1,219.6
827/9,429,38266,E 190_827_9 Southampton 25 Dec 1671 - 25 Dec 1672 (2).JPG,0.7815710294,6.00,-1751,-1020,390,304,1289,172,827_9/E 190_827_9 Southampton 25 Dec 1671 - 25 Dec 1672 (2).JPG,2131.2,1237.9,1649.2,220.1
827/9,430,38267,E 190_827_9 Southampton 25 Dec 1671 - 25 Dec 1672 (2).JPG,0.8341933471,6.00,-1797,-1049,381,406,1289,172,827_9/E 190_827_9 Southampton 25 Dec 1671 - 25 Dec 1672 (2).JPG,2178.4,1419.8,1545.2,206.2
827/9,431,38268,E 190_827_9 Southampton 25 Dec 1671 - 25 Dec 1672 (2).JPG,0.8341933471,6.00,-1797,-1049,382,531,1289,172,827_9/E 190_827_9 Southampton 25 Dec 1671 - 25 Dec 1672 (2).JPG,2179.6,1569.7,1545.2,206.2
827/9,432,38269,E 190_827_9 Southampton 25 Dec 1671 - 25 Dec 1672 (2).JPG,0.8341933471,6.00,-1797,-1049,359,645,1289,172,827_9/E 190_827_9 Southampton 25 Dec 1671 - 25 Dec 1672 (2).JPG,2152.0,1706.3,1545.2,206.2
827/9,433,38270,E 190_827_9 Southampton 25 Dec 1671 - 25 Dec 1672 (3).JPG,0.7737553191,3.00,-800,-1568,101,506,1227,169,827_9/E 190_827_9 Southampton 25 Dec 1671 - 25 Dec 1672 (3).JPG,528.2,2203.2,1585.8,218.4
827/9,434,38271,E 190_827_9 Southampton 25 Dec 1671 - 25 Dec 1672 (5).JPG,0.7105191176,0.00,-528,-520,449,413,1153,210,827_9/E 190_827_9 Southampton 25 Dec 1671 - 25 Dec 1672 (5).JPG,488.5,648.2,1622.8,295.6
827/9,435,38272,E 190_827_9 Southampton 25 Dec 1671 - 25 Dec 1672 (5).JPG,0.7105191176,0.00,-541,-1023,449,413,1137,177,827_9/E 190_827_9 Southampton 25 Dec 1671 - 25 Dec 1672 (5).JPG,506.8,1356.1,1600.2,249.1
827/9,436,38273,E 190_827_9 Southampton 25 Dec 1671 - 25 Dec 1672 (5).JPG,0.8426195425,0.00,-731,-1394,22,187,1384,236,827_9/E 190_827_9 Southampton 25 Dec 1671 - 25 Dec 1672 (5).JPG,487.2,1571.5,1642.5,280.1
827/9,437,38274,E 190_827_9 Southampton 25 Dec 1671 - 25 Dec 1672 (5).JPG,0.8426195425,0.00,-737,-1375,31,340,1374,201,827_9/E 190_827_9 Southampton 25 Dec 1671 - 25 Dec 1672 (5).JPG,505.0,1730.5,1630.6,238.5
827/9,438,38275,E 190_827_9 Southampton 25 Dec 1671 - 25 Dec 1672 (5).JPG,0.8426195425,0.00,-750,-1528,31,340,1374,201,827_9/E 190_827_9 Southampton 25 Dec 1671 - 25 Dec 1672 (5).JPG,520.4,1912.1,1630.6,238.5
827/9,439,38276,E 190_827_9 Southampton 25 Dec 1671 - 25 Dec 1672 (6).JPG,0.8597281324,3.00,-1849,-1345,299,411,1386,229,827_9/E 190_827_9 Southampton 25 Dec 1671 - 25 Dec 1672 (6).JPG,2143.4,1776.2,1612.1,266.4
827/9,440,38277,E 190_827_9 Southampton 25 Dec 1671 - 25 Dec 1672 (7).JPG,0.9457009456,3.00,-579,-854,61,431,1495,244,827_9/E 190_827_9 Southampton 25 Dec 1671 - 25 Dec 1672 (7).JPG,551.8,1265.1,1580.8,258.0
827/9,441,38278,E 190_827_9 Southampton 25 Dec 1671 - 25 Dec 1672 (8).JPG,0.7815710294,3.00,-803,-1077,87,494,1245,191,827_9/E 190_827_9 Southampton 25 Dec 1671 - 25 Dec 1672 (8).JPG,530.6,1554.0,1592.9,244.4
827/9,442,38279,E 190_827_9 Southampton 25 Dec 1671 - 25 Dec 1672 (8).JPG,0.7815710294,3.00,-799,-1207,87,494,1245,191,827_9/E 190_827_9 Southampton 25 Dec 1671 - 25 Dec 1672 (8).JPG,525.5,1720.3,1592.9,244.4
827/9,443,38280,E 190_827_9 Southampton 25 Dec 1671 - 25 Dec 1672 (8).JPG,0.7815710294,3.00,-802,-1348,87,494,1245,191,827_9/E 190_827_9 Southampton 25 Dec 1671 - 25 Dec 1672 (8).JPG,529.3,1900.7,1592.9,244.4
827/9,444,38281,E 190_827_9 Southampton 25 Dec 1671 - 25 Dec 1672 (8).JPG,0.7815710294,3.00,-810,-1470,87,494,1245,191,827_9/E 190_827_9 Southampton 25 Dec 1671 - 25 Dec 1672 (8).JPG,539.6,2056.8,1592.9,244.4
827/9,445,38282,E 190_827_9 Southampton 25 Dec 1671 - 25 Dec 1672 (10).JPG,0.7105191176,3.00,-615,-1028,399,474,1136,122,827_9/E 190_827_9 Southampton 25 Dec 1671 - 25 Dec 1672 (10).JPG,540.6,1449.0,1598.8,171.7
827/9,446,38283,E 190_827_9 Southampton 25 Dec 1671 - 25 Dec 1672 (12).JPG,0.6459264706,0.00,-1670,-1435,499,585,1043,175,827_9/E 190_827_9 Southampton 25 Dec 1671 - 25 Dec 1672 (12).JPG,2165.2,2232.7,1614.7,270.9
827/9,447,38284,E 190_827_9 Southampton 25 Dec 1671 - 25 Dec 1672 (12).JPG,0.6459264706,0.00,-1682,-1655,470,483,1051,216,827_9/E 190_827_9 Southampton 25 Dec 1671 - 25 Dec 1672 (12).JPG,2138.8,2415.4,1627.1,334.4
827/9,448,38301,E 190_827_9 Southampton 25 Dec 1671 - 25 Dec 1672 (19).JPG,0.7751117647,3.00,-579,-1495,297,363,1242,162,827_9/E 190_827_9 Southampton 25 Dec 1671 - 25 Dec 1672 (19).JPG,498.8,1923.6,1602.3,209.0
827/9,449,38302,E 190_827_9 Southampton 25 Dec 1671 - 25 Dec 1672 (20).JPG,0.7815710294,0.00,-727,-1083,180,449,1262,191,827_9/E 190_827_9 Southampton 25 Dec 1671 - 25 Dec 1672 (20).JPG,552.3,1504.1,1614.7,244.4
827/9,450,38303,E 190_827_9 Southampton 25 Dec 1671 - 25 Dec 1672 (21).JPG,0.7660177659,0.00,-1788,-1114,380,436,1176,172,827_9/E 190_827_9 Southampton 25 Dec 1671 - 25 Dec 1672 (21).JPG,2165.6,1525.0,1535.2,224.5
827/9,451,38304,E 190_827_9 Southampton 25 Dec 1671 - 25 Dec 1672 (24).JPG,0.7105191176,0.00,-1615,-1636,558,581,1120,246,827_9/E 190_827_9 Southampton 25 Dec 1671 - 25 Dec 1672 (24).JPG,2171.8,2455.3,1576.3,346.2
827/9,452,38305,E 190_827_9 Southampton 25 Dec 1671 - 25 Dec 1672 (25).JPG,0.7105191176,0.00,-600,-708,434,495,1138,129,827_9/E 190_827_9 Southampton 25 Dec 1671 - 25 Dec 1672 (25).JPG,568.7,1028.2,1601.6,181.6
827/9,453,38306,E 190_827_9 Southampton 25 Dec 1671 - 25 Dec 1672 (25).JPG,0.6825218294,0.00,-780,-1712,300,313,1096,195,827_9/E 190_827_9 Southampton 25 Dec 1671 - 25 Dec 1672 (25).JPG,570.2,2207.8,1605.8,285.7
827/9,454,38307,E 190_827_9 Southampton 25 Dec 1671 - 25 Dec 1672 (27).JPG,0.8597281324,0.00,-463,-228,341,439,1344,192,827_9/E 190_827_9 Southampton 25 Dec 1671 - 25 Dec 1672 (27).JPG,580.1,509.6,1563.3,223.3
828/5,455,38308,E 190_828_5 Southampton 25 Dec 1673 - 25 Dec 1674 (5).JPG,0.7105191176,0.00,-1037,-706,67,206,1148,294,828_5/E 190_828_5 Southampton 25 Dec 1673 - 25 Dec 1674 (5).JPG,667.2,618.7,1615.7,413.8
828/5,456,38309,E 190_828_5 Southampton 25 Dec 1673 - 25 Dec 1674 (5).JPG,0.7105191176,0.00,-1034,-975,67,206,1153,202,828_5/E 190_828_5 Southampton 25 Dec 1673 - 25 Dec 1674 (5).JPG,663.0,997.3,1622.8,284.3
828/5,457,38310,E 190_828_5 Southampton 25 Dec 1673 - 25 Dec 1674 (5).JPG,0.7105191176,0.00,-1029,-1140,67,206,1150,216,828_5/E 190_828_5 Southampton 25 Dec 1673 - 25 Dec 1674 (5).JPG,656.0,1229.5,1618.5,304.0
828/5,458,38311,E 190_828_5 Southampton 25 Dec 1673 - 25 Dec 1674 (7).JPG,0.7105191176,0.00,-1820,-1527,452,312,1172,200,828_5/E 190_828_5 Southampton 25 Dec 1673 - 25 Dec 1674 (7).JPG,2311.1,1923.3,1649.5,281.5
828/5,459,38312,E 190_828_5 Southampton 25 Dec 1673 - 25 Dec 1674 (8).JPG,0.6459264706,0.00,-961,-991,259,297,1037,188,828_5/E 190_828_5 Southampton 25 Dec 1673 - 25 Dec 1674 (8).JPG,696.0,1099.4,1605.4,291.1
828/5,460,38313,E 190_828_5 Southampton 25 Dec 1673 - 25 Dec 1674 (11).JPG,0.7105191176,3.00,-765,-1702,241,551,1137,238,828_5/E 190_828_5 Southampton 25 Dec 1673 - 25 Dec 1674 (11).JPG,529.3,2506.0,1600.2,335.0
828/5,461,38314,E 190_828_5 Southampton 25 Dec 1673 - 25 Dec 1674 (17).JPG,0.7737553191,0.00,-1823,-1754,368,532,1245,192,828_5/E 190_828_5 Southampton 25 Dec 1673 - 25 Dec 1674 (17).JPG,2195.4,2477.2,1609.0,248.1
828/5,462,38315,E 190_828_5 Southampton 25 Dec 1673 - 25 Dec 1674 (18).JPG,0.5872058824,0.00,-795,-626,435,359,930,201,828_5/E 190_828_5 Southampton 25 Dec 1673 - 25 Dec 1674 (18).JPG,565.0,530.2,1583.8,342.3
828/5,463,38316,E 190_828_5 Southampton 25 Dec 1673 - 25 Dec 1674 (23).JPG,0.8526229412,0.00,-539,-223,291,435,1338,195,828_5/E 190_828_5 Southampton 25 Dec 1673 - 25 Dec 1674 (23).JPG,597.3,489.6,1569.3,228.7
828/5,464,38317,E 190_828_5 Southampton 25 Dec 1673 - 25 Dec 1674 (24).JPG,0.7815710294,0.00,-1813,-1167,347,327,1279,178,828_5/E 190_828_5 Southampton 25 Dec 1673 - 25 Dec 1674 (24).JPG,2155.5,1455.4,1636.4,227.7
828/5,466,38319,E 190_828_5 Southampton 25 Dec 1673 - 25 Dec 1674 (40).JPG,0.7815710294,0.00,-711,-804,293,393,1196,138,828_5/E 190_828_5 Southampton 25 Dec 1673 - 25 Dec 1674 (40).JPG,676.5,1075.4,1530.3,176.6
828/5,467,38320,E 190_828_5 Southampton 25 Dec 1673 - 25 Dec 1674 (57).JPG,0.9457009456,-177.00,-1802,-313,250,283,1482,173,828_5/E 190_828_5 Southampton 25 Dec 1673 - 25 Dec 1674 (57).JPG,2044.9,536.5,1567.1,182.9
829/10,322,38160,E 190_829_10 Southampton 25 Dec 1677 - 25 Dec 1678 (7).JPG,0.8341933471,-3.00,-2068,-1312,184,371,1545,130,829_10/E 190_829_10 Southampton 25 Dec 1677 - 25 Dec 1678 (7).JPG,2267.1,1693.1,1852.1,155.8
829/10,324,38161,E 190_829_10 Southampton 25 Dec 1677 - 25 Dec 1678 (12).JPG,0.7105191176,0.00,-668,-737,231,458,1289,159,829_10/E 190_829_10 Southampton 25 Dec 1677 - 25 Dec 1678 (12).JPG,378.7,1017.0,1814.2,223.8
829/10,325,38162,E 190_829_10 Southampton 25 Dec 1677 - 25 Dec 1678 (16).JPG,0.9084365550,0.00,-551,-1845,29,431,1587,157,829_10/E 190_829_10 Southampton 25 Dec 1677 - 25 Dec 1678 (16).JPG,419.1,2340.9,1747.0,172.8
829/10,326,38163,E 190_829_10 Southampton 25 Dec 1677 - 25 Dec 1678 (16).JPG,0.8508449007,0.00,-2044,-470,208,177,1563,225,829_10/E 190_829_10 Southampton 25 Dec 1677 - 25 Dec 1678 (16).JPG,2265.3,474.3,1837.0,264.4
829/10,327,38164,E 190_829_10 Southampton 25 Dec 1677 - 25 Dec 1678 (17).JPG,0.8094169705,0.00,-490,-1473,260,395,1411,142,829_10/E 190_829_10 Southampton 25 Dec 1677 - 25 Dec 1678 (17).JPG,414.2,1923.6,1743.2,175.4
829/10,328,38165,E 190_829_10 Southampton 25 Dec 1677 - 25 Dec 1678 (17).JPG,0.8094169705,0.00,-497,-1592,260,395,1411,142,829_10/E 190_829_10 Southampton 25 Dec 1677 - 25 Dec 1678 (17).JPG,422.9,2070.6,1743.2,175.4
829/10,329,38166,E 190_829_10 Southampton 25 Dec 1677 - 25 Dec 1678 (19).JPG,0.6459264706,0.00,-516,-1627,482,305,1158,186,829_10/E 190_829_10 Southampton 25 Dec 1677 - 25 Dec 1678 (19).JPG,352.3,2096.4,1792.8,288.0
829/10,330,38167,E 190_829_10 Southampton 25 Dec 1677 - 25 Dec 1678 (20).JPG,0.7507740124,-3.00,-1769,-1477,464,560,1402,138,829_10/E 190_829_10 Southampton 25 Dec 1677 - 25 Dec 1678 (20).JPG,2251.9,2171.4,1867.4,183.8
829/10,331,38168,E 190_829_10 Southampton 25 Dec 1677 - 25 Dec 1678 (23).JPG,0.7105191176,0.00,-589,-1090,250,431,1239,150,829_10/E 190_829_10 Southampton 25 Dec 1677 - 25 Dec 1678 (23).JPG,294.3,1475.8,1743.8,211.1
829/10,333,38169,E 190_829_10 Southampton 25 Dec 1677 - 25 Dec 1678 (31).JPG,0.5697652804,-3.00,-1704,-1506,552,310,1038,106,829_10/E 190_829_10 Southampton 25 Dec 1677 - 25 Dec 1678 (31).JPG,2316.4,1954.9,1821.8,186.0
829/10,334,38170,E 190_829_10 Southampton 25 Dec 1677 - 25 Dec 1678 (39).JPG,0.6459264706,-177.00,-768,-1592,119,480,1274,196,829_10/E 190_829_10 Southampton 25 Dec 1677 - 25 Dec 1678 (39).JPG,180.4,2313.2,1972.4,303.4
829/4,1,37761,E 190_829_4 Southampton Customer and Controller Coastal 1676 (3).JPG,0.5032843750,0.00,-2040,-1137,252,43,902,258,829_4/E 190_829_4 Southampton Customer and Controller Coastal 1676 (3).JPG,2406.5,733.9,1792.2,512.6
829/4,2,37762,E 190_829_4 Southampton Customer and Controller Coastal 1676 (3).JPG,0.5032843750,0.00,-2040,-1378,252,43,909,249,829_4/E 190_829_4 Southampton Customer and Controller Coastal 1676 (3).JPG,2406.5,1212.8,1806.1,494.8
829/4,3,37763,E 190_829_4 Southampton Customer and Controller Coastal 1676 (3).JPG,0.5032843750,0.00,-2040,-1615,252,43,909,127,829_4/E 190_829_4 Southampton Customer and Controller Coastal 1676 (3).JPG,2406.5,1683.7,1806.1,252.3
829/4,4,37764,E 190_829_4 Southampton Customer and Controller Coastal 1676 (3).JPG,0.5032843750,3.00,-2025,-1649,265,136,909,149,829_4/E 190_829_4 Southampton Customer and Controller Coastal 1676 (3).JPG,2402.5,1936.0,1806.1,296.1
829/4,5,37765,E 190_829_4 Southampton Customer and Controller Coastal 1676 (3).JPG,0.5032843750,3.00,-2019,-1880,265,32,909,154,829_4/E 190_829_4 Southampton Customer and Controller Coastal 1676 (3).JPG,2390.6,2188.3,1806.1,306.0
829/4,6,37766,E 190_829_4 Southampton Customer and Controller Coastal 1676 (2).JPG,0.5536128125,5.00,-2247,-2075,3,42,1026,130,829_4/E 190_829_4 Southampton Customer and Controller Coastal 1676 (2).JPG,2309.7,2508.1,1853.3,234.8
829/4,9,37766,E 190_829_4 Southampton Customer and Controller Coastal 1676 (3).JPG,0.5536128125,3.00,-2275,-2054,13,42,886,125,829_4/E 190_829_4 Southampton Customer and Controller Coastal 1676 (3).JPG,2378.3,2470.1,1600.4,225.8
829/4,7,37767,E 190_829_4 Southampton Customer and Controller Coastal 1676 (2).JPG,0.5536128125,5.00,-2247,-2075,3,155,1026,130,829_4/E 190_829_4 Southampton Customer and Controller Coastal 1676 (2).JPG,2309.7,2712.2,1853.3,234.8
829/4,8,37767,E 190_829_4 Southampton Customer and Controller Coastal 1676 (3).JPG,0.5032843750,3.00,-2262,-2122,13,42,745,111,829_4/E 190_829_4 Southampton Customer and Controller Coastal 1676 (3).JPG,2372.7,2689.1,1480.3,220.6
829/4,14,37768,E 190_829_4 Southampton Customer and Controller Coastal 1676 (4).JPG,0.5849780846,-3.00,-1074,-1000,13,42,1118,201,829_4/E 190_829_4 Southampton Customer and Controller Coastal 1676 (4).JPG,314.4,623.4,1911.2,343.6
829/4,16,37769,E 190_829_4 Southampton Customer and Controller Coastal 1676 (4).JPG,0.4982515312,0.00,-1265,-1211,14,42,945,151,829_4/E 190_829_4 Southampton Customer and Controller Coastal 1676 (4).JPG,375.7,871.3,1896.6,303.1
829/4,17,37770,E 190_829_4 Southampton Customer and Controller Coastal 1676 (4).JPG,0.4982515312,0.00,-1276,-1336,14,42,945,126,829_4/E 190_829_4 Southampton Customer and Controller Coastal 1676 (4).JPG,397.8,1122.2,1896.6,252.9
829/4,18,37771,E 190_829_4 Southampton Customer and Controller Coastal 1676 (4).JPG,0.4982515312,0.00,-1268,-1434,14,42,945,128,829_4/E 190_829_4 Southampton Customer and Controller Coastal 1676 (4).JPG,381.7,1318.9,1896.6,256.9
829/4,19,37772,E 190_829_4 Southampton Customer and Controller Coastal 1676 (4).JPG,0.4982515312,0.00,-1280,-1550,13,42,938,159,829_4/E 190_829_4 Southampton Customer and Controller Coastal 1676 (4).JPG,403.8,1551.7,1882.6,319.1
829/4,24,37773,E 190_829_4 Southampton Customer and Controller Coastal 1676 (4).JPG,0.4982515312,0.00,-1289,-1690,13,42,938,147,829_4/E 190_829_4 Southampton Customer and Controller Coastal 1676 (4).JPG,421.9,1832.7,1882.6,295.0
829/4,32,37863,E 190_829_4 Southampton Customer and Controller Coastal 1676 (14).JPG,0.5217061693,0.00,-800,-582,46,32,862,271,829_4/E 190_829_4 Southampton Customer and Controller Coastal 1676 (14).JPG,24.1,101.5,1652.3,519.4
829/4,47,37881,E 190_829_4 Southampton Customer and Controller Coastal 1676 (14).JPG,0.5217061693,0.00,-828,-822,13,42,872,117,829_4/E 190_829_4 Southampton Customer and Controller Coastal 1676 (14).JPG,14.5,580.7,1671.4,224.3
829/4,1746,39638,E 190_829_4 Southampton Customer and Controller Coastal 1676 (21).JPG,0.6700894145,0.00,-412,-779,193,331,1096,118,829_4/E 190_829_4 Southampton Customer and Controller Coastal 1676 (21).JPG,49.4,1072.8,1635.6,176.1
829/4,1747,39639,E 190_829_4 Southampton Customer and Controller Coastal 1676 (22).JPG,0.7450495627,0.00,-237,-1513,189,155,1263,112,829_4/E 190_829_4 Southampton Customer and Controller Coastal 1676 (22).JPG,-15.1,1823.5,1695.2,150.3
829/4,1748,39640,E 190_829_4 Southampton Customer and Controller Coastal 1676 (23).JPG,0.5555555556,0.00,-468,-930,324,333,899,89,829_4/E 190_829_4 Southampton Customer and Controller Coastal 1676 (23).JPG,43.2,1321.8,1618.2,160.2
829/4,1749,39641,E 190_829_4 Southampton Customer and Controller Coastal 1676 (24).JPG,0.6751525719,0.00,-314,-402,263,213,1100,135,829_4/E 190_829_4 Southampton Customer and Controller Coastal 1676 (24).JPG,26.8,342.2,1629.3,200.0
829/4,1750,39642,E 190_829_4 Southampton Customer and Controller Coastal 1676 (25).JPG,0.6818902260,0.00,-384,-183,171,381,1122,131,829_4/E 190_829_4 Southampton Customer and Controller Coastal 1676 (25).JPG,19.2,277.3,1645.4,192.1
829/4,1751,39643,E 190_829_4 Southampton Customer and Controller Coastal 1676 (25).JPG,0.6818902260,0.00,-368,-561,195,310,1122,131,829_4/E 190_829_4 Southampton Customer and Controller Coastal 1676 (25).JPG,30.9,727.5,1645.4,192.1
829/4,1752,39644,E 190_829_4 Southampton Customer and Controller Coastal 1676 (25).JPG,0.6818902260,0.00,-1366,-854,320,128,1122,131,829_4/E 190_829_4 Southampton Customer and Controller Coastal 1676 (25).JPG,1677.8,890.3,1645.4,192.1
829/4,1753,39645,E 190_829_4 Southampton Customer and Controller Coastal 1676 (26).JPG,0.6869308102,0.00,-1298,-1101,355,170,1183,118,829_4/E 190_829_4 Southampton Customer and Controller Coastal 1676 (26).JPG,1635.7,1312.2,1722.2,171.8
829/4,1754,39646,E 190_829_4 Southampton Customer and Controller Coastal 1676 (26).JPG,0.6869308102,0.00,-1298,-1101,354,260,1183,118,829_4/E 190_829_4 Southampton Customer and Controller Coastal 1676 (26).JPG,1634.2,1443.3,1722.2,171.8
829/4,1755,39647,E 190_829_4 Southampton Customer and Controller Coastal 1676 (26).JPG,0.6869308102,0.00,-1298,-1101,350,361,1183,118,829_4/E 190_829_4 Southampton Customer and Controller Coastal 1676 (26).JPG,1628.4,1590.3,1722.2,171.8
829/4,1756,39648,E 190_829_4 Southampton Customer and Controller Coastal 1676 (27).JPG,0.5609114812,0.00,-1186,-1230,494,256,969,110,829_4/E 190_829_4 Southampton Customer and Controller Coastal 1676 (27).JPG,1655.3,1716.5,1727.5,196.1
829/4,1757,39649,E 190_829_4 Southampton Customer and Controller Coastal 1676 (31).JPG,0.6781085814,0.00,-1221,-322,481,243,1137,127,829_4/E 190_829_4 Southampton Customer and Controller Coastal 1676 (31).JPG,1696.8,271.2,1676.7,187.3
829/4,1758,39650,E 190_829_4 Southampton Customer and Controller Coastal 1676 (32).JPG,0.6765288294,0.00,-1246,-755,465,261,1152,187,829_4/E 190_829_4 Southampton Customer and Controller Coastal 1676 (32).JPG,1708.1,943.8,1702.8,276.4
829/4,1759,39651,E 190_829_4 Southampton Customer and Controller Coastal 1676 (35).JPG,0.7106064597,0.00,-453,-143,99,255,1338,190,829_4/E 190_829_4 Southampton Customer and Controller Coastal 1676 (35).JPG,10.8,31.5,1882.9,267.4
830/13,735,38621,E 190_830_13 Southampton Controller Overseas 1679 (4).JPG,0.6459264706,0.00,-692,-1518,380,459,1110,289,830_13/E 190_830_13 Southampton Controller Overseas 1679 (4).JPG,466.8,2166.1,1718.5,447.4
830/13,736,38622,E 190_830_13 Southampton Controller Overseas 1679 (10).JPG,0.6459264706,-3.00,-1729,-1433,459,340,1122,278,830_13/E 190_830_13 Southampton Controller Overseas 1679 (10).JPG,2194.6,1850.3,1737.0,430.4
831/4,181,38019,E 190_831_4 Southampton 25 Dec 1680 - 25 Dec 1681 (3).JPG,1.0298683297,3.00,-1882,-1392,234,438,1683,212,831_4/E 190_831_4 Southampton 25 Dec 1680 - 25 Dec 1681 (3).JPG,2117.7,1824.3,1634.2,205.9
831/4,182,38020,E 190_831_4 Southampton 25 Dec 1680 - 25 Dec 1681 (3).JPG,1.0298683297,3.00,-1889,-1589,234,438,1683,253,831_4/E 190_831_4 Southampton 25 Dec 1680 - 25 Dec 1681 (3).JPG,2124.5,2015.5,1634.2,245.7
831/4,183,38021,E 190_831_4 Southampton 25 Dec 1680 - 25 Dec 1681 (3).JPG,1.0298683297,0.00,-1904,-1774,234,438,1683,232,831_4/E 190_831_4 Southampton 25 Dec 1680 - 25 Dec 1681 (3).JPG,2139.1,2195.2,1634.2,225.3
831/4,184,38022,E 190_831_4 Southampton 25 Dec 1680 - 25 Dec 1681 (4).JPG,0.8597281324,-3.00,-1901,-1426,338,482,1452,317,831_4/E 190_831_4 Southampton 25 Dec 1680 - 25 Dec 1681 (4).JPG,2249.3,1953.0,1688.9,368.7
831/4,185,38023,E 190_831_4 Southampton 25 Dec 1680 - 25 Dec 1681 (4).JPG,0.8597281324,-3.00,-1917,-1630,338,482,1511,349,831_4/E 190_831_4 Southampton 25 Dec 1680 - 25 Dec 1681 (4).JPG,2267.9,2190.3,1757.5,405.9
831/4,186,38024,E 190_831_4 Southampton 25 Dec 1680 - 25 Dec 1681 (6).JPG,0.7105191176,0.00,-968,-1585,71,210,1195,151,831_4/E 190_831_4 Southampton 25 Dec 1680 - 25 Dec 1681 (6).JPG,575.8,1861.4,1681.9,212.5
831/4,187,38025,E 190_831_4 Southampton 25 Dec 1680 - 25 Dec 1681 (6).JPG,0.7105191176,6.00,-2252,-1089,13,42,1195,151,831_4/E 190_831_4 Southampton 25 Dec 1680 - 25 Dec 1681 (6).JPG,2301.3,926.9,1681.9,212.5
831/4,188,38026,E 190_831_4 Southampton 25 Dec 1680 - 25 Dec 1681 (6).JPG,0.7105191176,6.00,-2185,-1639,13,42,1245,200,831_4/E 190_831_4 Southampton 25 Dec 1680 - 25 Dec 1681 (6).JPG,2207.0,1701.0,1752.2,281.5
831/4,189,38027,E 190_831_4 Southampton 25 Dec 1680 - 25 Dec 1681 (7).JPG,0.7507740124,6.00,-1783,-745,416,411,1253,153,831_4/E 190_831_4 Southampton 25 Dec 1680 - 25 Dec 1681 (7).JPG,2206.6,998.0,1668.9,203.8
831/4,190,38028,E 190_831_4 Southampton 25 Dec 1680 - 25 Dec 1681 (8).JPG,0.7583575883,6.00,-1991,-596,248,183,1214,252,831_4/E 190_831_4 Southampton 25 Dec 1680 - 25 Dec 1681 (8).JPG,2259.1,507.2,1600.8,332.3
831/4,191,38030,E 190_831_4 Southampton 25 Dec 1680 - 25 Dec 1681 (21).JPG,0.6756966111,3.00,-828,-1479,183,346,1199,175,831_4/E 190_831_4 Southampton 25 Dec 1680 - 25 Dec 1681 (21).JPG,451.9,1917.6,1774.5,259.0
831/4,193,38031,E 190_831_4 Southampton 25 Dec 1680 - 25 Dec 1681 (25).JPG,0.8341933471,3.00,-711,-1644,7,255,1303,157,831_4/E 190_831_4 Southampton 25 Dec 1680 - 25 Dec 1681 (25).JPG,428.2,1952.1,1562.0,188.2
831/4,194,38032,E 190_831_4 Southampton 25 Dec 1680 - 25 Dec 1681 (25).JPG,0.8341933471,3.00,-714,-1783,7,255,1389,181,831_4/E 190_831_4 Southampton 25 Dec 1680 - 25 Dec 1681 (25).JPG,431.8,2118.7,1665.1,217.0
831/4,195,38033,E 190_831_4 Southampton 25 Dec 1680 - 25 Dec 1681 (55).JPG,0.6459264706,186.00,-1529,-863,611,285,1101,187,831_4/E 190_831_4 Southampton 25 Dec 1680 - 25 Dec 1681 (55).JPG,2120.3,882.7,1704.5,289.5
831/4,196,38034,E 190_831_4 Southampton 25 Dec 1680 - 25 Dec 1681 (60).JPG,0.9892874084,999.99,-2103,-2044,112,339,1747,271,831_4/E 190_831_4 Southampton 25 Dec 1680 - 25 Dec 1681 (60).JPG,2215.4,2391.1,1765.9,273.9
831/4,197,38035,E 190_831_4 Southampton 25 Dec 1680 - 25 Dec 1681 (61).JPG,0.8426195425,183.00,-1921,-732,272,493,1479,212,831_4/E 190_831_4 Southampton 25 Dec 1680 - 25 Dec 1681 (61).JPG,2196.2,1149.0,1755.2,251.6
831/4,198,38036,E 190_831_4 Southampton 25 Dec 1680 - 25 Dec 1681 (62).JPG,0.9457009456,543.00,-1978,-741,177,456,1572,248,831_4/E 190_831_4 Southampton 25 Dec 1680 - 25 Dec 1681 (62).JPG,2153.8,1172.0,1662.3,262.2
831/4,199,38037,E 190_831_4 Southampton 25 Dec 1680 - 25 Dec 1681 (66).JPG,0.7105191176,903.00,-1825,-1362,355,201,1271,230,831_4/E 190_831_4 Southampton 25 Dec 1680 - 25 Dec 1681 (66).JPG,2181.6,1534.9,1788.8,323.7
831/4,200,38039,E 190_831_4 Southampton 25 Dec 1680 - 25 Dec 1681 (66).JPG,0.7105191176,903.00,-1825,-1362,346,377,1271,230,831_4/E 190_831_4 Southampton 25 Dec 1680 - 25 Dec 1681 (66).JPG,2169.0,1782.6,1788.8,323.7
831/5,1761,39653,E 190_831_5 Southampton 25 Dec 1680 - 25 Dec 1681 (4).JPG,0.7815710294,0.00,-722,-600,57,330,1398,203,831_5/E 190_831_5 Southampton 25 Dec 1680 - 25 Dec 1681 (4).JPG,388.6,733.8,1788.7,259.7
832/15,223,38062,E 190_832_15 Southampton 25 Dec 1682 - 25 Dec 1683 (4).JPG,0.9362439361,0.00,-438,-443,75,488,1665,148,832_15/E 190_832_15 Southampton 25 Dec 1682 - 25 Dec 1683 (4).JPG,399.8,883.3,1778.4,158.1
832/2,1763,39654,E 190_832_2 Southampton 25 Dec 1681 - 25 Dec 1682 (3).JPG,0.8597281324,0.00,-529,-712,277,417,1375,215,832_2/E 190_832_2 Southampton 25 Dec 1681 - 25 Dec 1682 (3).JPG,582.5,1046.9,1599.3,250.1
832/2,1764,39655,E 190_832_2 Southampton 25 Dec 1681 - 25 Dec 1682 (6).JPG,0.7815710294,3.00,-1866,-1148,376,375,1427,170,832_2/E 190_832_2 Southampton 25 Dec 1681 - 25 Dec 1682 (6).JPG,2260.4,1492.5,1825.8,217.5
833/6,201,38040,E 190_833_6 Southampton 25 Dec 1683 - 25 Dec 1684 (3).JPG,0.6459264706,0.00,-1878,-1311,297,377,1158,165,833_6/E 190_833_6 Southampton 25 Dec 1683 - 25 Dec 1684 (3).JPG,2174.5,1718.7,1792.8,255.4
833/6,202,38041,E 190_833_6 Southampton 25 Dec 1683 - 25 Dec 1684 (5).JPG,0.7034139265,3.00,-1883,-822,280,279,1263,133,833_6/E 190_833_6 Southampton 25 Dec 1683 - 25 Dec 1684 (5).JPG,2157.5,877.1,1795.5,189.1
833/6,203,38042,E 190_833_6 Southampton 25 Dec 1683 - 25 Dec 1684 (5).JPG,0.7034139265,3.00,-1883,-822,268,389,1263,133,833_6/E 190_833_6 Southampton 25 Dec 1683 - 25 Dec 1684 (5).JPG,2140.5,1033.5,1795.5,189.1
833/6,204,38043,E 190_833_6 Southampton 25 Dec 1683 - 25 Dec 1684 (5).JPG,0.7034139265,3.00,-1883,-822,261,500,1263,133,833_6/E 190_833_6 Southampton 25 Dec 1683 - 25 Dec 1684 (5).JPG,2130.5,1191.3,1795.5,189.1
833/6,205,38044,E 190_833_6 Southampton 25 Dec 1683 - 25 Dec 1684 (7).JPG,0.5872058824,0.00,-954,-887,238,373,955,141,833_6/E 190_833_6 Southampton 25 Dec 1683 - 25 Dec 1684 (7).JPG,500.3,998.5,1626.3,240.1
833/6,206,38045,E 190_833_6 Southampton 25 Dec 1683 - 25 Dec 1684 (8).JPG,0.7105191176,0.00,-709,-1384,229,285,1217,163,833_6/E 190_833_6 Southampton 25 Dec 1683 - 25 Dec 1684 (8).JPG,433.6,1684.1,1712.8,229.4
833/6,207,38046,E 190_833_6 Southampton 25 Dec 1683 - 25 Dec 1684 (8).JPG,0.7105191176,0.00,-709,-1384,235,394,1217,131,833_6/E 190_833_6 Southampton 25 Dec 1683 - 25 Dec 1684 (8).JPG,442.1,1837.5,1712.8,184.4
833/6,208,38047,E 190_833_6 Southampton 25 Dec 1683 - 25 Dec 1684 (10).JPG,0.7815710294,-3.00,-575,-2009,246,306,1373,154,833_6/E 190_833_6 Southampton 25 Dec 1683 - 25 Dec 1684 (10).JPG,442.3,2505.9,1756.7,197.0
833/6,209,38048,E 190_833_6 Southampton 25 Dec 1683 - 25 Dec 1684 (12).JPG,0.8597281324,0.00,-737,-1595,39,355,1482,183,833_6/E 190_833_6 Southampton 25 Dec 1683 - 25 Dec 1684 (12).JPG,547.6,2001.9,1723.8,212.9
833/6,210,38049,E 190_833_6 Southampton 25 Dec 1683 - 25 Dec 1684 (13).JPG,0.9084365550,-3.00,-530,-498,26,296,1559,178,833_6/E 190_833_6 Southampton 25 Dec 1683 - 25 Dec 1684 (13).JPG,392.7,709.5,1716.1,195.9
833/6,211,38050,E 190_833_6 Southampton 25 Dec 1683 - 25 Dec 1684 (17).JPG,0.7815710294,-3.00,-1990,-1422,216,534,1550,143,833_6/E 190_833_6 Southampton 25 Dec 1683 - 25 Dec 1684 (17).JPG,2214.4,2046.5,1983.2,183.0
833/6,212,38051,E 190_833_6 Southampton 25 Dec 1683 - 25 Dec 1684 (21).JPG,0.7105191176,0.00,-730,-1777,97,335,1361,162,833_6/E 190_833_6 Southampton 25 Dec 1683 - 25 Dec 1684 (21).JPG,277.4,2307.6,1915.5,228.0
833/6,213,38052,E 190_833_6 Southampton 25 Dec 1683 - 25 Dec 1684 (22).JPG,0.9084365550,0.00,-361,-547,28,207,1721,242,833_6/E 190_833_6 Southampton 25 Dec 1683 - 25 Dec 1684 (22).JPG,208.9,665.5,1894.5,266.4
833/6,214,38053,E 190_833_6 Southampton 25 Dec 1683 - 25 Dec 1684 (23).JPG,0.7105191176,0.00,-1738,-732,438,377,1350,168,833_6/E 190_833_6 Southampton 25 Dec 1683 - 25 Dec 1684 (23).JPG,2176.0,895.9,1900.0,236.4
833/6,216,38055,E 190_833_6 Southampton 25 Dec 1683 - 25 Dec 1684 (28).JPG,0.8597281324,0.00,-656,-1677,60,364,1493,233,833_6/E 190_833_6 Southampton 25 Dec 1683 - 25 Dec 1684 (28).JPG,477.8,2107.7,1736.6,271.0
833/6,217,38056,E 190_833_6 Southampton 25 Dec 1683 - 25 Dec 1684 (50).JPG,1.0402710401,0.00,-426,-35,36,547,1780,217,833_6/E 190_833_6 Southampton 25 Dec 1683 - 25 Dec 1684 (50).JPG,528.4,622.6,1711.1,208.6
833/6,218,38057,E 190_833_6 Southampton 25 Dec 1683 - 25 Dec 1684 (54).JPG,0.8993521894,0.00,-628,-2168,13,42,1564,435,833_6/E 190_833_6 Southampton 25 Dec 1683 - 25 Dec 1684 (54).JPG,469.2,2274.7,1739.0,483.7
833/6,219,38058,E 190_833_6 Southampton 25 Dec 1683 - 25 Dec 1684 (55).JPG,0.7581028065,0.00,-2126,-2324,13,42,1359,226,833_6/E 190_833_6 Southampton 25 Dec 1683 - 25 Dec 1684 (55).JPG,2127.2,2600.2,1792.6,298.1
833/6,220,38059,E 190_833_6 Southampton 25 Dec 1683 - 25 Dec 1684 (66).JPG,0.9457009456,0.00,-2085,-493,99,472,1738,266,833_6/E 190_833_6 Southampton 25 Dec 1683 - 25 Dec 1684 (66).JPG,2184.5,926.7,1837.8,281.3
833/6,222,38061,E 190_833_6 Southampton 25 Dec 1683 - 25 Dec 1684 (70).JPG,0.7947490918,180.00,-1902,-959,269,436,1372,149,833_6/E 190_833_6 Southampton 25 Dec 1683 - 25 Dec 1684 (70).JPG,2169.7,1333.8,1726.3,187.5
833/6,221,38060,E 190_833_6 Southampton 25 Dec 1683 - 25 Dec 1684 (81).JPG,0.7544295102,180.00,-583,-1804,158,579,1407,114,833_6/E 190_833_6 Southampton 25 Dec 1683 - 25 Dec 1684 (81).JPG,273.9,2627.5,1865.0,151.1
834/10,349,38185,E 190_834_10 Southampton Customer and Controller Coastal 1684 (3).JPG,0.9587137906,-3.00,-1826,-724,77,357,1738,265,834_10/E 190_834_10 Southampton Customer and Controller Coastal 1684 (3).JPG,1902.6,1070.9,1812.8,276.4
834/10,350,38186,E 190_834_10 Southampton Customer and Controller Coastal 1684 (6).JPG,0.7446548344,0.00,-1561,-896,294,363,1395,178,834_10/E 190_834_10 Southampton Customer and Controller Coastal 1684 (6).JPG,1843.9,1258.5,1873.4,239.0
834/10,351,38187,E 190_834_10 Southampton Customer and Controller Coastal 1684 (7).JPG,0.8878054107,0.00,-117,-1456,125,361,1581,208,834_10/E 190_834_10 Southampton Customer and Controller Coastal 1684 (7).JPG,35.3,1882.0,1780.8,234.3
834/10,352,38188,E 190_834_10 Southampton Customer and Controller Coastal 1684 (16).JPG,1.0013845536,-3.00,51,11,72,308,1739,198,834_10/E 190_834_10 Southampton Customer and Controller Coastal 1684 (16).JPG,23.5,298.4,1736.6,197.7
834/10,353,38189,E 190_834_10 Southampton Customer and Controller Coastal 1684 (16).JPG,0.9012460982,0.00,-1677,-1000,158,543,1657,233,834_10/E 190_834_10 Southampton Customer and Controller Coastal 1684 (16).JPG,1833.4,1571.2,1838.6,258.5
834/10,354,38190,E 190_834_10 Southampton Customer and Controller Coastal 1684 (22).JPG,0.9268112044,-3.00,-109,-435,26,473,1634,209,834_10/E 190_834_10 Southampton Customer and Controller Coastal 1684 (22).JPG,0.8,879.1,1763.0,225.5
834/10,355,38191,E 190_834_10 Southampton Customer and Controller Coastal 1684 (23).JPG,0.9833393576,3.00,-1722,-643,80,491,1791,226,834_10/E 190_834_10 Southampton Customer and Controller Coastal 1684 (23).JPG,1801.6,1131.7,1821.3,229.8
834/10,356,38192,E 190_834_10 Southampton Customer and Controller Coastal 1684 (24).JPG,0.9764446483,-3.00,-14,25,35,336,1698,204,834_10/E 190_834_10 Southampton Customer and Controller Coastal 1684 (24).JPG,6.2,288.3,1739.0,208.9
834/10,357,38193,E 190_834_10 Southampton Customer and Controller Coastal 1684 (31).JPG,0.7667954173,0.00,-248,-18,266,345,1323,238,834_10/E 190_834_10 Southampton Customer and Controller Coastal 1684 (31).JPG,112.9,89.9,1725.4,310.4
834/10,1760,39652,E 190_834_10 Southampton Customer and Controller Coastal 1684 (40).JPG,0.6893768546,0.00,-1448,-1067,362,364,1305,193,834_10/E 190_834_10 Southampton Customer and Controller Coastal 1684 (40).JPG,1790.4,1496.8,1893.0,280.0
834/10,358,38194,E 190_834_10 Southampton Customer and Controller Coastal 1684 (42).JPG,0.8088190109,-3.00,-266,-290,113,316,1444,113,834_10/E 190_834_10 Southampton Customer and Controller Coastal 1684 (42).JPG,25.7,452.8,1785.3,139.7
834/10,359,38195,E 190_834_10 Southampton Customer and Controller Coastal 1684 (42).JPG,0.8088190109,0.00,-258,-932,158,456,1434,128,834_10/E 190_834_10 Southampton Customer and Controller Coastal 1684 (42).JPG,71.5,1419.7,1773.0,158.3
834/10,360,38196,E 190_834_10 Southampton Customer and Controller Coastal 1684 (42).JPG,0.7927235126,0.00,-1478,-645,372,286,1425,100,834_10/E 190_834_10 Southampton Customer and Controller Coastal 1684 (42).JPG,1843.9,846.5,1797.6,126.1
834/12,361,38197,E 190_834_12 Southampton 25 Dec 1685 - 24 Jun 1686 (2).JPG,0.7583575883,3.00,-1933,-1556,301,462,1410,243,834_12/E 190_834_12 Southampton 25 Dec 1685 - 24 Jun 1686 (2).JPG,2252.5,2141.0,1859.3,320.4
834/12,362,38198,E 190_834_12 Southampton 25 Dec 1685 - 24 Jun 1686 (8).JPG,0.8597281324,-3.00,-502,-1289,88,402,1538,191,834_12/E 190_834_12 Southampton 25 Dec 1685 - 24 Jun 1686 (8).JPG,331.2,1700.6,1788.9,222.2
834/12,363,38199,E 190_834_12 Southampton 25 Dec 1685 - 24 Jun 1686 (8).JPG,0.7775227123,0.00,-1870,-1671,294,377,1424,119,834_12/E 190_834_12 Southampton 25 Dec 1685 - 24 Jun 1686 (8).JPG,2160.6,2167.0,1831.5,153.1
834/12,364,38200,E 190_834_12 Southampton 25 Dec 1685 - 24 Jun 1686 (11).JPG,0.6927727366,3.00,-1678,-768,551,242,1262,116,834_12/E 190_834_12 Southampton 25 Dec 1685 - 24 Jun 1686 (11).JPG,2252.5,734.2,1821.7,167.4
834/12,365,38201,E 190_834_12 Southampton 25 Dec 1685 - 24 Jun 1686 (11).JPG,0.6927727366,0.00,-1670,-1011,551,504,1229,144,834_12/E 190_834_12 Southampton 25 Dec 1685 - 24 Jun 1686 (11).JPG,2241.0,1463.1,1774.0,207.9
834/12,366,38202,E 190_834_12 Southampton 25 Dec 1685 - 24 Jun 1686 (12).JPG,0.7815710294,3.00,-1845,-601,404,336,1384,125,834_12/E 190_834_12 Southampton 25 Dec 1685 - 24 Jun 1686 (12).JPG,2269.4,742.8,1770.8,159.9
834/12,367,38203,E 190_834_12 Southampton 25 Dec 1685 - 24 Jun 1686 (15).JPG,0.7105191176,3.00,-1946,-968,251,255,1301,119,834_12/E 190_834_12 Southampton 25 Dec 1685 - 24 Jun 1686 (15).JPG,2205.6,1056.4,1831.1,167.5
834/12,368,38204,E 190_834_12 Southampton 25 Dec 1685 - 24 Jun 1686 (16).JPG,0.7105191176,0.00,-1643,-1255,539,303,1273,158,834_12/E 190_834_12 Southampton 25 Dec 1685 - 24 Jun 1686 (16).JPG,2184.4,1527.9,1791.6,222.4
834/12,369,38205,E 190_834_12 Southampton 25 Dec 1685 - 24 Jun 1686 (20).JPG,0.7105191176,3.00,-1734,-758,431,386,1262,135,834_12/E 190_834_12 Southampton 25 Dec 1685 - 24 Jun 1686 (20).JPG,2160.5,945.2,1776.2,190.0
834/12,370,38206,E 190_834_12 Southampton 25 Dec 1685 - 24 Jun 1686 (21).JPG,0.8597281324,0.00,-1916,-1608,276,573,1475,147,834_12/E 190_834_12 Southampton 25 Dec 1685 - 24 Jun 1686 (21).JPG,2194.6,2270.6,1715.7,171.0
834/12,377,38213,E 190_834_12 Southampton 25 Dec 1685 - 24 Jun 1686 (27).JPG,0.7815710294,-180.00,-673,-1214,131,434,1397,104,834_12/E 190_834_12 Southampton 25 Dec 1685 - 24 Jun 1686 (27).JPG,420.6,1652.5,1787.4,133.1
834/12,378,38214,E 190_834_12 Southampton 25 Dec 1685 - 24 Jun 1686 (31).JPG,0.7775227123,-180.00,-1945,-577,267,325,1305,335,834_12/E 190_834_12 Southampton 25 Dec 1685 - 24 Jun 1686 (31).JPG,2222.3,693.1,1678.4,430.9
834/12,375,38211,E 190_834_12 Southampton 25 Dec 1685 - 24 Jun 1686 (32).JPG,0.8511308510,-180.00,-1956,-228,191,428,1541,143,834_12/E 190_834_12 Southampton 25 Dec 1685 - 24 Jun 1686 (32).JPG,2141.9,485.3,1810.5,168.0
834/12,376,38212,E 190_834_12 Southampton 25 Dec 1685 - 24 Jun 1686 (32).JPG,0.8511308510,-183.00,-1801,-1690,371,432,1528,163,834_12/E 190_834_12 Southampton 25 Dec 1685 - 24 Jun 1686 (32).JPG,2171.3,2207.7,1795.3,191.5
834/12,373,38209,E 190_834_12 Southampton 25 Dec 1685 - 24 Jun 1686 (33).JPG,0.7815710294,-180.00,-1729,-582,405,359,1296,83,834_12/E 190_834_12 Southampton 25 Dec 1685 - 24 Jun 1686 (33).JPG,2122.3,747.9,1658.2,106.2
834/12,374,38210,E 190_834_12 Southampton 25 Dec 1685 - 24 Jun 1686 (33).JPG,0.7815710294,-180.00,-1729,-582,405,635,1296,83,834_12/E 190_834_12 Southampton 25 Dec 1685 - 24 Jun 1686 (33).JPG,2122.3,1101.0,1658.2,106.2
834/12,371,38207,E 190_834_12 Southampton 25 Dec 1685 - 24 Jun 1686 (34).JPG,0.7815710294,-180.00,-1597,-1390,383,547,1360,118,834_12/E 190_834_12 Southampton 25 Dec 1685 - 24 Jun 1686 (34).JPG,1925.2,2022.2,1740.1,151.0
834/12,372,38208,E 190_834_12 Southampton 25 Dec 1685 - 24 Jun 1686 (34).JPG,0.8094169705,-180.00,-1616,-1588,394,483,1344,116,834_12/E 190_834_12 Southampton 25 Dec 1685 - 24 Jun 1686 (34).JPG,1970.9,2174.4,1660.5,143.3
834/13,1765,39656,E 190_834_13 Southampton 24 Jun 1685 - 25 Dec 1685 (2).JPG,0.7105191176,-3.00,-2143,-1612,168,355,1317,167,834_13/E 190_834_13 Southampton 24 Jun 1685 - 25 Dec 1685 (2).JPG,2366.0,2103.5,1853.6,235.0
834/5,335,38171,E 190_834_5 Southampton 25 Dec 1684 - 24 Jun 1685 (3).JPG,0.8597281324,0.00,-373,-1969,445,491,1413,135,834_5/E 190_834_5 Southampton 25 Dec 1684 - 24 Jun 1685 (3).JPG,596.4,2595.1,1643.5,157.0
834/5,336,38172,E 190_834_5 Southampton 25 Dec 1684 - 24 Jun 1685 (4).JPG,0.9176126818,0.00,-373,-496,156,215,1581,248,834_5/E 190_834_5 Southampton 25 Dec 1684 - 24 Jun 1685 (4).JPG,381.1,628.3,1722.9,270.3
834/5,337,38173,E 190_834_5 Southampton 25 Dec 1684 - 24 Jun 1685 (4).JPG,0.9176126818,0.00,-384,-711,156,215,1581,167,834_5/E 190_834_5 Southampton 25 Dec 1684 - 24 Jun 1685 (4).JPG,393.1,862.6,1722.9,182.0
834/5,338,38174,E 190_834_5 Southampton 25 Dec 1684 - 24 Jun 1685 (4).JPG,0.9176126818,3.00,-1952,-719,180,345,1624,210,834_5/E 190_834_5 Southampton 25 Dec 1684 - 24 Jun 1685 (4).JPG,2128.0,1013.0,1769.8,228.9
834/5,339,38175,E 190_834_5 Southampton 25 Dec 1684 - 24 Jun 1685 (8).JPG,0.7815710294,0.00,-1892,-1179,223,345,1539,164,834_5/E 190_834_5 Southampton 25 Dec 1684 - 24 Jun 1685 (8).JPG,2098.0,1493.8,1969.1,209.8
834/5,340,38176,E 190_834_5 Southampton 25 Dec 1684 - 24 Jun 1685 (12).JPG,0.7468852151,0.00,-722,-1823,163,413,1331,138,834_5/E 190_834_5 Southampton 25 Dec 1684 - 24 Jun 1685 (12).JPG,447.5,2440.7,1782.1,184.8
834/5,341,38177,E 190_834_5 Southampton 25 Dec 1684 - 24 Jun 1685 (13).JPG,0.7432662723,3.00,-1895,-948,306,379,1485,145,834_5/E 190_834_5 Southampton 25 Dec 1684 - 24 Jun 1685 (13).JPG,2209.6,1221.6,1997.9,195.1
834/5,342,38178,E 190_834_5 Southampton 25 Dec 1684 - 24 Jun 1685 (15).JPG,0.7815710294,0.00,-574,-1713,191,348,1414,167,834_5/E 190_834_5 Southampton 25 Dec 1684 - 24 Jun 1685 (15).JPG,370.7,2180.9,1809.2,213.7
834/5,343,38179,E 190_834_5 Southampton 25 Dec 1684 - 24 Jun 1685 (15).JPG,0.7815710294,-3.00,-1960,-1782,273,416,1545,183,834_5/E 190_834_5 Southampton 25 Dec 1684 - 24 Jun 1685 (15).JPG,2248.9,2356.2,1976.8,234.1
834/5,344,38180,E 190_834_5 Southampton 25 Dec 1684 - 24 Jun 1685 (16).JPG,0.7034139265,0.00,-586,-632,278,310,1267,147,834_5/E 190_834_5 Southampton 25 Dec 1684 - 24 Jun 1685 (16).JPG,310.8,651.1,1801.2,209.0
834/5,345,38181,E 190_834_5 Southampton 25 Dec 1684 - 24 Jun 1685 (17).JPG,0.8597281324,0.00,-429,-386,137,271,1554,194,834_5/E 190_834_5 Southampton 25 Dec 1684 - 24 Jun 1685 (17).JPG,303.3,497.9,1807.5,225.7
834/5,346,38182,E 190_834_5 Southampton 25 Dec 1684 - 24 Jun 1685 (17).JPG,0.9084365550,3.00,-417,-1332,128,346,1589,167,834_5/E 190_834_5 Southampton 25 Dec 1684 - 24 Jun 1685 (17).JPG,380.6,1682.6,1749.2,183.8
834/5,348,38184,E 190_834_5 Southampton 25 Dec 1684 - 24 Jun 1685 (36).JPG,0.7815710294,-180.00,-1987,-1357,185,437,1512,121,834_5/E 190_834_5 Southampton 25 Dec 1684 - 24 Jun 1685 (36).JPG,2170.9,1839.3,1934.6,154.8
834/5,347,38183,E 190_834_5 Southampton 25 Dec 1684 - 24 Jun 1685 (38).JPG,0.7815710294,-180.00,-496,-945,102,395,1601,136,834_5/E 190_834_5 Southampton 25 Dec 1684 - 24 Jun 1685 (38).JPG,157.0,1258.4,2048.4,174.0
834/7,1766,39657,E 190_834_7 Southampton 25 Dec 1685 - 24 Jun 1686 (7).JPG,0.9378852353,-3.00,-615,-720,26,381,1602,198,834_7/E 190_834_7 Southampton 25 Dec 1685 - 24 Jun 1686 (7).JPG,539.3,1065.8,1708.1,211.1
834/7,1767,39658,E 190_834_7 Southampton 25 Dec 1685 - 24 Jun 1686 (7).JPG,0.9378852353,-3.00,-565,-986,26,290,1665,190,834_7/E 190_834_7 Southampton 25 Dec 1685 - 24 Jun 1686 (7).JPG,486.0,1252.4,1775.3,202.6
835/1,225,38065,E 190_835_1 Southampton 25 Dec 1686 - 25 Dec 1687 (2).JPG,0.9503055372,-3.00,-2249,-2177,13,42,1634,102,835_1/E 190_835_1 Southampton 25 Dec 1686 - 25 Dec 1687 (2).JPG,2266.5,2249.7,1719.4,107.3
835/1,226,38066,E 190_835_1 Southampton 25 Dec 1686 - 25 Dec 1687 (3).JPG,0.7432662723,0.00,-2054,-1273,159,495,1359,91,835_1/E 190_835_1 Southampton 25 Dec 1686 - 25 Dec 1687 (3).JPG,2225.8,1815.0,1828.4,122.4
835/1,227,38067,E 190_835_1 Southampton 25 Dec 1686 - 25 Dec 1687 (5).JPG,0.7737553191,3.00,-607,-1378,129,305,1387,134,835_1/E 190_835_1 Southampton 25 Dec 1686 - 25 Dec 1687 (5).JPG,314.9,1697.9,1792.6,173.2
835/1,228,38068,E 190_835_1 Southampton 25 Dec 1686 - 25 Dec 1687 (5).JPG,0.7737553191,3.00,-606,-1459,129,305,1385,144,835_1/E 190_835_1 Southampton 25 Dec 1686 - 25 Dec 1687 (5).JPG,313.7,1802.6,1790.0,186.1
835/1,229,38069,E 190_835_1 Southampton 25 Dec 1686 - 25 Dec 1687 (9).JPG,0.7034139265,0.00,-1871,-1755,298,401,1273,95,835_1/E 190_835_1 Southampton 25 Dec 1686 - 25 Dec 1687 (9).JPG,2166.0,2376.9,1809.7,135.1
835/1,230,38070,E 190_835_1 Southampton 25 Dec 1686 - 25 Dec 1687 (17).JPG,0.6963797872,0.00,-776,-1906,127,413,1209,97,835_1/E 190_835_1 Southampton 25 Dec 1686 - 25 Dec 1687 (17).JPG,348.0,2618.5,1736.1,139.3
835/1,231,38071,E 190_835_1 Southampton 25 Dec 1686 - 25 Dec 1687 (17).JPG,0.5584269514,3.00,-1728,-869,469,220,992,80,835_1/E 190_835_1 Southampton 25 Dec 1686 - 25 Dec 1687 (17).JPG,2213.6,659.6,1776.4,143.3
835/1,232,38072,E 190_835_1 Southampton 25 Dec 1686 - 25 Dec 1687 (18).JPG,0.5338235294,0.00,-901,-1462,286,375,942,149,835_1/E 190_835_1 Southampton 25 Dec 1686 - 25 Dec 1687 (18).JPG,323.3,2016.0,1764.6,279.1
835/1,233,38073,E 190_835_1 Southampton 25 Dec 1686 - 25 Dec 1687 (19).JPG,0.6459264706,0.00,-788,-1259,213,491,1125,88,835_1/E 190_835_1 Southampton 25 Dec 1686 - 25 Dec 1687 (19).JPG,356.9,1814.7,1741.7,136.2
835/1,234,38074,E 190_835_1 Southampton 25 Dec 1686 - 25 Dec 1687 (22).JPG,0.6894159893,3.00,-716,-1520,90,477,1311,245,835_1/E 190_835_1 Southampton 25 Dec 1686 - 25 Dec 1687 (22).JPG,188.8,2161.4,1901.6,355.4
835/1,235,38075,E 190_835_1 Southampton 25 Dec 1686 - 25 Dec 1687 (24).JPG,0.9268814968,3.00,-499,-798,49,325,1662,122,835_1/E 190_835_1 Southampton 25 Dec 1686 - 25 Dec 1687 (24).JPG,419.6,1082.8,1793.1,131.6
835/1,236,38076,E 190_835_1 Southampton 25 Dec 1686 - 25 Dec 1687 (24).JPG,0.8258514136,3.00,-645,-1135,77,411,1463,173,835_1/E 190_835_1 Southampton 25 Dec 1686 - 25 Dec 1687 (24).JPG,415.4,1527.9,1771.5,209.5
835/1,237,38076,E 190_835_1 Southampton 25 Dec 1686 - 25 Dec 1687 (24).JPG,0.9992802105,3.00,-569,-1417,77,411,1463,173,835_1/E 190_835_1 Southampton 25 Dec 1686 - 25 Dec 1687 (24).JPG,644.9,1828.1,1464.1,173.1
835/1,238,38077,E 190_835_1 Southampton 25 Dec 1686 - 25 Dec 1687 (26).JPG,0.8426195425,0.00,-369,-977,282,409,1477,124,835_1/E 190_835_1 Southampton 25 Dec 1686 - 25 Dec 1687 (26).JPG,366.2,1340.1,1752.9,147.2
835/1,239,38078,E 190_835_1 Southampton 25 Dec 1686 - 25 Dec 1687 (26).JPG,0.8426195425,0.00,-607,-1972,74,232,1478,100,835_1/E 190_835_1 Southampton 25 Dec 1686 - 25 Dec 1687 (26).JPG,401.8,2310.8,1754.1,118.7
835/1,240,38079,E 190_835_1 Southampton 25 Dec 1686 - 25 Dec 1687 (28).JPG,0.7737553191,0.00,-593,-411,163,409,1375,139,835_1/E 190_835_1 Southampton 25 Dec 1686 - 25 Dec 1687 (28).JPG,340.8,582.6,1777.0,179.6
835/1,241,38080,E 190_835_1 Southampton 25 Dec 1686 - 25 Dec 1687 (31).JPG,0.8426195425,0.00,-524,-659,175,457,1478,134,835_1/E 190_835_1 Southampton 25 Dec 1686 - 25 Dec 1687 (31).JPG,423.1,1019.6,1754.1,159.0
835/1,242,38081,E 190_835_1 Southampton 25 Dec 1686 - 25 Dec 1687 (31).JPG,0.8426195425,3.00,-426,-1882,260,400,1466,101,835_1/E 190_835_1 Southampton 25 Dec 1686 - 25 Dec 1687 (31).JPG,407.7,2403.4,1739.8,119.9
835/1,243,38082,E 190_835_1 Southampton 25 Dec 1686 - 25 Dec 1687 (31).JPG,0.8426195425,3.00,-426,-1882,263,472,1466,101,835_1/E 190_835_1 Southampton 25 Dec 1686 - 25 Dec 1687 (31).JPG,411.3,2488.9,1739.8,119.9
835/1,244,38083,E 190_835_1 Southampton 25 Dec 1686 - 25 Dec 1687 (37).JPG,0.5872058824,0.00,-720,-961,373,440,1053,106,835_1/E 190_835_1 Southampton 25 Dec 1686 - 25 Dec 1687 (37).JPG,331.7,1238.6,1793.2,180.5
835/1,245,38084,E 190_835_1 Southampton 25 Dec 1686 - 25 Dec 1687 (38).JPG,0.6330725338,3.00,-873,-1789,84,373,1158,104,835_1/E 190_835_1 Southampton 25 Dec 1686 - 25 Dec 1687 (38).JPG,250.5,2469.2,1829.2,164.3
835/1,246,38085,E 190_835_1 Southampton 25 Dec 1686 - 25 Dec 1687 (44).JPG,0.6459264706,0.00,-1807,-857,344,344,1179,156,835_1/E 190_835_1 Southampton 25 Dec 1686 - 25 Dec 1687 (44).JPG,2137.3,964.7,1825.3,241.5
835/1,247,38086,E 190_835_1 Southampton 25 Dec 1686 - 25 Dec 1687 (44).JPG,0.6459264706,0.00,-1807,-857,338,456,1179,156,835_1/E 190_835_1 Southampton 25 Dec 1686 - 25 Dec 1687 (44).JPG,2128.0,1138.1,1825.3,241.5
835/1,248,38087,E 190_835_1 Southampton 25 Dec 1686 - 25 Dec 1687 (52).JPG,0.7105191176,0.00,-1804,-955,354,428,1322,121,835_1/E 190_835_1 Southampton 25 Dec 1686 - 25 Dec 1687 (52).JPG,2150.7,1281.6,1860.6,170.3
835/1,249,38088,E 190_835_1 Southampton 25 Dec 1686 - 25 Dec 1687 (53).JPG,0.5872058824,0.00,-1591,-1208,568,310,1098,109,835_1/E 190_835_1 Southampton 25 Dec 1686 - 25 Dec 1687 (53).JPG,2147.0,1437.9,1869.9,185.6
835/1,250,38089,E 190_835_1 Southampton 25 Dec 1686 - 25 Dec 1687 (53).JPG,0.7432662723,-3.00,-1946,-1518,250,315,1366,347,835_1/E 190_835_1 Southampton 25 Dec 1686 - 25 Dec 1687 (53).JPG,2202.9,1902.4,1837.8,466.9
835/1,251,38090,E 190_835_1 Southampton 25 Dec 1686 - 25 Dec 1687 (58).JPG,0.6459264706,0.00,-790,-1608,314,477,1103,144,835_1/E 190_835_1 Southampton 25 Dec 1686 - 25 Dec 1687 (58).JPG,516.4,2333.3,1707.6,222.9
835/6,1768,39659,E 190_835_6 Southampton 25 Dec 1686 - 25 Dec 1687 (5).JPG,1.1442981442,0.00,-276,-505,3,291,1799,167,835_6/E 190_835_6 Southampton 25 Dec 1686 - 25 Dec 1687 (5).JPG,518.2,901.4,1572.1,145.9
835/6,1769,39660,E 190_835_6 Southampton 25 Dec 1686 - 25 Dec 1687 (5).JPG,1.1442981442,0.00,-277,-1329,3,460,1797,165,835_6/E 190_835_6 Southampton 25 Dec 1686 - 25 Dec 1687 (5).JPG,519.1,1769.2,1570.4,144.2
835/7,252,38091,E 190_835_7 Southampton 25 Dec 1687 - 25 Dec 1688 (3).JPG,0.5338235294,-3.00,-1583,-993,650,188,980,89,835_7/E 190_835_7 Southampton 25 Dec 1687 - 25 Dec 1688 (3).JPG,2282.8,787.2,1835.8,166.7
835/7,253,38092,E 190_835_7 Southampton 25 Dec 1687 - 25 Dec 1688 (4).JPG,0.5872058824,-3.00,-1527,-1659,748,312,1010,119,835_7/E 190_835_7 Southampton 25 Dec 1687 - 25 Dec 1688 (4).JPG,2344.6,2209.3,1720.0,202.7
835/7,254,38093,E 190_835_7 Southampton 25 Dec 1687 - 25 Dec 1688 (6).JPG,0.6459264706,3.00,-613,-1711,382,507,1166,123,835_7/E 190_835_7 Southampton 25 Dec 1687 - 25 Dec 1688 (6).JPG,347.6,2539.2,1805.2,190.4
835/7,255,38094,E 190_835_7 Southampton 25 Dec 1687 - 25 Dec 1688 (6).JPG,0.6459264706,0.00,-1782,-684,469,250,1223,122,835_7/E 190_835_7 Southampton 25 Dec 1687 - 25 Dec 1688 (6).JPG,2292.1,551.4,1893.4,188.9
835/7,256,38095,E 190_835_7 Southampton 25 Dec 1687 - 25 Dec 1688 (9).JPG,0.5872058824,3.00,-743,-852,328,384,1065,101,835_7/E 190_835_7 Southampton 25 Dec 1687 - 25 Dec 1688 (9).JPG,294.2,957.6,1813.7,172.0
835/7,257,38096,E 190_835_7 Southampton 25 Dec 1687 - 25 Dec 1688 (9).JPG,0.8258514136,-3.00,-1910,-348,328,430,1459,203,835_7/E 190_835_7 Southampton 25 Dec 1687 - 25 Dec 1688 (9).JPG,2251.1,597.9,1766.7,245.8
835/7,258,38097,E 190_835_7 Southampton 25 Dec 1687 - 25 Dec 1688 (12).JPG,0.6459264706,-3.00,-1641,-839,530,312,1208,107,835_7/E 190_835_7 Southampton 25 Dec 1687 - 25 Dec 1688 (12).JPG,2168.3,887.3,1870.2,165.7
835/7,259,38098,E 190_835_7 Southampton 25 Dec 1687 - 25 Dec 1688 (12).JPG,0.6459264706,-6.00,-1828,-1616,399,511,1221,129,835_7/E 190_835_7 Southampton 25 Dec 1687 - 25 Dec 1688 (12).JPG,2255.0,2398.3,1890.3,199.7
835/7,260,38099,E 190_835_7 Southampton 25 Dec 1687 - 25 Dec 1688 (16).JPG,0.6459264706,-6.00,-1863,-1676,341,478,1177,102,835_7/E 190_835_7 Southampton 25 Dec 1687 - 25 Dec 1688 (16).JPG,2219.3,2440.1,1822.2,157.9
835/7,261,38100,E 190_835_7 Southampton 25 Dec 1687 - 25 Dec 1688 (17).JPG,0.5338235294,0.00,-1637,-884,591,250,1011,97,835_7/E 190_835_7 Southampton 25 Dec 1687 - 25 Dec 1688 (17).JPG,2273.4,699.1,1893.9,181.7
835/7,262,38101,E 190_835_7 Southampton 25 Dec 1687 - 25 Dec 1688 (17).JPG,0.5338235294,0.00,-1548,-959,687,265,1003,82,835_7/E 190_835_7 Southampton 25 Dec 1687 - 25 Dec 1688 (17).JPG,2286.5,867.7,1878.9,153.6
835/7,263,38102,E 190_835_7 Southampton 25 Dec 1687 - 25 Dec 1688 (21).JPG,0.6459264706,-6.00,-1691,-1361,508,382,1148,117,835_7/E 190_835_7 Southampton 25 Dec 1687 - 25 Dec 1688 (21).JPG,2211.6,1803.8,1777.3,181.1
835/7,264,38103,E 190_835_7 Southampton 25 Dec 1687 - 25 Dec 1688 (22).JPG,0.7815710294,-6.00,-1950,-1856,375,479,1333,139,835_7/E 190_835_7 Southampton 25 Dec 1687 - 25 Dec 1688 (22).JPG,2366.6,2531.5,1705.5,177.8
835/7,265,38104,E 190_835_7 Southampton 25 Dec 1687 - 25 Dec 1688 (25).JPG,0.7105191176,0.00,-1792,-1086,446,473,1231,173,835_7/E 190_835_7 Southampton 25 Dec 1687 - 25 Dec 1688 (25).JPG,2263.3,1529.3,1732.5,243.5
835/7,266,38105,E 190_835_7 Southampton 25 Dec 1687 - 25 Dec 1688 (26).JPG,0.7815710294,0.00,-541,-400,245,386,1350,295,835_7/E 190_835_7 Southampton 25 Dec 1687 - 25 Dec 1688 (26).JPG,397.5,549.6,1727.3,377.4
835/7,268,38107,E 190_835_7 Southampton 25 Dec 1687 - 25 Dec 1688 (26).JPG,0.7105191176,0.00,-1815,-1194,357,558,1347,118,835_7/E 190_835_7 Southampton 25 Dec 1687 - 25 Dec 1688 (26).JPG,2170.4,1800.9,1895.8,166.1
835/7,267,38106,E 190_835_7 Southampton 25 Dec 1687 - 25 Dec 1688 (27).JPG,0.6204743904,0.00,-806,-1290,212,509,1154,102,835_7/E 190_835_7 Southampton 25 Dec 1687 - 25 Dec 1688 (27).JPG,309.7,1901.1,1859.9,164.4
835/7,269,38108,E 190_835_7 Southampton 25 Dec 1687 - 25 Dec 1688 (32).JPG,0.6459264706,0.00,-1795,-1413,464,318,1166,130,835_7/E 190_835_7 Southampton 25 Dec 1687 - 25 Dec 1688 (32).JPG,2304.5,1785.3,1805.2,201.3
835/7,270,38109,E 190_835_7 Southampton 25 Dec 1687 - 25 Dec 1688 (37).JPG,0.5284852941,0.00,-839,-876,354,511,997,99,835_7/E 190_835_7 Southampton 25 Dec 1687 - 25 Dec 1688 (37).JPG,316.0,1168.4,1886.5,187.3
835/7,271,38110,E 190_835_7 Southampton 25 Dec 1687 - 25 Dec 1688 (60).JPG,0.7815710294,0.00,-1858,-1129,367,421,1405,136,835_7/E 190_835_7 Southampton 25 Dec 1687 - 25 Dec 1688 (60).JPG,2238.7,1527.1,1797.7,174.0
835/7,272,38111,E 190_835_7 Southampton 25 Dec 1687 - 25 Dec 1688 (62).JPG,0.5338235294,0.00,-842,-1292,337,390,958,101,835_7/E 190_835_7 Southampton 25 Dec 1687 - 25 Dec 1688 (62).JPG,308.3,1725.7,1794.6,189.2
836/10,468,38322,E 190_836_10 Southampton 24 Jun 1693 - 25 Dec 1693 (3).JPG,0.6459264706,0.00,-635,-858,324,440,1156,109,836_10/E 190_836_10 Southampton 24 Jun 1693 - 25 Dec 1693 (3).JPG,291.9,1114.9,1789.7,168.7
836/10,469,38333,E 190_836_10 Southampton 24 Jun 1693 - 25 Dec 1693 (4).JPG,0.5872058824,0.00,-778,-1473,297,343,1053,163,836_10/E 190_836_10 Southampton 24 Jun 1693 - 25 Dec 1693 (4).JPG,301.0,1945.3,1793.2,277.6
836/10,470,38334,E 190_836_10 Southampton 24 Jun 1693 - 25 Dec 1693 (8).JPG,0.6459264706,0.00,-659,-1023,265,500,1171,111,836_10/E 190_836_10 Southampton 24 Jun 1693 - 25 Dec 1693 (8).JPG,237.7,1463.3,1812.9,171.8
836/10,471,38335,E 190_836_10 Southampton 24 Jun 1693 - 25 Dec 1693 (9).JPG,0.7284752734,0.00,-1752,-1471,363,536,1286,161,836_10/E 190_836_10 Southampton 24 Jun 1693 - 25 Dec 1693 (9).JPG,2092.3,2146.8,1765.3,221.0
836/10,472,38336,E 190_836_10 Southampton 24 Jun 1693 - 25 Dec 1693 (11).JPG,0.7105191176,0.00,-1604,-1563,497,464,1263,158,836_10/E 190_836_10 Southampton 24 Jun 1693 - 25 Dec 1693 (11).JPG,2070.4,2187.9,1777.6,222.4
836/10,473,38337,E 190_836_10 Southampton 24 Jun 1693 - 25 Dec 1693 (11).JPG,0.7105191176,0.00,-1592,-1684,497,464,1263,158,836_10/E 190_836_10 Southampton 24 Jun 1693 - 25 Dec 1693 (11).JPG,2053.6,2358.2,1777.6,222.4
836/10,474,38338,E 190_836_10 Southampton 24 Jun 1693 - 25 Dec 1693 (12).JPG,0.7815710294,0.00,-514,-1381,147,362,1429,198,836_10/E 190_836_10 Southampton 24 Jun 1693 - 25 Dec 1693 (12).JPG,237.6,1774.0,1828.4,253.3
836/10,475,38339,E 190_836_10 Southampton 24 Jun 1693 - 25 Dec 1693 (12).JPG,0.8726405301,0.00,-365,-1598,147,362,1564,134,836_10/E 190_836_10 Southampton 24 Jun 1693 - 25 Dec 1693 (12).JPG,269.1,2007.9,1792.3,153.6
836/10,476,38340,E 190_836_10 Southampton 24 Jun 1693 - 25 Dec 1693 (15).JPG,0.8597281324,0.00,-412,-1736,140,517,1542,133,836_10/E 190_836_10 Southampton 24 Jun 1693 - 25 Dec 1693 (15).JPG,287.0,2354.3,1793.6,154.7
836/10,477,38341,E 190_836_10 Southampton 24 Jun 1693 - 25 Dec 1693 (16).JPG,0.6459264706,-3.00,-578,-551,390,353,1099,155,836_10/E 190_836_10 Southampton 24 Jun 1693 - 25 Dec 1693 (16).JPG,305.8,504.9,1701.4,240.0
836/10,478,38342,E 190_836_10 Southampton 24 Jun 1693 - 25 Dec 1693 (16).JPG,0.6459264706,0.00,-1626,-1154,476,393,1151,106,836_10/E 190_836_10 Southampton 24 Jun 1693 - 25 Dec 1693 (16).JPG,2061.4,1500.4,1781.9,164.1
836/10,479,38343,E 190_836_10 Southampton 24 Jun 1693 - 25 Dec 1693 (16).JPG,0.6459264706,0.00,-1643,-1585,476,393,1151,106,836_10/E 190_836_10 Southampton 24 Jun 1693 - 25 Dec 1693 (16).JPG,2087.8,2167.7,1781.9,164.1
836/10,480,38344,E 190_836_10 Southampton 24 Jun 1693 - 25 Dec 1693 (16).JPG,0.6459264706,0.00,-1641,-1666,476,393,1151,106,836_10/E 190_836_10 Southampton 24 Jun 1693 - 25 Dec 1693 (16).JPG,2084.7,2293.1,1781.9,164.1
836/10,481,38345,E 190_836_10 Southampton 24 Jun 1693 - 25 Dec 1693 (16).JPG,0.6459264706,0.00,-1644,-1754,476,393,1151,106,836_10/E 190_836_10 Southampton 24 Jun 1693 - 25 Dec 1693 (16).JPG,2089.3,2429.3,1781.9,164.1
836/10,482,38346,E 190_836_10 Southampton 24 Jun 1693 - 25 Dec 1693 (17).JPG,0.6459264706,3.00,-1532,-1059,585,448,1131,111,836_10/E 190_836_10 Southampton 24 Jun 1693 - 25 Dec 1693 (17).JPG,2084.7,1438.5,1751.0,171.8
836/10,483,38347,E 190_836_10 Southampton 24 Jun 1693 - 25 Dec 1693 (17).JPG,0.8426195425,3.00,-1757,-1582,358,364,1449,137,836_10/E 190_836_10 Southampton 24 Jun 1693 - 25 Dec 1693 (17).JPG,2103.6,2004.6,1719.6,162.6
836/10,484,38348,E 190_836_10 Southampton 24 Jun 1693 - 25 Dec 1693 (18).JPG,0.6459264706,-3.00,-561,-1226,453,333,1136,126,836_10/E 190_836_10 Southampton 24 Jun 1693 - 25 Dec 1693 (18).JPG,377.0,1519.0,1758.7,195.1
836/10,485,38349,E 190_836_10 Southampton 24 Jun 1693 - 25 Dec 1693 (28).JPG,0.8597281324,-180.00,-1991,-1668,271,616,1485,139,836_10/E 190_836_10 Southampton 24 Jun 1693 - 25 Dec 1693 (28).JPG,2276.0,2390.4,1727.3,161.7
836/2,273,38112,E 190_836_2 Southampton 25 Dec 1691 - 24 Jun 1692 (3).JPG,0.7105191176,-3.00,-1671,-1345,554,556,1182,129,836_2/E 190_836_2 Southampton 25 Dec 1691 - 24 Jun 1692 (3).JPG,2245.0,2010.6,1663.6,181.6
836/2,274,38113,E 190_836_2 Southampton 25 Dec 1691 - 24 Jun 1692 (5).JPG,0.6267418085,-3.00,-552,-901,581,288,1063,120,836_2/E 190_836_2 Southampton 25 Dec 1691 - 24 Jun 1692 (5).JPG,511.8,925.2,1696.1,191.5
836/2,275,38114,E 190_836_2 Southampton 25 Dec 1691 - 24 Jun 1692 (5).JPG,0.5872058824,3.00,-1720,-857,548,253,1070,108,836_2/E 190_836_2 Southampton 25 Dec 1691 - 24 Jun 1692 (5).JPG,2332.7,743.0,1822.2,183.9
836/2,276,38115,E 190_836_2 Southampton 25 Dec 1691 - 24 Jun 1692 (5).JPG,0.7068388293,3.00,-1746,-757,543,374,1270,126,836_2/E 190_836_2 Southampton 25 Dec 1691 - 24 Jun 1692 (5).JPG,2335.9,923.2,1796.7,178.3
836/2,277,38116,E 190_836_2 Southampton 25 Dec 1691 - 24 Jun 1692 (6).JPG,0.6459264706,0.00,-1524,-1326,637,506,1120,118,836_2/E 190_836_2 Southampton 25 Dec 1691 - 24 Jun 1692 (6).JPG,2152.8,1941.6,1733.9,182.7
836/2,278,38117,E 190_836_2 Southampton 25 Dec 1691 - 24 Jun 1692 (7).JPG,0.7105191176,0.00,-538,-737,388,298,1186,108,836_2/E 190_836_2 Southampton 25 Dec 1691 - 24 Jun 1692 (7).JPG,416.7,791.8,1669.2,152.0
836/2,279,38118,E 190_836_2 Southampton 25 Dec 1691 - 24 Jun 1692 (7).JPG,0.7105191176,0.00,-538,-737,393,391,1186,108,836_2/E 190_836_2 Southampton 25 Dec 1691 - 24 Jun 1692 (7).JPG,423.8,922.7,1669.2,152.0
836/2,280,38119,E 190_836_2 Southampton 25 Dec 1691 - 24 Jun 1692 (8).JPG,0.7815710294,0.00,-504,-398,355,472,1288,160,836_2/E 190_836_2 Southampton 25 Dec 1691 - 24 Jun 1692 (8).JPG,490.9,657.0,1648.0,204.7
836/2,281,38120,E 190_836_2 Southampton 25 Dec 1691 - 24 Jun 1692 (8).JPG,0.6459264706,0.00,-1721,-1342,424,285,1131,141,836_2/E 190_836_2 Southampton 25 Dec 1691 - 24 Jun 1692 (8).JPG,2128.0,1624.3,1751.0,218.3
836/2,282,38121,E 190_836_2 Southampton 25 Dec 1691 - 24 Jun 1692 (10).JPG,0.5872058824,0.00,-853,-1259,258,518,1005,131,836_2/E 190_836_2 Southampton 25 Dec 1691 - 24 Jun 1692 (10).JPG,362.3,1878.9,1711.5,223.1
836/2,283,38121,E 190_836_2 Southampton 25 Dec 1691 - 24 Jun 1692 (10).JPG,0.6459264706,0.00,-1662,-715,469,331,1160,124,836_2/E 190_836_2 Southampton 25 Dec 1691 - 24 Jun 1692 (10).JPG,2106.3,724.8,1795.9,192.0
836/2,284,38122,E 190_836_2 Southampton 25 Dec 1691 - 24 Jun 1692 (10).JPG,0.6459264706,0.00,-1662,-715,469,331,1160,124,836_2/E 190_836_2 Southampton 25 Dec 1691 - 24 Jun 1692 (10).JPG,2106.3,724.8,1795.9,192.0
836/2,285,38122,E 190_836_2 Southampton 25 Dec 1691 - 24 Jun 1692 (10).JPG,0.7583575883,0.00,-1726,-1743,371,246,1409,137,836_2/E 190_836_2 Southampton 25 Dec 1691 - 24 Jun 1692 (10).JPG,2071.8,2102.8,1858.0,180.7
836/2,286,38123,E 190_836_2 Southampton 25 Dec 1691 - 24 Jun 1692 (10).JPG,0.7583575883,0.00,-1726,-1743,371,246,1409,137,836_2/E 190_836_2 Southampton 25 Dec 1691 - 24 Jun 1692 (10).JPG,2071.8,2102.8,1858.0,180.7
836/2,287,38124,E 190_836_2 Southampton 25 Dec 1691 - 24 Jun 1692 (11).JPG,0.7105191176,0.00,-600,-1282,343,375,1207,127,836_2/E 190_836_2 Southampton 25 Dec 1691 - 24 Jun 1692 (11).JPG,440.6,1667.2,1698.8,178.7
836/2,288,38125,E 190_836_2 Southampton 25 Dec 1691 - 24 Jun 1692 (11).JPG,0.7105191176,0.00,-1803,-1550,380,214,1238,111,836_2/E 190_836_2 Southampton 25 Dec 1691 - 24 Jun 1692 (11).JPG,2185.9,1817.8,1742.4,156.2
836/2,289,38126,E 190_836_2 Southampton 25 Dec 1691 - 24 Jun 1692 (11).JPG,0.7105191176,0.00,-1803,-1550,387,328,1238,111,836_2/E 190_836_2 Southampton 25 Dec 1691 - 24 Jun 1692 (11).JPG,2195.7,1978.2,1742.4,156.2
836/2,290,38127,E 190_836_2 Southampton 25 Dec 1691 - 24 Jun 1692 (12).JPG,0.6459264706,0.00,-747,-954,299,411,1129,121,836_2/E 190_836_2 Southampton 25 Dec 1691 - 24 Jun 1692 (12).JPG,426.6,1218.6,1747.9,187.3
836/2,291,38128,E 190_836_2 Southampton 25 Dec 1691 - 24 Jun 1692 (12).JPG,0.6459264706,3.00,-1763,-801,439,295,1169,92,836_2/E 190_836_2 Southampton 25 Dec 1691 - 24 Jun 1692 (12).JPG,2216.3,802.2,1809.8,142.4
836/2,292,38129,E 190_836_2 Southampton 25 Dec 1691 - 24 Jun 1692 (12).JPG,0.6459264706,0.00,-1703,-1328,461,441,1183,134,836_2/E 190_836_2 Southampton 25 Dec 1691 - 24 Jun 1692 (12).JPG,2157.4,1844.1,1831.5,207.5
836/2,293,38130,E 190_836_2 Southampton 25 Dec 1691 - 24 Jun 1692 (13).JPG,0.7105191176,-3.00,-714,-695,292,272,1172,140,836_2/E 190_836_2 Southampton 25 Dec 1691 - 24 Jun 1692 (13).JPG,529.3,696.1,1649.5,197.0
836/2,294,38131,E 190_836_2 Southampton 25 Dec 1691 - 24 Jun 1692 (14).JPG,0.5872058824,0.00,-1604,-1198,564,372,1033,99,836_2/E 190_836_2 Southampton 25 Dec 1691 - 24 Jun 1692 (14).JPG,2162.4,1526.4,1759.2,168.6
836/2,295,38132,E 190_836_2 Southampton 25 Dec 1691 - 24 Jun 1692 (15).JPG,0.6459264706,0.00,-579,-1351,485,466,1093,122,836_2/E 190_836_2 Southampton 25 Dec 1691 - 24 Jun 1692 (15).JPG,454.4,1918.4,1692.1,188.9
836/2,296,38133,E 190_836_2 Southampton 25 Dec 1691 - 24 Jun 1692 (15).JPG,0.6459264706,0.00,-1703,-934,485,466,1093,122,836_2/E 190_836_2 Southampton 25 Dec 1691 - 24 Jun 1692 (15).JPG,2194.6,1272.8,1692.1,188.9
836/2,297,38134,E 190_836_2 Southampton 25 Dec 1691 - 24 Jun 1692 (16).JPG,0.5872058824,0.00,-813,-909,376,437,1014,122,836_2/E 190_836_2 Southampton 25 Dec 1691 - 24 Jun 1692 (16).JPG,495.2,1144.9,1726.8,207.8
836/2,298,38135,E 190_836_2 Southampton 25 Dec 1691 - 24 Jun 1692 (25).JPG,0.4411764706,180.00,-1264,-998,902,221,788,227,836_2/E 190_836_2 Southampton 25 Dec 1691 - 24 Jun 1692 (25).JPG,2153.3,695.9,1786.1,514.5
836/3,871,38756,E 190_836_3 THE PORT OF SOUTHAMPTON. Port: Portsmouth Official: Customer and Controller Coastal. 25 Dec 1691 - 24 Jun 1692 IMG_0594.JPG,0.8426195425,-3.00,-1806,-1673,468,496,1272,130,836_3/E 190_836_3 THE PORT OF SOUTHAMPTON. Port: Portsmouth Official: Customer and Controller Coastal. 25 Dec 1691 - 24 Jun 1692 IMG_0594.JPG,2292.3,2269.3,1509.6,154.3
836/5,402,38238,E 190_836_5 Southampton 25 Dec 1692 - 24 Jun 1693 (3).JPG,0.7815710294,-3.00,-499,-713,401,511,1186,118,836_5/E 190_836_5 Southampton 25 Dec 1692 - 24 Jun 1693 (3).JPG,543.4,1110.0,1517.5,151.0
836/5,403,38239,E 190_836_5 Southampton 25 Dec 1692 - 24 Jun 1693 (4).JPG,0.9793945343,-3.00,-182,-496,328,219,1531,174,836_5/E 190_836_5 Southampton 25 Dec 1692 - 24 Jun 1693 (4).JPG,474.9,695.7,1563.2,177.7
836/5,404,38240,E 190_836_5 Southampton 25 Dec 1692 - 24 Jun 1693 (5).JPG,0.9330272547,0.00,-285,-1036,179,441,1635,160,836_5/E 190_836_5 Southampton 25 Dec 1692 - 24 Jun 1693 (5).JPG,341.1,1465.9,1752.4,171.5
836/5,405,38241,E 190_836_5 Southampton 25 Dec 1692 - 24 Jun 1693 (7).JPG,0.7815710294,0.00,-1759,-1105,327,393,1407,161,836_5/E 190_836_5 Southampton 25 Dec 1692 - 24 Jun 1693 (7).JPG,2060.8,1460.6,1800.2,206.0
836/5,406,38242,E 190_836_5 Southampton 25 Dec 1692 - 24 Jun 1693 (7).JPG,0.7815710294,0.00,-1680,-1691,411,312,1393,134,836_5/E 190_836_5 Southampton 25 Dec 1692 - 24 Jun 1693 (7).JPG,2067.2,2106.7,1782.3,171.4
836/5,407,38243,E 190_836_5 Southampton 25 Dec 1692 - 24 Jun 1693 (8).JPG,0.7105191176,0.00,-583,-1058,271,357,1259,124,836_5/E 190_836_5 Southampton 25 Dec 1692 - 24 Jun 1693 (8).JPG,315.4,1326.6,1771.9,174.5
836/5,408,38244,E 190_836_5 Southampton 25 Dec 1692 - 24 Jun 1693 (8).JPG,0.8597281324,3.00,-272,-1897,345,354,1446,148,836_5/E 190_836_5 Southampton 25 Dec 1692 - 24 Jun 1693 (8).JPG,362.6,2352.0,1681.9,172.1
836/5,409,38245,E 190_836_5 Southampton 25 Dec 1692 - 24 Jun 1693 (8).JPG,0.8597281324,3.00,-283,-2027,345,354,1446,148,836_5/E 190_836_5 Southampton 25 Dec 1692 - 24 Jun 1693 (8).JPG,375.4,2503.2,1681.9,172.1
836/5,410,38246,E 190_836_5 Southampton 25 Dec 1692 - 24 Jun 1693 (8).JPG,0.8597281324,3.00,-1721,-622,401,118,1459,215,836_5/E 190_836_5 Southampton 25 Dec 1692 - 24 Jun 1693 (8).JPG,2113.2,594.5,1697.0,250.1
836/5,411,38247,E 190_836_5 Southampton 25 Dec 1692 - 24 Jun 1693 (8).JPG,0.8597281324,0.00,-1720,-1943,401,118,1454,183,836_5/E 190_836_5 Southampton 25 Dec 1692 - 24 Jun 1693 (8).JPG,2112.0,2131.0,1691.2,212.9
836/5,412,38248,E 190_836_5 Southampton 25 Dec 1692 - 24 Jun 1693 (9).JPG,0.7815710294,0.00,-344,-1463,369,361,1388,163,836_5/E 190_836_5 Southampton 25 Dec 1692 - 24 Jun 1693 (9).JPG,304.1,1877.7,1775.9,208.6
836/5,413,38249,E 190_836_5 Southampton 25 Dec 1692 - 24 Jun 1693 (9).JPG,0.7815710294,0.00,-352,-1591,369,361,1381,198,836_5/E 190_836_5 Southampton 25 Dec 1692 - 24 Jun 1693 (9).JPG,314.4,2041.4,1767.0,253.3
836/5,414,38250,E 190_836_5 Southampton 25 Dec 1692 - 24 Jun 1693 (9).JPG,0.7815710294,3.00,-1649,-1050,428,180,1418,128,836_5/E 190_836_5 Southampton 25 Dec 1692 - 24 Jun 1693 (9).JPG,2049.3,1117.7,1814.3,163.8
836/5,415,38251,E 190_836_5 Southampton 25 Dec 1692 - 24 Jun 1693 (9).JPG,0.7815710294,3.00,-1660,-1272,428,180,1418,128,836_5/E 190_836_5 Southampton 25 Dec 1692 - 24 Jun 1693 (9).JPG,2063.4,1401.7,1814.3,163.8
836/5,416,38252,E 190_836_5 Southampton 25 Dec 1692 - 24 Jun 1693 (10).JPG,0.7815710294,0.00,-383,-813,337,189,1372,191,836_5/E 190_836_5 Southampton 25 Dec 1692 - 24 Jun 1693 (10).JPG,313.1,825.9,1755.4,244.4
836/5,417,38253,E 190_836_5 Southampton 25 Dec 1692 - 24 Jun 1693 (10).JPG,0.7211905207,0.00,-391,-1530,414,346,1288,142,836_5/E 190_836_5 Southampton 25 Dec 1692 - 24 Jun 1693 (10).JPG,275.0,1970.3,1785.9,196.9
836/5,418,38254,E 190_836_5 Southampton 25 Dec 1692 - 24 Jun 1693 (11).JPG,0.5755204853,0.00,-754,-1574,332,409,1030,106,836_5/E 190_836_5 Southampton 25 Dec 1692 - 24 Jun 1693 (11).JPG,282.1,2241.9,1789.7,184.2
836/5,419,38255,E 190_836_5 Southampton 25 Dec 1692 - 24 Jun 1693 (11).JPG,0.5755204853,0.00,-1749,-763,332,409,1030,106,836_5/E 190_836_5 Southampton 25 Dec 1692 - 24 Jun 1693 (11).JPG,2010.9,832.7,1789.7,184.2
836/5,420,38256,E 190_836_5 Southampton 25 Dec 1692 - 24 Jun 1693 (11).JPG,0.5755204853,0.00,-1754,-856,332,409,1030,106,836_5/E 190_836_5 Southampton 25 Dec 1692 - 24 Jun 1693 (11).JPG,2019.6,994.3,1789.7,184.2
836/5,421,38257,E 190_836_5 Southampton 25 Dec 1692 - 24 Jun 1693 (12).JPG,0.7105191176,0.00,-655,-1458,188,452,1256,117,836_5/E 190_836_5 Southampton 25 Dec 1692 - 24 Jun 1693 (12).JPG,299.9,2023.3,1767.7,164.7
836/5,422,38258,E 190_836_5 Southampton 25 Dec 1692 - 24 Jun 1693 (12).JPG,0.7105191176,0.00,-664,-1560,188,452,1256,117,836_5/E 190_836_5 Southampton 25 Dec 1692 - 24 Jun 1693 (12).JPG,312.6,2166.8,1767.7,164.7
836/5,423,38259,E 190_836_5 Southampton 25 Dec 1692 - 24 Jun 1693 (12).JPG,0.7105191176,3.00,-1780,-878,318,260,1256,117,836_5/E 190_836_5 Southampton 25 Dec 1692 - 24 Jun 1693 (12).JPG,2066.2,936.7,1767.7,164.7
836/5,424,38260,E 190_836_5 Southampton 25 Dec 1692 - 24 Jun 1693 (12).JPG,0.7105191176,3.00,-1758,-1670,318,260,1256,117,836_5/E 190_836_5 Southampton 25 Dec 1692 - 24 Jun 1693 (12).JPG,2035.3,2051.4,1767.7,164.7
836/5,425,38261,E 190_836_5 Southampton 25 Dec 1692 - 24 Jun 1693 (13).JPG,0.7815710294,0.00,-538,-563,268,218,1266,197,836_5/E 190_836_5 Southampton 25 Dec 1692 - 24 Jun 1693 (13).JPG,423.1,543.2,1619.8,252.1
836/5,427,38264,E 190_836_5 Southampton 25 Dec 1692 - 24 Jun 1693 (20).JPG,0.7813084488,-177.00,-1719,-656,513,484,1372,303,836_5/E 190_836_5 Southampton 25 Dec 1692 - 24 Jun 1693 (20).JPG,2247.7,1002.3,1756.0,387.8
836/5,428,38265,E 190_836_5 Southampton 25 Dec 1692 - 24 Jun 1693 (20).JPG,0.7815710294,-180.00,-1865,-1542,353,425,1401,142,836_5/E 190_836_5 Southampton 25 Dec 1692 - 24 Jun 1693 (20).JPG,2229.7,2060.6,1792.5,181.7
836/5,426,38263,E 190_836_5 Southampton 25 Dec 1692 - 24 Jun 1693 (23).JPG,0.5841643218,-180.00,-654,-1164,468,552,1048,121,836_5/E 190_836_5 Southampton 25 Dec 1692 - 24 Jun 1693 (23).JPG,371.7,1775.8,1794.0,207.1
836/6,379,38215,E 190_836_6 Southampton 24 Jun 1692 - 25 Dec 1692 (3).JPG,0.7815710294,0.00,-503,-1262,262,323,1327,143,836_6/E 190_836_6 Southampton 24 Jun 1692 - 25 Dec 1692 (3).JPG,370.7,1571.9,1697.9,183.0
836/6,380,38216,E 190_836_6 Southampton 24 Jun 1692 - 25 Dec 1692 (4).JPG,0.5338235294,-3.00,-737,-863,421,230,925,151,836_6/E 190_836_6 Southampton 24 Jun 1692 - 25 Dec 1692 (4).JPG,269.0,622.3,1732.8,282.9
836/6,381,38217,E 190_836_6 Southampton 24 Jun 1692 - 25 Dec 1692 (5).JPG,0.6459264706,3.00,-660,-1271,357,425,1107,127,836_6/E 190_836_6 Southampton 24 Jun 1692 - 25 Dec 1692 (5).JPG,381.7,1731.1,1713.8,196.6
836/6,382,38218,E 190_836_6 Southampton 24 Jun 1692 - 25 Dec 1692 (9).JPG,0.6927727366,0.00,-1609,-1518,515,446,1205,111,836_6/E 190_836_6 Southampton 24 Jun 1692 - 25 Dec 1692 (9).JPG,2100.9,2111.2,1739.4,160.2
836/6,383,38219,E 190_836_6 Southampton 24 Jun 1692 - 25 Dec 1692 (10).JPG,0.7105191176,0.00,-548,-744,288,338,1270,141,836_6/E 190_836_6 Southampton 24 Jun 1692 - 25 Dec 1692 (10).JPG,290.1,857.9,1787.4,198.4
836/6,384,38220,E 190_836_6 Southampton 24 Jun 1692 - 25 Dec 1692 (13).JPG,0.5338235294,0.00,-1387,-1024,722,351,927,121,836_6/E 190_836_6 Southampton 24 Jun 1692 - 25 Dec 1692 (13).JPG,2050.5,1150.6,1736.5,226.7
836/6,385,38221,E 190_836_6 Southampton 24 Jun 1692 - 25 Dec 1692 (14).JPG,0.5872058824,0.00,-629,-1490,353,402,1087,110,836_6/E 190_836_6 Southampton 24 Jun 1692 - 25 Dec 1692 (14).JPG,142.6,2074.8,1851.1,187.3
836/6,386,38222,E 190_836_6 Southampton 24 Jun 1692 - 25 Dec 1692 (15).JPG,0.7284752734,0.00,-1622,-1148,421,508,1351,118,836_6/E 190_836_6 Southampton 24 Jun 1692 - 25 Dec 1692 (15).JPG,1993.4,1664.9,1854.6,162.0
836/6,387,38223,E 190_836_6 Southampton 24 Jun 1692 - 25 Dec 1692 (15).JPG,0.7284752734,-3.00,-1611,-1660,421,508,1351,118,836_6/E 190_836_6 Southampton 24 Jun 1692 - 25 Dec 1692 (15).JPG,1978.3,2367.8,1854.6,162.0
836/6,388,38224,E 190_836_6 Southampton 24 Jun 1692 - 25 Dec 1692 (16).JPG,0.6459264706,-3.00,-562,-683,313,384,1171,110,836_6/E 190_836_6 Southampton 24 Jun 1692 - 25 Dec 1692 (16).JPG,161.8,757.3,1812.9,170.3
836/6,389,38225,E 190_836_6 Southampton 24 Jun 1692 - 25 Dec 1692 (16).JPG,0.6459264706,-3.00,-468,-1508,405,380,1200,111,836_6/E 190_836_6 Southampton 24 Jun 1692 - 25 Dec 1692 (16).JPG,158.7,2028.3,1857.8,171.8
836/6,390,38226,E 190_836_6 Southampton 24 Jun 1692 - 25 Dec 1692 (16).JPG,0.6459264706,-3.00,-1576,-1755,507,555,1181,112,836_6/E 190_836_6 Southampton 24 Jun 1692 - 25 Dec 1692 (16).JPG,2032.0,2681.7,1828.4,173.4
836/6,391,38227,E 190_836_6 Southampton 24 Jun 1692 - 25 Dec 1692 (17).JPG,0.5872058824,-3.00,-644,-1073,355,449,1069,97,836_6/E 190_836_6 Southampton 24 Jun 1692 - 25 Dec 1692 (17).JPG,171.6,1444.7,1820.5,165.2
836/6,392,38228,E 190_836_6 Southampton 24 Jun 1692 - 25 Dec 1692 (17).JPG,0.5872058824,0.00,-1273,-968,779,204,1097,96,836_6/E 190_836_6 Southampton 24 Jun 1692 - 25 Dec 1692 (17).JPG,1964.8,848.6,1868.2,163.5
836/6,393,38229,E 190_836_6 Southampton 24 Jun 1692 - 25 Dec 1692 (18).JPG,0.5338235294,-3.00,-617,-936,506,286,953,121,836_6/E 190_836_6 Southampton 24 Jun 1692 - 25 Dec 1692 (18).JPG,203.4,864.0,1785.2,226.7
836/6,394,38230,E 190_836_6 Southampton 24 Jun 1692 - 25 Dec 1692 (18).JPG,0.5338235294,-3.00,-603,-1156,514,316,978,98,836_6/E 190_836_6 Southampton 24 Jun 1692 - 25 Dec 1692 (18).JPG,192.2,1332.3,1832.1,183.6
836/6,395,38231,E 190_836_6 Southampton 24 Jun 1692 - 25 Dec 1692 (18).JPG,0.5338235294,-3.00,-612,-1501,514,316,978,98,836_6/E 190_836_6 Southampton 24 Jun 1692 - 25 Dec 1692 (18).JPG,209.1,1978.6,1832.1,183.6
836/6,396,38232,E 190_836_6 Southampton 24 Jun 1692 - 25 Dec 1692 (18).JPG,0.5872058824,0.00,-1325,-985,742,274,1035,94,836_6/E 190_836_6 Southampton 24 Jun 1692 - 25 Dec 1692 (18).JPG,1990.4,996.8,1762.6,160.1
836/6,397,38233,E 190_836_6 Southampton 24 Jun 1692 - 25 Dec 1692 (19).JPG,0.6459264706,-3.00,-622,-951,337,450,1129,117,836_6/E 190_836_6 Southampton 24 Jun 1692 - 25 Dec 1692 (19).JPG,291.9,1274.4,1747.9,181.1
836/6,398,38234,E 190_836_6 Southampton 24 Jun 1692 - 25 Dec 1692 (19).JPG,0.6459264706,-3.00,-398,-1233,549,614,1148,100,836_6/E 190_836_6 Southampton 24 Jun 1692 - 25 Dec 1692 (19).JPG,273.3,1964.9,1777.3,154.8
836/6,399,38235,E 190_836_6 Southampton 24 Jun 1692 - 25 Dec 1692 (19).JPG,0.6459264706,0.00,-1455,-766,619,244,1170,112,836_6/E 190_836_6 Southampton 24 Jun 1692 - 25 Dec 1692 (19).JPG,2018.1,669.0,1811.4,173.4
836/6,400,38236,E 190_836_6 Southampton 24 Jun 1692 - 25 Dec 1692 (24).JPG,0.7105191176,-3.00,-1533,-1708,500,545,1224,136,836_6/E 190_836_6 Southampton 24 Jun 1692 - 25 Dec 1692 (24).JPG,1974.7,2506.0,1722.7,191.4
836/6,401,38237,E 190_836_6 Southampton 24 Jun 1692 - 25 Dec 1692 (25).JPG,0.7815710294,-180.00,-898,-1153,73,380,1342,198,836_6/E 190_836_6 Southampton 24 Jun 1692 - 25 Dec 1692 (25).JPG,634.2,1505.3,1717.1,253.3
836/7,494,38378,E 190_836_7 Southampton 25 Dec 1693 - 24 Jun 1694 (3).JPG,0.5960252237,0.00,-701,-1640,371,496,1056,100,836_7/E 190_836_7 Southampton 25 Dec 1693 - 24 Jun 1694 (3).JPG,323.7,2477.6,1771.7,167.8
836/7,495,38379,E 190_836_7 Southampton 25 Dec 1693 - 24 Jun 1694 (3).JPG,0.5960252237,0.00,-701,-1640,381,577,1050,134,836_7/E 190_836_7 Southampton 25 Dec 1693 - 24 Jun 1694 (3).JPG,340.5,2613.5,1761.7,224.8
836/7,496,38380,E 190_836_7 Southampton 25 Dec 1693 - 24 Jun 1694 (3).JPG,0.5960252237,3.00,-1485,-725,633,260,1085,148,836_7/E 190_836_7 Southampton 25 Dec 1693 - 24 Jun 1694 (3).JPG,2078.7,546.5,1820.4,248.3
836/7,497,38381,E 190_836_7 Southampton 25 Dec 1693 - 24 Jun 1694 (3).JPG,0.5960252237,3.00,-1484,-849,626,263,1088,102,836_7/E 190_836_7 Southampton 25 Dec 1693 - 24 Jun 1694 (3).JPG,2065.3,759.6,1825.4,171.1
836/7,498,38382,E 190_836_7 Southampton 25 Dec 1693 - 24 Jun 1694 (4).JPG,0.5872058824,0.00,-580,-1109,494,300,1032,119,836_7/E 190_836_7 Southampton 25 Dec 1693 - 24 Jun 1694 (4).JPG,299.3,1252.2,1757.5,202.7
836/7,499,38383,E 190_836_7 Southampton 25 Dec 1693 - 24 Jun 1694 (4).JPG,0.5872058824,0.00,-1491,-1278,600,258,1090,112,836_7/E 190_836_7 Southampton 25 Dec 1693 - 24 Jun 1694 (4).JPG,2031.2,1468.5,1856.2,190.7
836/7,500,38384,E 190_836_7 Southampton 25 Dec 1693 - 24 Jun 1694 (5).JPG,0.5872058824,0.00,-1491,-860,608,279,1062,105,836_7/E 190_836_7 Southampton 25 Dec 1693 - 24 Jun 1694 (5).JPG,2044.9,792.4,1808.6,178.8
836/7,501,38385,E 190_836_7 Southampton 25 Dec 1693 - 24 Jun 1694 (6).JPG,0.5872058824,0.00,-626,-1037,430,350,1054,126,836_7/E 190_836_7 Southampton 25 Dec 1693 - 24 Jun 1694 (6).JPG,268.7,1214.8,1794.9,214.6
836/7,502,38386,E 190_836_7 Southampton 25 Dec 1693 - 24 Jun 1694 (7).JPG,0.5872058824,0.00,-498,-1094,580,261,1035,94,836_7/E 190_836_7 Southampton 25 Dec 1693 - 24 Jun 1694 (7).JPG,306.1,1160.3,1762.6,160.1
836/7,503,38387,E 190_836_7 Southampton 25 Dec 1693 - 24 Jun 1694 (8).JPG,0.5872058824,0.00,-1522,-1652,598,405,1056,133,836_7/E 190_836_7 Southampton 25 Dec 1693 - 24 Jun 1694 (8).JPG,2080.6,2355.8,1798.3,226.5
836/7,504,38388,E 190_836_7 Southampton 25 Dec 1693 - 24 Jun 1694 (8).JPG,0.5872058824,0.00,-1522,-1652,596,503,1056,133,836_7/E 190_836_7 Southampton 25 Dec 1693 - 24 Jun 1694 (8).JPG,2077.2,2522.7,1798.3,226.5
836/7,505,38389,E 190_836_7 Southampton 25 Dec 1693 - 24 Jun 1694 (9).JPG,0.5338235294,0.00,-874,-1511,306,435,947,104,836_7/E 190_836_7 Southampton 25 Dec 1693 - 24 Jun 1694 (9).JPG,310.2,2220.2,1774.0,194.8
836/7,506,38390,E 190_836_7 Southampton 25 Dec 1693 - 24 Jun 1694 (12).JPG,0.4411764706,0.00,-1374,-1072,756,203,776,95,836_7/E 190_836_7 Southampton 25 Dec 1693 - 24 Jun 1694 (12).JPG,2071.7,822.8,1758.9,215.3
836/7,507,38391,E 190_836_7 Southampton 25 Dec 1693 - 24 Jun 1694 (14).JPG,0.5872058824,0.00,-1551,-713,555,267,1035,145,836_7/E 190_836_7 Southampton 25 Dec 1693 - 24 Jun 1694 (14).JPG,2056.8,521.7,1762.6,246.9
836/7,508,38392,E 190_836_7 Southampton 25 Dec 1693 - 24 Jun 1694 (19).JPG,0.7815710294,-3.00,-1665,-1157,422,317,1379,126,836_7/E 190_836_7 Southampton 25 Dec 1693 - 24 Jun 1694 (19).JPG,2062.1,1429.8,1764.4,161.2
836/7,509,38393,E 190_836_7 Southampton 25 Dec 1693 - 24 Jun 1694 (20).JPG,0.6459264706,0.00,-498,-1300,491,373,1135,137,836_7/E 190_836_7 Southampton 25 Dec 1693 - 24 Jun 1694 (20).JPG,338.3,1695.5,1757.2,212.1
836/7,513,38397,E 190_836_7 Southampton 25 Dec 1693 - 24 Jun 1694 (22).JPG,0.7105191176,-180.00,-765,-1795,220,426,1227,148,836_7/E 190_836_7 Southampton 25 Dec 1693 - 24 Jun 1694 (22).JPG,499.8,2461.0,1726.9,208.3
836/7,510,38394,E 190_836_7 Southampton 25 Dec 1693 - 24 Jun 1694 (26).JPG,0.6459264706,-180.00,-699,-1634,323,578,1136,120,836_7/E 190_836_7 Southampton 25 Dec 1693 - 24 Jun 1694 (26).JPG,389.4,2529.9,1758.7,185.8
836/7,511,38395,E 190_836_7 Southampton 25 Dec 1693 - 24 Jun 1694 (26).JPG,0.6459264706,-183.00,-1651,-1198,518,468,1136,120,836_7/E 190_836_7 Southampton 25 Dec 1693 - 24 Jun 1694 (26).JPG,2165.2,1684.6,1758.7,185.8
836/7,512,38396,E 190_836_7 Southampton 25 Dec 1693 - 24 Jun 1694 (26).JPG,0.6459264706,-183.00,-1661,-1300,518,468,1136,120,836_7/E 190_836_7 Southampton 25 Dec 1693 - 24 Jun 1694 (26).JPG,2180.6,1842.6,1758.7,185.8
837/2,514,38398,E 190_837_2 Southampton 24 Jun 1694 - 25 Dec 1694 (3).JPG,0.7105191176,0.00,-543,-1029,265,311,1281,157,837_2/E 190_837_2 Southampton 24 Jun 1694 - 25 Dec 1694 (3).JPG,250.6,1221.0,1802.9,221.0
837/2,515,38399,E 190_837_2 Southampton 24 Jun 1694 - 25 Dec 1694 (3).JPG,0.7105191176,0.00,-1737,-1806,396,489,1281,157,837_2/E 190_837_2 Southampton 24 Jun 1694 - 25 Dec 1694 (3).JPG,2115.5,2565.1,1802.9,221.0
837/2,516,38400,E 190_837_2 Southampton 24 Jun 1694 - 25 Dec 1694 (5).JPG,0.7105191176,0.00,-1688,-1451,417,307,1285,146,837_2/E 190_837_2 Southampton 24 Jun 1694 - 25 Dec 1694 (5).JPG,2076.1,1809.3,1808.5,205.5
837/2,517,38401,E 190_837_2 Southampton 24 Jun 1694 - 25 Dec 1694 (7).JPG,0.5872058824,0.00,-714,-678,380,349,1006,187,837_2/E 190_837_2 Southampton 24 Jun 1694 - 25 Dec 1694 (7).JPG,333.4,601.7,1713.2,318.5
837/2,518,38402,E 190_837_2 Southampton 24 Jun 1694 - 25 Dec 1694 (8).JPG,0.6459264706,0.00,-765,-1577,178,391,1166,158,837_2/E 190_837_2 Southampton 24 Jun 1694 - 25 Dec 1694 (8).JPG,267.1,2152.2,1805.2,244.6
837/2,519,38403,E 190_837_2 Southampton 24 Jun 1694 - 25 Dec 1694 (8).JPG,0.6459264706,6.00,-1638,-909,500,358,1133,131,837_2/E 190_837_2 Southampton 24 Jun 1694 - 25 Dec 1694 (8).JPG,2117.2,1066.9,1754.1,202.8
837/2,520,38404,E 190_837_2 Southampton 24 Jun 1694 - 25 Dec 1694 (10).JPG,0.6459264706,0.00,-1656,-1643,450,358,1193,150,837_2/E 190_837_2 Southampton 24 Jun 1694 - 25 Dec 1694 (10).JPG,2067.6,2203.3,1847.0,232.2
837/2,521,38405,E 190_837_2 Southampton 24 Jun 1694 - 25 Dec 1694 (11).JPG,0.7105191176,-3.00,-612,-810,197,264,1268,155,837_2/E 190_837_2 Southampton 24 Jun 1694 - 25 Dec 1694 (11).JPG,252.1,846.7,1784.6,218.2
837/2,522,38406,E 190_837_2 Southampton 24 Jun 1694 - 25 Dec 1694 (15).JPG,0.7815710294,3.00,-1811,-704,353,434,1384,141,837_2/E 190_837_2 Southampton 24 Jun 1694 - 25 Dec 1694 (15).JPG,2160.6,999.9,1770.8,180.4
837/2,523,38407,E 190_837_2 Southampton 24 Jun 1694 - 25 Dec 1694 (17).JPG,0.7105191176,3.00,-1789,-1453,341,441,1307,187,837_2/E 190_837_2 Southampton 24 Jun 1694 - 25 Dec 1694 (17).JPG,2111.3,2000.7,1839.5,263.2
837/2,524,38408,E 190_837_2 Southampton 24 Jun 1694 - 25 Dec 1694 (18).JPG,0.7105191176,3.00,-1796,-1489,342,667,1287,151,837_2/E 190_837_2 Southampton 24 Jun 1694 - 25 Dec 1694 (18).JPG,2122.5,2369.5,1811.4,212.5
837/2,525,38409,E 190_837_2 Southampton 24 Jun 1694 - 25 Dec 1694 (22).JPG,0.7507740124,0.00,-457,-1664,302,490,1373,153,837_2/E 190_837_2 Southampton 24 Jun 1694 - 25 Dec 1694 (22).JPG,288.6,2327.3,1828.8,203.8
837/2,526,38410,E 190_837_2 Southampton 24 Jun 1694 - 25 Dec 1694 (24).JPG,0.6756966111,0.00,-560,-1115,362,543,1224,126,837_2/E 190_837_2 Southampton 24 Jun 1694 - 25 Dec 1694 (24).JPG,320.1,1670.5,1811.5,186.5
837/2,528,38412,E 190_837_2 Southampton 24 Jun 1694 - 25 Dec 1694 (29).JPG,0.7105191176,-180.00,-622,-1163,426,434,1155,164,837_2/E 190_837_2 Southampton 24 Jun 1694 - 25 Dec 1694 (29).JPG,588.4,1582.7,1625.6,230.8
837/2,529,38413,E 190_837_2 Southampton 24 Jun 1694 - 25 Dec 1694 (29).JPG,0.7105191176,-180.00,-1812,-1668,423,511,1239,129,837_2/E 190_837_2 Southampton 24 Jun 1694 - 25 Dec 1694 (29).JPG,2259.0,2401.9,1743.8,181.6
837/2,527,38411,E 190_837_2 Southampton 24 Jun 1694 - 25 Dec 1694 (30).JPG,0.7815710294,-180.00,-579,-1069,348,491,1292,181,837_2/E 190_837_2 Southampton 24 Jun 1694 - 25 Dec 1694 (30).JPG,577.9,1539.9,1653.1,231.6
837/7,530,38414,E 190_837_7 Southampton 25 Dec 1694 - 24 Jun 1695 (3).JPG,0.9457009456,-3.00,-371,-1163,33,291,1655,269,837_7/E 190_837_7 Southampton 25 Dec 1694 - 24 Jun 1695 (3).JPG,302.3,1443.8,1750.0,284.4
837/7,531,38415,E 190_837_7 Southampton 25 Dec 1694 - 24 Jun 1695 (3).JPG,0.7660177659,3.00,-1728,-807,350,315,1391,163,837_7/E 190_837_7 Southampton 25 Dec 1694 - 24 Jun 1695 (3).JPG,2048.1,966.2,1815.9,212.8
837/7,532,38416,E 190_837_7 Southampton 25 Dec 1694 - 24 Jun 1695 (4).JPG,0.7815710294,0.00,-543,-1455,161,348,1379,217,837_7/E 190_837_7 Southampton 25 Dec 1694 - 24 Jun 1695 (4).JPG,292.6,1850.8,1764.4,277.6
837/7,533,38417,E 190_837_7 Southampton 25 Dec 1694 - 24 Jun 1695 (4).JPG,0.7815710294,3.00,-1680,-838,422,276,1381,158,837_7/E 190_837_7 Southampton 25 Dec 1694 - 24 Jun 1695 (4).JPG,2081.3,969.2,1767.0,202.2
837/7,534,38418,E 190_837_7 Southampton 25 Dec 1694 - 24 Jun 1695 (4).JPG,0.7815710294,3.00,-1680,-838,406,527,1381,158,837_7/E 190_837_7 Southampton 25 Dec 1694 - 24 Jun 1695 (4).JPG,2060.8,1290.4,1767.0,202.2
837/7,535,38419,E 190_837_7 Southampton 25 Dec 1694 - 24 Jun 1695 (5).JPG,0.7815710294,-3.00,-502,-1392,230,377,1364,175,837_7/E 190_837_7 Southampton 25 Dec 1694 - 24 Jun 1695 (5).JPG,328.4,1807.3,1745.2,223.9
837/7,536,38420,E 190_837_7 Southampton 25 Dec 1694 - 24 Jun 1695 (5).JPG,0.7815710294,3.00,-1648,-666,456,196,1364,175,837_7/E 190_837_7 Southampton 25 Dec 1694 - 24 Jun 1695 (5).JPG,2083.9,646.8,1745.2,223.9
837/7,537,38421,E 190_837_7 Southampton 25 Dec 1694 - 24 Jun 1695 (5).JPG,0.7815710294,0.00,-1750,-1500,357,373,1364,175,837_7/E 190_837_7 Southampton 25 Dec 1694 - 24 Jun 1695 (5).JPG,2087.7,1940.4,1745.2,223.9
837/7,538,38422,E 190_837_7 Southampton 25 Dec 1694 - 24 Jun 1695 (6).JPG,0.8597281324,0.00,-428,-1131,160,315,1488,186,837_7/E 190_837_7 Southampton 25 Dec 1694 - 24 Jun 1695 (6).JPG,328.9,1415.7,1730.8,216.3
837/7,539,38423,E 190_837_7 Southampton 25 Dec 1694 - 24 Jun 1695 (6).JPG,0.8597281324,0.00,-428,-1131,153,460,1488,186,837_7/E 190_837_7 Southampton 25 Dec 1694 - 24 Jun 1695 (6).JPG,320.8,1584.3,1730.8,216.3
837/7,540,38424,E 190_837_7 Southampton 25 Dec 1694 - 24 Jun 1695 (6).JPG,0.8597281324,0.00,-428,-1131,175,637,1488,154,837_7/E 190_837_7 Southampton 25 Dec 1694 - 24 Jun 1695 (6).JPG,346.4,1790.2,1730.8,179.1
837/7,541,38425,E 190_837_7 Southampton 25 Dec 1694 - 24 Jun 1695 (6).JPG,0.8597281324,0.00,-1877,-1094,206,409,1549,216,837_7/E 190_837_7 Southampton 25 Dec 1694 - 24 Jun 1695 (6).JPG,2067.8,1482.0,1801.7,251.2
837/7,542,38426,E 190_837_7 Southampton 25 Dec 1694 - 24 Jun 1695 (6).JPG,0.8597281324,0.00,-1877,-1094,205,605,1549,134,837_7/E 190_837_7 Southampton 25 Dec 1694 - 24 Jun 1695 (6).JPG,2066.7,1709.9,1801.7,155.9
837/7,543,38427,E 190_837_7 Southampton 25 Dec 1694 - 24 Jun 1695 (7).JPG,0.7105191176,-3.00,-606,-530,199,401,1243,170,837_7/E 190_837_7 Southampton 25 Dec 1694 - 24 Jun 1695 (7).JPG,246.4,645.4,1749.4,239.3
837/7,544,38428,E 190_837_7 Southampton 25 Dec 1694 - 24 Jun 1695 (7).JPG,0.7105191176,-3.00,-665,-1193,192,529,1243,135,837_7/E 190_837_7 Southampton 25 Dec 1694 - 24 Jun 1695 (7).JPG,319.6,1758.7,1749.4,190.0
837/7,545,38429,E 190_837_7 Southampton 25 Dec 1694 - 24 Jun 1695 (7).JPG,0.7105191176,0.00,-1726,-1256,398,331,1243,135,837_7/E 190_837_7 Southampton 25 Dec 1694 - 24 Jun 1695 (7).JPG,2102.8,1568.7,1749.4,190.0
837/7,546,38430,E 190_837_7 Southampton 25 Dec 1694 - 24 Jun 1695 (12).JPG,0.6459264706,0.00,-634,-1690,348,423,1129,150,837_7/E 190_837_7 Southampton 25 Dec 1694 - 24 Jun 1695 (12).JPG,327.5,2376.7,1747.9,232.2
837/7,547,38431,E 190_837_7 Southampton 25 Dec 1694 - 24 Jun 1695 (15).JPG,0.6459264706,0.00,-646,-1528,332,452,1143,153,837_7/E 190_837_7 Southampton 25 Dec 1694 - 24 Jun 1695 (15).JPG,321.3,2170.8,1769.6,236.9
837/7,548,38432,E 190_837_7 Southampton 25 Dec 1694 - 24 Jun 1695 (15).JPG,0.6459264706,0.00,-646,-1528,323,586,1143,109,837_7/E 190_837_7 Southampton 25 Dec 1694 - 24 Jun 1695 (15).JPG,307.4,2378.2,1769.6,168.7
837/7,549,38433,E 190_837_7 Southampton 25 Dec 1694 - 24 Jun 1695 (15).JPG,0.7815710294,0.00,-1742,-1612,384,506,1381,151,837_7/E 190_837_7 Southampton 25 Dec 1694 - 24 Jun 1695 (15).JPG,2112.0,2253.8,1767.0,193.2
837/7,550,38434,E 190_837_7 Southampton 25 Dec 1694 - 24 Jun 1695 (15).JPG,0.9457009456,0.00,-1879,-2249,217,305,1700,187,837_7/E 190_837_7 Southampton 25 Dec 1694 - 24 Jun 1695 (15).JPG,2091.4,2606.9,1797.6,197.7
837/7,551,38435,E 190_837_7 Southampton 25 Dec 1694 - 24 Jun 1695 (16).JPG,0.7105191176,0.00,-605,-684,240,434,1229,131,837_7/E 190_837_7 Southampton 25 Dec 1694 - 24 Jun 1695 (16).JPG,302.7,908.6,1729.7,184.4
837/7,552,38436,E 190_837_7 Southampton 25 Dec 1694 - 24 Jun 1695 (18).JPG,0.7660177659,0.00,-609,-1093,125,385,1365,171,837_7/E 190_837_7 Southampton 25 Dec 1694 - 24 Jun 1695 (18).JPG,293.5,1431.0,1781.9,223.2
837/7,553,38437,E 190_837_7 Southampton 25 Dec 1694 - 24 Jun 1695 (19).JPG,0.7105191176,-3.00,-1650,-1500,461,301,1266,207,837_7/E 190_837_7 Southampton 25 Dec 1694 - 24 Jun 1695 (19).JPG,2084.5,1869.9,1781.8,291.3
837/7,562,38446,E 190_837_7 Southampton 25 Dec 1694 - 24 Jun 1695 (25).JPG,0.7105191176,-180.00,-656,-886,352,480,1190,173,837_7/E 190_837_7 Southampton 25 Dec 1694 - 24 Jun 1695 (25).JPG,532.1,1257.6,1674.8,243.5
837/7,561,38445,E 190_837_7 Southampton 25 Dec 1694 - 24 Jun 1695 (26).JPG,0.6459264706,-180.00,-1755,-1036,454,544,1148,192,837_7/E 190_837_7 Southampton 25 Dec 1694 - 24 Jun 1695 (26).JPG,2227.1,1551.5,1777.3,297.2
837/7,560,38444,E 190_837_7 Southampton 25 Dec 1694 - 24 Jun 1695 (27).JPG,0.7105191176,-177.00,-1649,-547,575,188,1278,222,837_7/E 190_837_7 Southampton 25 Dec 1694 - 24 Jun 1695 (27).JPG,2243.6,369.5,1798.7,312.4
837/7,554,38438,E 190_837_7 Southampton 25 Dec 1694 - 24 Jun 1695 (28).JPG,0.9457009456,-180.00,-325,-1166,178,331,1618,269,837_7/E 190_837_7 Southampton 25 Dec 1694 - 24 Jun 1695 (28).JPG,406.9,1489.2,1710.9,284.4
837/7,555,38439,E 190_837_7 Southampton 25 Dec 1694 - 24 Jun 1695 (28).JPG,0.9457009456,-180.00,-343,-1440,178,331,1612,293,837_7/E 190_837_7 Southampton 25 Dec 1694 - 24 Jun 1695 (28).JPG,426.0,1779.0,1704.6,309.8
837/7,556,38440,E 190_837_7 Southampton 25 Dec 1694 - 24 Jun 1695 (28).JPG,0.9084365550,-180.00,-371,-1416,161,591,1612,293,837_7/E 190_837_7 Southampton 25 Dec 1694 - 24 Jun 1695 (28).JPG,366.3,2044.8,1774.5,322.5
837/7,557,38441,E 190_837_7 Southampton 25 Dec 1694 - 24 Jun 1695 (28).JPG,0.9084365550,-180.00,-435,-1896,159,358,1530,194,837_7/E 190_837_7 Southampton 25 Dec 1694 - 24 Jun 1695 (28).JPG,434.5,2316.7,1684.2,213.6
837/7,558,38442,E 190_837_7 Southampton 25 Dec 1694 - 24 Jun 1695 (28).JPG,0.9084365550,-177.00,-1927,-282,277,212,1606,227,837_7/E 190_837_7 Southampton 25 Dec 1694 - 24 Jun 1695 (28).JPG,2206.8,379.3,1767.9,249.9
837/7,559,38443,E 190_837_7 Southampton 25 Dec 1694 - 24 Jun 1695 (28).JPG,0.9084365550,-177.00,-1927,-282,254,419,1606,202,837_7/E 190_837_7 Southampton 25 Dec 1694 - 24 Jun 1695 (28).JPG,2181.5,607.2,1767.9,222.4
838/1,601,38485,E 190_838_1 Southampton 25 Dec 1695 - 24 Jun 1696 (10).JPG,0.7105191176,3.00,-752,-945,163,332,1216,151,838_1/E 190_838_1 Southampton 25 Dec 1695 - 24 Jun 1696 (10).JPG,401.2,1132.4,1711.4,212.5
838/1,602,38486,E 190_838_1 Southampton 25 Dec 1695 - 24 Jun 1696 (10).JPG,0.7105191176,3.00,-757,-940,166,452,1189,124,838_1/E 190_838_1 Southampton 25 Dec 1695 - 24 Jun 1696 (10).JPG,412.5,1294.2,1673.4,174.5
838/1,603,38488,E 190_838_1 Southampton 25 Dec 1695 - 24 Jun 1696 (10).JPG,0.7105191176,3.00,-757,-940,175,570,1189,124,838_1/E 190_838_1 Southampton 25 Dec 1695 - 24 Jun 1696 (10).JPG,425.2,1460.3,1673.4,174.5
838/1,604,38489,E 190_838_1 Southampton 25 Dec 1695 - 24 Jun 1696 (10).JPG,0.7105191176,3.00,-757,-1300,165,347,1189,124,838_1/E 190_838_1 Southampton 25 Dec 1695 - 24 Jun 1696 (10).JPG,411.1,1653.1,1673.4,174.5
838/1,605,38490,E 190_838_1 Southampton 25 Dec 1695 - 24 Jun 1696 (11).JPG,0.7105191176,3.00,-806,-996,117,412,1194,149,838_1/E 190_838_1 Southampton 25 Dec 1695 - 24 Jun 1696 (11).JPG,412.5,1316.7,1680.5,209.7
838/1,606,38491,E 190_838_1 Southampton 25 Dec 1695 - 24 Jun 1696 (11).JPG,0.7105191176,3.00,-806,-996,107,627,1194,125,838_1/E 190_838_1 Southampton 25 Dec 1695 - 24 Jun 1696 (11).JPG,398.4,1619.3,1680.5,175.9
838/1,607,38492,E 190_838_1 Southampton 25 Dec 1695 - 24 Jun 1696 (11).JPG,0.7105191176,3.00,-857,-1838,89,436,1194,125,838_1/E 190_838_1 Southampton 25 Dec 1695 - 24 Jun 1696 (11).JPG,444.9,2535.6,1680.5,175.9
838/1,608,38493,E 190_838_1 Southampton 25 Dec 1695 - 24 Jun 1696 (11).JPG,0.7105191176,3.00,-857,-1838,76,539,1194,125,838_1/E 190_838_1 Southampton 25 Dec 1695 - 24 Jun 1696 (11).JPG,426.6,2680.5,1680.5,175.9
838/1,609,38494,E 190_838_1 Southampton 25 Dec 1695 - 24 Jun 1696 (12).JPG,0.7815710294,3.00,-776,-699,27,463,1309,143,838_1/E 190_838_1 Southampton 25 Dec 1695 - 24 Jun 1696 (12).JPG,419.3,1030.6,1674.8,183.0
838/1,610,38495,E 190_838_1 Southampton 25 Dec 1695 - 24 Jun 1696 (12).JPG,0.7815710294,3.00,-776,-699,33,693,1309,143,838_1/E 190_838_1 Southampton 25 Dec 1695 - 24 Jun 1696 (12).JPG,427.0,1324.9,1674.8,183.0
838/1,611,38496,E 190_838_1 Southampton 25 Dec 1695 - 24 Jun 1696 (13).JPG,0.7105191176,0.00,-817,-1051,83,262,1202,123,838_1/E 190_838_1 Southampton 25 Dec 1695 - 24 Jun 1696 (13).JPG,380.1,1183.0,1691.7,173.1
838/1,612,38497,E 190_838_1 Southampton 25 Dec 1695 - 24 Jun 1696 (13).JPG,0.7105191176,0.00,-817,-1052,96,497,1202,123,838_1/E 190_838_1 Southampton 25 Dec 1695 - 24 Jun 1696 (13).JPG,398.4,1515.2,1691.7,173.1
838/1,613,38498,E 190_838_1 Southampton 25 Dec 1695 - 24 Jun 1696 (13).JPG,0.7105191176,0.00,-817,-1052,115,606,1202,123,838_1/E 190_838_1 Southampton 25 Dec 1695 - 24 Jun 1696 (13).JPG,425.2,1668.6,1691.7,173.1
838/1,614,38499,E 190_838_1 Southampton 25 Dec 1695 - 24 Jun 1696 (13).JPG,0.7105191176,-3.00,-1870,-960,188,332,1202,123,838_1/E 190_838_1 Southampton 25 Dec 1695 - 24 Jun 1696 (13).JPG,2009.9,1153.5,1691.7,173.1
838/1,615,38500,E 190_838_1 Southampton 25 Dec 1695 - 24 Jun 1696 (13).JPG,0.7105191176,-3.00,-1907,-1029,179,371,1171,208,838_1/E 190_838_1 Southampton 25 Dec 1695 - 24 Jun 1696 (13).JPG,2049.3,1305.5,1648.1,292.7
838/1,616,38501,E 190_838_1 Southampton 25 Dec 1695 - 24 Jun 1696 (13).JPG,0.7105191176,-3.00,-1919,-1522,197,335,1124,216,838_1/E 190_838_1 Southampton 25 Dec 1695 - 24 Jun 1696 (13).JPG,2091.6,1948.7,1581.9,304.0
838/1,617,38502,E 190_838_1 Southampton 25 Dec 1695 - 24 Jun 1696 (14).JPG,0.6459264706,3.00,-909,-782,187,364,1028,116,838_1/E 190_838_1 Southampton 25 Dec 1695 - 24 Jun 1696 (14).JPG,504.0,879.6,1591.5,179.6
838/1,618,38503,E 190_838_1 Southampton 25 Dec 1695 - 24 Jun 1696 (14).JPG,0.5872058824,3.00,-1072,-1039,172,403,885,91,838_1/E 190_838_1 Southampton 25 Dec 1695 - 24 Jun 1696 (14).JPG,588.8,1308.4,1507.1,155.0
838/1,619,38504,E 190_838_1 Southampton 25 Dec 1695 - 24 Jun 1696 (14).JPG,0.5872058824,-3.00,-1745,-1540,381,290,1058,93,838_1/E 190_838_1 Southampton 25 Dec 1695 - 24 Jun 1696 (14).JPG,2090.9,1969.2,1801.8,158.4
838/1,620,38505,E 190_838_1 Southampton 25 Dec 1695 - 24 Jun 1696 (14).JPG,0.5872058824,-3.00,-1745,-1540,381,379,1058,93,838_1/E 190_838_1 Southampton 25 Dec 1695 - 24 Jun 1696 (14).JPG,2090.9,2120.8,1801.8,158.4
838/1,621,38506,E 190_838_1 Southampton 25 Dec 1695 - 24 Jun 1696 (15).JPG,0.5872058824,3.00,-950,-1574,199,403,978,124,838_1/E 190_838_1 Southampton 25 Dec 1695 - 24 Jun 1696 (15).JPG,427.0,2219.5,1665.5,211.2
838/1,622,38507,E 190_838_1 Southampton 25 Dec 1695 - 24 Jun 1696 (16).JPG,0.6459264706,3.00,-823,-1540,192,186,1098,126,838_1/E 190_838_1 Southampton 25 Dec 1695 - 24 Jun 1696 (16).JPG,378.6,1777.5,1699.9,195.1
838/1,623,38508,E 190_838_1 Southampton 25 Dec 1695 - 24 Jun 1696 (16).JPG,0.6459264706,-3.00,-1794,-1667,330,163,1131,107,838_1/E 190_838_1 Southampton 25 Dec 1695 - 24 Jun 1696 (16).JPG,2095.5,1938.5,1751.0,165.7
838/1,624,38509,E 190_838_1 Southampton 25 Dec 1695 - 24 Jun 1696 (16).JPG,0.6142696465,-3.00,-1801,-1914,319,209,1088,112,838_1/E 190_838_1 Southampton 25 Dec 1695 - 24 Jun 1696 (16).JPG,2084.8,2431.3,1771.2,182.3
838/1,629,38514,E 190_838_1 Southampton 25 Dec 1695 - 24 Jun 1696 (25).JPG,0.7034139265,-183.00,-834,-1596,216,366,1174,117,838_1/E 190_838_1 Southampton 25 Dec 1695 - 24 Jun 1696 (25).JPG,575.2,2101.1,1669.0,166.3
838/1,626,38511,E 190_838_1 Southampton 25 Dec 1695 - 24 Jun 1696 (29).JPG,0.7815710294,-189.00,-583,-617,239,252,1233,233,838_1/E 190_838_1 Southampton 25 Dec 1695 - 24 Jun 1696 (29).JPG,443.6,655.8,1577.6,298.1
838/1,627,38512,E 190_838_1 Southampton 25 Dec 1695 - 24 Jun 1696 (29).JPG,0.9176126818,-189.00,-488,-543,144,464,1431,138,838_1/E 190_838_1 Southampton 25 Dec 1695 - 24 Jun 1696 (29).JPG,493.4,950.9,1559.5,150.4
838/1,628,38513,E 190_838_1 Southampton 25 Dec 1695 - 24 Jun 1696 (29).JPG,0.9176126818,-186.00,-534,-1117,86,259,1524,154,838_1/E 190_838_1 Southampton 25 Dec 1695 - 24 Jun 1696 (29).JPG,480.3,1353.0,1660.8,167.8
838/1,625,38510,E 190_838_1 Southampton 25 Dec 1695 - 24 Jun 1696 (30).JPG,0.6459264706,-177.00,-1635,-750,542,339,1065,150,838_1/E 190_838_1 Southampton 25 Dec 1695 - 24 Jun 1696 (30).JPG,2177.5,791.3,1648.8,232.2
838/10,563,38447,E 190_838_10 Southampton 24 Jun 1695 - 25 Dec 1695 (4).JPG,0.6459264706,-6.00,-559,-1127,366,308,1172,147,838_10/E 190_838_10 Southampton 24 Jun 1695 - 25 Dec 1695 (4).JPG,239.2,1327.0,1814.4,227.6
838/10,564,38448,E 190_838_10 Southampton 24 Jun 1695 - 25 Dec 1695 (4).JPG,0.7737553191,-6.00,-429,-1582,258,476,1407,175,838_10/E 190_838_10 Southampton 24 Jun 1695 - 25 Dec 1695 (4).JPG,251.6,2182.6,1818.4,226.2
838/10,565,38449,E 190_838_10 Southampton 24 Jun 1695 - 25 Dec 1695 (6).JPG,0.7105191176,0.00,-594,-1192,247,339,1282,191,838_10/E 190_838_10 Southampton 24 Jun 1695 - 25 Dec 1695 (6).JPG,297.1,1489.9,1804.3,268.8
838/10,566,38450,E 190_838_10 Southampton 24 Jun 1695 - 25 Dec 1695 (7).JPG,0.7815710294,3.00,-1837,-1370,352,367,1369,186,838_10/E 190_838_10 Southampton 24 Jun 1695 - 25 Dec 1695 (7).JPG,2192.6,1766.3,1751.6,238.0
838/10,567,38451,E 190_838_10 Southampton 24 Jun 1695 - 25 Dec 1695 (8).JPG,0.7815710294,-3.00,-558,-468,142,498,1335,131,838_10/E 190_838_10 Southampton 24 Jun 1695 - 25 Dec 1695 (8).JPG,287.5,779.9,1708.1,167.6
838/10,568,38452,E 190_838_10 Southampton 24 Jun 1695 - 25 Dec 1695 (9).JPG,0.7815710294,0.00,-489,-1009,212,428,1398,177,838_10/E 190_838_10 Southampton 24 Jun 1695 - 25 Dec 1695 (9).JPG,288.8,1382.5,1788.7,226.5
838/10,569,38453,E 190_838_10 Southampton 24 Jun 1695 - 25 Dec 1695 (10).JPG,0.7815710294,0.00,-446,-941,226,347,1414,178,838_10/E 190_838_10 Southampton 24 Jun 1695 - 25 Dec 1695 (10).JPG,251.7,1191.9,1809.2,227.7
838/10,570,38454,E 190_838_10 Southampton 24 Jun 1695 - 25 Dec 1695 (10).JPG,0.8341933471,0.00,-1911,-1496,211,419,1564,163,838_10/E 190_838_10 Southampton 24 Jun 1695 - 25 Dec 1695 (10).JPG,2111.3,1971.2,1874.9,195.4
838/10,571,38455,E 190_838_10 Southampton 24 Jun 1695 - 25 Dec 1695 (11).JPG,0.8597281324,0.00,-484,-776,43,469,1547,153,838_10/E 190_838_10 Southampton 24 Jun 1695 - 25 Dec 1695 (11).JPG,258.0,1181.9,1799.4,178.0
838/10,572,38456,E 190_838_10 Southampton 24 Jun 1695 - 25 Dec 1695 (11).JPG,0.8426195425,6.00,-1983,-580,152,276,1547,153,838_10/E 190_838_10 Southampton 24 Jun 1695 - 25 Dec 1695 (11).JPG,2127.3,711.1,1835.9,181.6
838/10,573,38457,E 190_838_10 Southampton 24 Jun 1695 - 25 Dec 1695 (12).JPG,0.9457009456,0.00,-326,-313,24,302,1661,201,838_10/E 190_838_10 Southampton 24 Jun 1695 - 25 Dec 1695 (12).JPG,245.2,556.6,1756.4,212.5
838/10,574,38458,E 190_838_10 Southampton 24 Jun 1695 - 25 Dec 1695 (13).JPG,0.7105191176,0.00,-703,-1856,173,286,1291,175,838_10/E 190_838_10 Southampton 24 Jun 1695 - 25 Dec 1695 (13).JPG,346.4,2349.8,1817.0,246.3
838/10,575,38459,E 190_838_10 Southampton 24 Jun 1695 - 25 Dec 1695 (13).JPG,0.7105191176,0.00,-703,-1856,171,416,1291,143,838_10/E 190_838_10 Southampton 24 Jun 1695 - 25 Dec 1695 (13).JPG,343.5,2532.7,1817.0,201.3
838/10,576,38460,E 190_838_10 Southampton 24 Jun 1695 - 25 Dec 1695 (13).JPG,0.8597281324,6.00,-1844,-639,344,268,1514,150,838_10/E 190_838_10 Southampton 24 Jun 1695 - 25 Dec 1695 (13).JPG,2190.0,788.7,1761.0,174.5
838/10,577,38461,E 190_838_10 Southampton 24 Jun 1695 - 25 Dec 1695 (13).JPG,0.8597281324,6.00,-1844,-639,321,414,1514,150,838_10/E 190_838_10 Southampton 24 Jun 1695 - 25 Dec 1695 (13).JPG,2163.2,958.5,1761.0,174.5
838/10,578,38462,E 190_838_10 Southampton 24 Jun 1695 - 25 Dec 1695 (14).JPG,0.7815710294,0.00,-415,-664,188,359,1434,176,838_10/E 190_838_10 Southampton 24 Jun 1695 - 25 Dec 1695 (14).JPG,163.4,852.8,1834.8,225.2
838/10,579,38463,E 190_838_10 Southampton 24 Jun 1695 - 25 Dec 1695 (14).JPG,0.8426195425,0.00,-1782,-1300,310,471,1434,176,838_10/E 190_838_10 Southampton 24 Jun 1695 - 25 Dec 1695 (14).JPG,2076.3,1797.0,1701.8,208.9
838/10,580,38464,E 190_838_10 Southampton 24 Jun 1695 - 25 Dec 1695 (18).JPG,0.6459264706,0.00,-533,-1643,411,416,1170,137,838_10/E 190_838_10 Southampton 24 Jun 1695 - 25 Dec 1695 (18).JPG,268.7,2293.1,1811.4,212.1
838/10,581,38465,E 190_838_10 Southampton 24 Jun 1695 - 25 Dec 1695 (19).JPG,0.7358336095,0.00,-1763,-1544,324,565,1392,165,838_10/E 190_838_10 Southampton 24 Jun 1695 - 25 Dec 1695 (19).JPG,2055.0,2280.2,1891.7,224.2
838/10,582,38466,E 190_838_10 Southampton 24 Jun 1695 - 25 Dec 1695 (22).JPG,0.7815710294,-3.00,-518,-1853,245,397,1425,145,838_10/E 190_838_10 Southampton 24 Jun 1695 - 25 Dec 1695 (22).JPG,368.1,2422.7,1823.3,185.5
838/10,583,38467,E 190_838_10 Southampton 24 Jun 1695 - 25 Dec 1695 (23).JPG,0.7105191176,0.00,-494,-1276,343,374,1277,148,838_10/E 190_838_10 Southampton 24 Jun 1695 - 25 Dec 1695 (23).JPG,291.5,1657.3,1797.3,208.3
838/10,584,38468,E 190_838_10 Southampton 24 Jun 1695 - 25 Dec 1695 (24).JPG,0.7751117647,3.00,-1843,-722,323,355,1420,180,838_10/E 190_838_10 Southampton 24 Jun 1695 - 25 Dec 1695 (24).JPG,2163.1,916.0,1832.0,232.2
838/10,585,38469,E 190_838_10 Southampton 24 Jun 1695 - 25 Dec 1695 (24).JPG,0.8440967118,3.00,-2066,-1416,82,466,1561,211,838_10/E 190_838_10 Southampton 24 Jun 1695 - 25 Dec 1695 (24).JPG,2142.8,1928.2,1849.3,250.0
838/10,586,38470,E 190_838_10 Southampton 24 Jun 1695 - 25 Dec 1695 (27).JPG,0.7105191176,0.00,-1785,-937,421,273,1302,249,838_10/E 190_838_10 Southampton 24 Jun 1695 - 25 Dec 1695 (27).JPG,2218.2,1038.1,1832.5,350.4
838/10,600,38484,E 190_838_10 Southampton 24 Jun 1695 - 25 Dec 1695 (31).JPG,0.7105191176,-177.00,-844,-1694,112,424,1227,147,838_10/E 190_838_10 Southampton 24 Jun 1695 - 25 Dec 1695 (31).JPG,458.9,2316.0,1726.9,206.9
838/10,593,38477,E 190_838_10 Southampton 24 Jun 1695 - 25 Dec 1695 (32).JPG,0.7105191176,-180.00,-679,-970,289,516,1241,154,838_10/E 190_838_10 Southampton 24 Jun 1695 - 25 Dec 1695 (32).JPG,475.8,1426.5,1746.6,216.7
838/10,594,38478,E 190_838_10 Southampton 24 Jun 1695 - 25 Dec 1695 (32).JPG,0.7105191176,-180.00,-739,-1704,222,398,1241,154,838_10/E 190_838_10 Southampton 24 Jun 1695 - 25 Dec 1695 (32).JPG,466.0,2293.5,1746.6,216.7
838/10,595,38479,E 190_838_10 Southampton 24 Jun 1695 - 25 Dec 1695 (32).JPG,0.6894159893,-180.00,-1759,-806,411,420,1241,154,838_10/E 190_838_10 Southampton 24 Jun 1695 - 25 Dec 1695 (32).JPG,2167.3,1043.1,1800.1,223.4
838/10,596,38480,E 190_838_10 Southampton 24 Jun 1695 - 25 Dec 1695 (32).JPG,0.6894159893,-180.00,-1759,-806,419,547,1241,154,838_10/E 190_838_10 Southampton 24 Jun 1695 - 25 Dec 1695 (32).JPG,2178.9,1227.3,1800.1,223.4
838/10,597,38481,E 190_838_10 Southampton 24 Jun 1695 - 25 Dec 1695 (32).JPG,0.6894159893,-180.00,-1759,-806,416,657,1241,154,838_10/E 190_838_10 Southampton 24 Jun 1695 - 25 Dec 1695 (32).JPG,2174.5,1386.9,1800.1,223.4
838/10,598,38482,E 190_838_10 Southampton 24 Jun 1695 - 25 Dec 1695 (32).JPG,0.6894159893,-180.00,-1734,-1301,443,502,1241,154,838_10/E 190_838_10 Southampton 24 Jun 1695 - 25 Dec 1695 (32).JPG,2177.5,1880.0,1800.1,223.4
838/10,599,38483,E 190_838_10 Southampton 24 Jun 1695 - 25 Dec 1695 (32).JPG,0.6894159893,-180.00,-1734,-1301,443,602,1241,154,838_10/E 190_838_10 Southampton 24 Jun 1695 - 25 Dec 1695 (32).JPG,2177.5,2025.1,1800.1,223.4
838/10,591,38475,E 190_838_10 Southampton 24 Jun 1695 - 25 Dec 1695 (35).JPG,0.7815710294,-183.00,-720,-1515,100,455,1367,192,838_10/E 190_838_10 Southampton 24 Jun 1695 - 25 Dec 1695 (35).JPG,441.0,2064.5,1749.0,245.7
838/10,592,38476,E 190_838_10 Southampton 24 Jun 1695 - 25 Dec 1695 (35).JPG,0.8341933471,-186.00,-650,-1809,173,432,1367,192,838_10/E 190_838_10 Southampton 24 Jun 1695 - 25 Dec 1695 (35).JPG,554.1,2362.0,1638.7,230.2
838/10,590,38474,E 190_838_10 Southampton 24 Jun 1695 - 25 Dec 1695 (37).JPG,0.7105191176,-180.00,-1758,-675,400,376,1201,178,838_10/E 190_838_10 Southampton 24 Jun 1695 - 25 Dec 1695 (37).JPG,2150.7,814.3,1690.3,250.5
838/10,589,38473,E 190_838_10 Southampton 24 Jun 1695 - 25 Dec 1695 (38).JPG,0.7105191176,-180.00,-834,-1027,153,343,1162,273,838_10/E 190_838_10 Southampton 24 Jun 1695 - 25 Dec 1695 (38).JPG,502.6,1263.3,1635.4,384.2
838/10,587,38471,E 190_838_10 Southampton 24 Jun 1695 - 25 Dec 1695 (40).JPG,0.7815710294,-180.00,-1751,-1388,421,443,1354,224,838_10/E 190_838_10 Southampton 24 Jun 1695 - 25 Dec 1695 (40).JPG,2170.9,1886.6,1732.4,286.6
838/10,588,38472,E 190_838_10 Southampton 24 Jun 1695 - 25 Dec 1695 (40).JPG,0.7815710294,-180.00,-1751,-1388,419,658,1354,224,838_10/E 190_838_10 Southampton 24 Jun 1695 - 25 Dec 1695 (40).JPG,2168.3,2161.7,1732.4,286.6
839/11,638,38523,E 190_839_11 Southampton 25 Dec 1696 - 24 Jun 1697 (9).JPG,0.7105191176,0.00,-529,-876,338,350,1244,141,839_11/E 190_839_11 Southampton 25 Dec 1696 - 24 Jun 1697 (9).JPG,333.7,1060.6,1750.8,198.4
839/11,639,38524,E 190_839_11 Southampton 25 Dec 1696 - 24 Jun 1697 (9).JPG,0.7105191176,0.00,-541,-1408,343,202,1244,120,839_11/E 190_839_11 Southampton 25 Dec 1696 - 24 Jun 1697 (9).JPG,357.6,1601.0,1750.8,168.9
839/11,640,38525,E 190_839_11 Southampton 25 Dec 1696 - 24 Jun 1697 (9).JPG,0.7105191176,3.00,-1670,-861,448,270,1258,160,839_11/E 190_839_11 Southampton 25 Dec 1696 - 24 Jun 1697 (9).JPG,2094.4,926.9,1770.5,225.2
839/11,641,38526,E 190_839_11 Southampton 25 Dec 1696 - 24 Jun 1697 (9).JPG,0.7105191176,3.00,-1670,-861,448,270,1258,160,839_11/E 190_839_11 Southampton 25 Dec 1696 - 24 Jun 1697 (9).JPG,2094.4,926.9,1770.5,225.2
839/11,642,38527,E 190_839_11 Southampton 25 Dec 1696 - 24 Jun 1697 (9).JPG,0.7105191176,3.00,-1670,-861,449,510,1258,121,839_11/E 190_839_11 Southampton 25 Dec 1696 - 24 Jun 1697 (9).JPG,2095.8,1264.7,1770.5,170.3
839/11,643,38528,E 190_839_11 Southampton 25 Dec 1696 - 24 Jun 1697 (9).JPG,0.7105191176,0.00,-1685,-1799,443,223,1258,121,839_11/E 190_839_11 Southampton 25 Dec 1696 - 24 Jun 1697 (9).JPG,2108.4,2180.9,1770.5,170.3
839/11,644,38529,E 190_839_11 Southampton 25 Dec 1696 - 24 Jun 1697 (10).JPG,0.5872058824,0.00,-1617,-1248,494,290,1046,121,839_11/E 190_839_11 Southampton 25 Dec 1696 - 24 Jun 1697 (10).JPG,2065.3,1471.9,1781.3,206.1
839/11,645,38530,E 190_839_11 Southampton 25 Dec 1696 - 24 Jun 1697 (10).JPG,0.5872058824,0.00,-1617,-1248,498,377,1046,121,839_11/E 190_839_11 Southampton 25 Dec 1696 - 24 Jun 1697 (10).JPG,2072.1,1620.1,1781.3,206.1
839/11,646,38531,E 190_839_11 Southampton 25 Dec 1696 - 24 Jun 1697 (10).JPG,0.5872058824,0.00,-1617,-1248,501,474,1046,121,839_11/E 190_839_11 Southampton 25 Dec 1696 - 24 Jun 1697 (10).JPG,2077.2,1785.3,1781.3,206.1
839/11,647,38532,E 190_839_11 Southampton 25 Dec 1696 - 24 Jun 1697 (11).JPG,0.5872058824,0.00,-855,-984,234,282,1021,125,839_11/E 190_839_11 Southampton 25 Dec 1696 - 24 Jun 1697 (11).JPG,324.9,1008.7,1738.7,212.9
839/11,648,38533,E 190_839_11 Southampton 25 Dec 1696 - 24 Jun 1697 (11).JPG,0.6330725338,0.00,-1530,-918,563,263,1216,101,839_11/E 190_839_11 Southampton 25 Dec 1696 - 24 Jun 1697 (11).JPG,2044.9,919.6,1920.8,159.5
839/11,649,38534,E 190_839_11 Southampton 25 Dec 1696 - 24 Jun 1697 (11).JPG,0.6330725338,0.00,-1530,-918,580,447,1216,101,839_11/E 190_839_11 Southampton 25 Dec 1696 - 24 Jun 1697 (11).JPG,2071.7,1210.2,1920.8,159.5
839/11,650,38535,E 190_839_11 Southampton 25 Dec 1696 - 24 Jun 1697 (11).JPG,0.6330725338,0.00,-1530,-918,568,618,1216,101,839_11/E 190_839_11 Southampton 25 Dec 1696 - 24 Jun 1697 (11).JPG,2052.8,1480.4,1920.8,159.5
839/11,651,38536,E 190_839_11 Southampton 25 Dec 1696 - 24 Jun 1697 (12).JPG,0.6459264706,3.00,-1533,-776,582,286,1138,118,839_11/E 190_839_11 Southampton 25 Dec 1696 - 24 Jun 1697 (12).JPG,2081.6,749.5,1761.8,182.7
839/11,652,38537,E 190_839_11 Southampton 25 Dec 1696 - 24 Jun 1697 (12).JPG,0.6459264706,3.00,-1555,-1530,534,266,1138,118,839_11/E 190_839_11 Southampton 25 Dec 1696 - 24 Jun 1697 (12).JPG,2041.3,1885.9,1761.8,182.7
839/11,653,38538,E 190_839_11 Southampton 25 Dec 1696 - 24 Jun 1697 (13).JPG,0.6459264706,3.00,-606,-1363,349,354,1156,132,839_11/E 190_839_11 Southampton 25 Dec 1696 - 24 Jun 1697 (13).JPG,285.7,1763.6,1789.7,204.4
839/11,654,38539,E 190_839_11 Southampton 25 Dec 1696 - 24 Jun 1697 (13).JPG,0.6394672059,3.00,-1389,-827,700,245,1156,132,839_11/E 190_839_11 Southampton 25 Dec 1696 - 24 Jun 1697 (13).JPG,2039.9,756.3,1807.8,206.4
839/11,655,38540,E 190_839_11 Southampton 25 Dec 1696 - 24 Jun 1697 (13).JPG,0.6394672059,3.00,-1496,-1624,584,314,1156,102,839_11/E 190_839_11 Southampton 25 Dec 1696 - 24 Jun 1697 (13).JPG,2025.9,2110.5,1807.8,159.5
839/11,656,38541,E 190_839_11 Southampton 25 Dec 1696 - 24 Jun 1697 (14).JPG,0.7815710294,0.00,-503,-1282,223,331,1350,151,839_11/E 190_839_11 Southampton 25 Dec 1696 - 24 Jun 1697 (14).JPG,320.8,1607.7,1727.3,193.2
839/11,657,38542,E 190_839_11 Southampton 25 Dec 1696 - 24 Jun 1697 (14).JPG,0.7815710294,0.00,-549,-1936,209,234,1350,151,839_11/E 190_839_11 Southampton 25 Dec 1696 - 24 Jun 1697 (14).JPG,361.7,2320.4,1727.3,193.2
839/4,630,38515,E 190_839_4 Southampton 24 Jun 1696 - 25 Dec 1696 (13).JPG,0.8597281324,0.00,-528,-1229,44,309,1518,173,839_4/E 190_839_4 Southampton 24 Jun 1696 - 25 Dec 1696 (13).JPG,310.3,1522.7,1765.7,201.2
839/4,631,38516,E 190_839_4 Southampton 24 Jun 1696 - 25 Dec 1696 (14).JPG,0.7815710294,0.00,-730,-1022,13,324,1347,152,839_4/E 190_839_4 Southampton 24 Jun 1696 - 25 Dec 1696 (14).JPG,342.5,1266.1,1723.5,194.5
839/4,632,38517,E 190_839_4 Southampton 24 Jun 1696 - 25 Dec 1696 (14).JPG,0.7815710294,0.00,-730,-1022,20,457,1347,152,839_4/E 190_839_4 Southampton 24 Jun 1696 - 25 Dec 1696 (14).JPG,351.5,1436.2,1723.5,194.5
839/4,633,38518,E 190_839_4 Southampton 24 Jun 1696 - 25 Dec 1696 (14).JPG,0.8903586675,0.00,-1806,-1672,285,403,1570,152,839_4/E 190_839_4 Southampton 24 Jun 1696 - 25 Dec 1696 (14).JPG,2080.5,2129.6,1763.3,170.7
839/4,634,38519,E 190_839_4 Southampton 24 Jun 1696 - 25 Dec 1696 (15).JPG,0.7105191176,3.00,-1693,-981,428,253,1225,135,839_4/E 190_839_4 Southampton 24 Jun 1696 - 25 Dec 1696 (15).JPG,2098.6,1071.8,1724.1,190.0
839/4,635,38520,E 190_839_4 Southampton 24 Jun 1696 - 25 Dec 1696 (16).JPG,0.7815710294,0.00,-459,-918,259,352,1372,140,839_4/E 190_839_4 Southampton 24 Jun 1696 - 25 Dec 1696 (16).JPG,310.5,1168.8,1755.4,179.1
839/4,636,38521,E 190_839_4 Southampton 24 Jun 1696 - 25 Dec 1696 (25).JPG,0.5872058824,-180.00,-1552,-805,612,130,1035,153,839_4/E 190_839_4 Southampton 24 Jun 1696 - 25 Dec 1696 (25).JPG,2155.6,445.0,1762.6,260.6
839/4,637,38522,E 190_839_4 Southampton 24 Jun 1696 - 25 Dec 1696 (25).JPG,0.5872058824,-180.00,-1552,-805,609,260,1035,153,839_4/E 190_839_4 Southampton 24 Jun 1696 - 25 Dec 1696 (25).JPG,2150.5,666.4,1762.6,260.6
840/3,685,38570,E 190_840_3 Southampton Customer Overseas 1697 (8).JPG,0.7105191176,-3.00,-1758,-1129,410,501,1274,116,840_3/E 190_840_3 Southampton Customer Overseas 1697 (8).JPG,2164.7,1629.2,1793.1,163.3
840/3,686,38571,E 190_840_3 Southampton Customer Overseas 1697 (31).JPG,0.4661715931,-177.00,-1365,-975,13,592,1659,179,840_3/E 190_840_3 Southampton Customer Overseas 1697 (31).JPG,464.2,1492.6,3558.8,384.0
840/5,658,38543,E 190_840_5 Southampton Customer and Controller Coastal 1696 (12).JPG,0.5872058824,0.00,-888,-1278,256,525,1017,109,840_5/E 190_840_5 Southampton Customer and Controller Coastal 1696 (12).JPG,418.5,1923.2,1731.9,185.6
840/5,659,38544,E 190_840_5 Southampton Customer and Controller Coastal 1696 (12).JPG,0.5872058824,0.00,-1529,-1259,615,298,1017,109,840_5/E 190_840_5 Southampton Customer and Controller Coastal 1696 (12).JPG,2121.5,1504.3,1731.9,185.6
840/5,660,38545,E 190_840_5 Southampton Customer and Controller Coastal 1696 (16).JPG,0.7815710294,0.00,-569,-2000,262,418,1313,126,840_5/E 190_840_5 Southampton Customer and Controller Coastal 1696 (16).JPG,455.1,2637.7,1679.9,161.2
840/5,661,38546,E 190_840_5 Southampton Customer and Controller Coastal 1696 (16).JPG,0.7583575883,0.00,-1632,-608,514,349,1313,126,840_5/E 190_840_5 Southampton Customer and Controller Coastal 1696 (16).JPG,2136.4,741.9,1731.4,166.1
840/5,662,38547,E 190_840_5 Southampton Customer and Controller Coastal 1696 (16).JPG,0.7583575883,0.00,-1668,-1375,474,283,1313,126,840_5/E 190_840_5 Southampton Customer and Controller Coastal 1696 (16).JPG,2131.2,1666.3,1731.4,166.1
840/5,663,38548,E 190_840_5 Southampton Customer and Controller Coastal 1696 (17).JPG,0.7105191176,0.00,-1594,-657,554,336,1232,113,840_5/E 190_840_5 Southampton Customer and Controller Coastal 1696 (17).JPG,2136.6,732.7,1733.9,159.0
840/5,664,38549,E 190_840_5 Southampton Customer and Controller Coastal 1696 (17).JPG,0.7105191176,0.00,-1791,-1785,359,301,1232,113,840_5/E 190_840_5 Southampton Customer and Controller Coastal 1696 (17).JPG,2139.4,2271.0,1733.9,159.0
840/8,665,38550,E 190_840_8 Southampton Customer and Controller Coastal 1697 (10).JPG,0.5872058824,0.00,-1551,-1289,587,160,1063,118,840_8/E 190_840_8 Southampton Customer and Controller Coastal 1697 (10).JPG,2111.3,1320.4,1810.3,201.0
840/8,666,38551,E 190_840_8 Southampton Customer and Controller Coastal 1697 (12).JPG,0.5338235294,-3.00,-627,-950,592,378,916,96,840_8/E 190_840_8 Southampton Customer and Controller Coastal 1697 (12).JPG,383.3,1062.5,1715.9,179.8
840/8,667,38552,E 190_840_8 Southampton Customer and Controller Coastal 1697 (12).JPG,0.6459264706,3.00,-1616,-1069,510,538,1165,105,840_8/E 190_840_8 Southampton Customer and Controller Coastal 1697 (12).JPG,2098.6,1593.3,1803.6,162.6
840/8,668,38553,E 190_840_8 Southampton Customer and Controller Coastal 1697 (12).JPG,0.6459264706,3.00,-1605,-1469,493,400,1165,123,840_8/E 190_840_8 Southampton Customer and Controller Coastal 1697 (12).JPG,2055.2,1998.9,1803.6,190.4
840/8,669,38554,E 190_840_8 Southampton Customer and Controller Coastal 1697 (13).JPG,0.5872058824,-183.00,-679,-843,448,372,985,117,840_8/E 190_840_8 Southampton Customer and Controller Coastal 1697 (13).JPG,389.6,921.9,1677.4,199.2
840/8,670,38555,E 190_840_8 Southampton Customer and Controller Coastal 1697 (13).JPG,0.5872058824,-183.00,-679,-843,449,461,985,96,840_8/E 190_840_8 Southampton Customer and Controller Coastal 1697 (13).JPG,391.3,1073.4,1677.4,163.5
840/8,671,38556,E 190_840_8 Southampton Customer and Controller Coastal 1697 (13).JPG,0.7105191176,-180.00,-1798,-1201,326,359,1284,118,840_8/E 190_840_8 Southampton Customer and Controller Coastal 1697 (13).JPG,2102.8,1530.7,1807.1,166.1
840/8,672,38557,E 190_840_8 Southampton Customer and Controller Coastal 1697 (14).JPG,0.7105191176,0.00,-1672,-490,451,571,1277,99,840_8/E 190_840_8 Southampton Customer and Controller Coastal 1697 (14).JPG,2101.4,828.4,1797.3,139.3
840/8,673,38558,E 190_840_8 Southampton Customer and Controller Coastal 1697 (14).JPG,0.7105191176,0.00,-1886,-2009,226,224,1277,99,840_8/E 190_840_8 Southampton Customer and Controller Coastal 1697 (14).JPG,2085.9,2477.9,1797.3,139.3
840/8,674,38559,E 190_840_8 Southampton Customer and Controller Coastal 1697 (15).JPG,0.6459264706,0.00,-730,-1132,314,278,1091,121,840_8/E 190_840_8 Southampton Customer and Controller Coastal 1697 (15).JPG,423.5,1288.3,1689.0,187.3
840/8,675,38560,E 190_840_8 Southampton Customer and Controller Coastal 1697 (15).JPG,0.6459264706,0.00,-1686,-1687,451,333,1091,121,840_8/E 190_840_8 Southampton Customer and Controller Coastal 1697 (15).JPG,2115.6,2232.7,1689.0,187.3
840/8,676,38561,E 190_840_8 Southampton Customer and Controller Coastal 1697 (15).JPG,0.6459264706,0.00,-1686,-1687,459,495,1091,108,840_8/E 190_840_8 Southampton Customer and Controller Coastal 1697 (15).JPG,2128.0,2483.5,1689.0,167.2
840/8,677,38562,E 190_840_8 Southampton Customer and Controller Coastal 1697 (16).JPG,0.5872058824,0.00,-907,-1437,235,302,996,110,840_8/E 190_840_8 Southampton Customer and Controller Coastal 1697 (16).JPG,415.1,1814.2,1696.2,187.3
840/8,678,38563,E 190_840_8 Southampton Customer and Controller Coastal 1697 (16).JPG,0.5872058824,0.00,-1708,-1415,436,413,996,110,840_8/E 190_840_8 Southampton Customer and Controller Coastal 1697 (16).JPG,2121.5,1965.8,1696.2,187.3
840/8,679,38564,E 190_840_8 Southampton Customer and Controller Coastal 1697 (17).JPG,0.5872058824,0.00,-826,-914,310,341,1012,123,840_8/E 190_840_8 Southampton Customer and Controller Coastal 1697 (17).JPG,404.9,990.0,1723.4,209.5
841/4,687,38572,E 190_841_4 Southampton 25 Dec 1698 - 24 Jun 1699 (3).JPG,0.6939705882,3.00,-589,-1735,222,255,1269,116,841_4/E 190_841_4 Southampton 25 Dec 1698 - 24 Jun 1699 (3).JPG,209.1,2147.9,1828.6,167.2
841/4,688,38573,E 190_841_4 Southampton 25 Dec 1698 - 24 Jun 1699 (3).JPG,0.6939705882,3.00,-589,-1735,222,349,1269,116,841_4/E 190_841_4 Southampton 25 Dec 1698 - 24 Jun 1699 (3).JPG,209.1,2283.3,1828.6,167.2
841/4,689,38574,E 190_841_4 Southampton 25 Dec 1698 - 24 Jun 1699 (3).JPG,0.8066167075,3.00,-1800,-480,275,269,1471,145,841_4/E 190_841_4 Southampton 25 Dec 1698 - 24 Jun 1699 (3).JPG,2050.8,537.3,1823.7,179.8
841/4,690,38575,E 190_841_4 Southampton 25 Dec 1698 - 24 Jun 1699 (4).JPG,0.7105191176,0.00,-638,-1148,288,209,1276,142,841_4/E 190_841_4 Southampton 25 Dec 1698 - 24 Jun 1699 (4).JPG,416.7,1245.0,1795.9,199.9
841/4,691,38576,E 190_841_4 Southampton 25 Dec 1698 - 24 Jun 1699 (5).JPG,0.7105191176,0.00,-760,-857,132,320,1303,156,841_4/E 190_841_4 Southampton 25 Dec 1698 - 24 Jun 1699 (5).JPG,368.9,991.6,1833.9,219.6
841/4,692,38577,E 190_841_4 Southampton 25 Dec 1698 - 24 Jun 1699 (5).JPG,0.7105191176,0.00,-770,-1629,134,401,1303,115,841_4/E 190_841_4 Southampton 25 Dec 1698 - 24 Jun 1699 (5).JPG,385.8,2192.2,1833.9,161.9
841/4,693,38578,E 190_841_4 Southampton 25 Dec 1698 - 24 Jun 1699 (5).JPG,0.8341933471,-3.00,-1945,-1478,265,321,1519,115,841_4/E 190_841_4 Southampton 25 Dec 1698 - 24 Jun 1699 (5).JPG,2216.8,1832.2,1820.9,137.9
841/4,694,38579,E 190_841_4 Southampton 25 Dec 1698 - 24 Jun 1699 (6).JPG,0.6794117647,3.00,-1729,-701,485,290,1250,226,841_4/E 190_841_4 Southampton 25 Dec 1698 - 24 Jun 1699 (6).JPG,2231.9,688.5,1839.8,332.6
841/4,695,38580,E 190_841_4 Southampton 25 Dec 1698 - 24 Jun 1699 (6).JPG,0.6794117647,3.00,-1729,-701,484,468,1250,163,841_4/E 190_841_4 Southampton 25 Dec 1698 - 24 Jun 1699 (6).JPG,2230.5,950.5,1839.8,239.9
841/4,696,38581,E 190_841_4 Southampton 25 Dec 1698 - 24 Jun 1699 (8).JPG,0.6459264706,0.00,-769,-1144,248,304,1175,136,841_4/E 190_841_4 Southampton 25 Dec 1698 - 24 Jun 1699 (8).JPG,381.7,1347.1,1819.1,210.6
841/4,697,38582,E 190_841_4 Southampton 25 Dec 1698 - 24 Jun 1699 (9).JPG,0.6405882353,0.00,-694,-543,351,409,1143,214,841_4/E 190_841_4 Southampton 25 Dec 1698 - 24 Jun 1699 (9).JPG,410.4,570.5,1784.3,334.1
841/4,698,38584,E 190_841_4 Southampton 25 Dec 1698 - 24 Jun 1699 (9).JPG,0.6405882353,0.00,-694,-543,341,592,1143,126,841_4/E 190_841_4 Southampton 25 Dec 1698 - 24 Jun 1699 (9).JPG,394.8,856.2,1784.3,196.7
841/4,699,38585,E 190_841_4 Southampton 25 Dec 1698 - 24 Jun 1699 (11).JPG,0.6459264706,0.00,-861,-1489,172,149,1169,233,841_4/E 190_841_4 Southampton 25 Dec 1698 - 24 Jun 1699 (11).JPG,406.4,1641.3,1809.8,360.7
841/4,700,38586,E 190_841_4 Southampton 25 Dec 1698 - 24 Jun 1699 (13).JPG,0.6308823529,3.00,-1696,-900,516,278,1153,166,841_4/E 190_841_4 Southampton 25 Dec 1698 - 24 Jun 1699 (13).JPG,2233.1,912.4,1827.6,263.1
841/4,701,38587,E 190_841_4 Southampton 25 Dec 1698 - 24 Jun 1699 (16).JPG,0.6308823529,0.00,-1657,-1819,546,278,1166,144,841_4/E 190_841_4 Southampton 25 Dec 1698 - 24 Jun 1699 (16).JPG,2218.8,2369.1,1848.2,228.3
841/4,702,38588,E 190_841_4 Southampton 25 Dec 1698 - 24 Jun 1699 (17).JPG,0.7105191176,0.00,-1707,-1336,496,383,1303,139,841_4/E 190_841_4 Southampton 25 Dec 1698 - 24 Jun 1699 (17).JPG,2214.0,1754.4,1833.9,195.6
841/4,703,38589,E 190_841_4 Southampton 25 Dec 1698 - 24 Jun 1699 (17).JPG,0.6459264706,0.00,-1581,-1318,651,500,1165,136,841_4/E 190_841_4 Southampton 25 Dec 1698 - 24 Jun 1699 (17).JPG,2262.7,1920.0,1803.6,210.6
841/4,704,38590,E 190_841_4 Southampton 25 Dec 1698 - 24 Jun 1699 (18).JPG,0.6459264706,0.00,-1667,-1730,550,212,1166,150,841_4/E 190_841_4 Southampton 25 Dec 1698 - 24 Jun 1699 (18).JPG,2239.5,2111.9,1805.2,232.2
841/4,705,38591,E 190_841_4 Southampton 25 Dec 1698 - 24 Jun 1699 (18).JPG,0.6459264706,0.00,-1668,-1729,546,315,1166,132,841_4/E 190_841_4 Southampton 25 Dec 1698 - 24 Jun 1699 (18).JPG,2234.8,2269.8,1805.2,204.4
841/4,706,38592,E 190_841_4 Southampton 25 Dec 1698 - 24 Jun 1699 (19).JPG,0.6459264706,0.00,-837,-2042,239,182,1153,116,841_4/E 190_841_4 Southampton 25 Dec 1698 - 24 Jun 1699 (19).JPG,473.0,2548.5,1785.0,179.6
841/4,707,38593,E 190_841_4 Southampton 25 Dec 1698 - 24 Jun 1699 (21).JPG,0.6394672059,3.00,-1695,-886,519,340,1151,110,841_4/E 190_841_4 Southampton 25 Dec 1698 - 24 Jun 1699 (21).JPG,2235.4,997.1,1799.9,172.0
841/4,708,38594,E 190_841_4 Southampton 25 Dec 1698 - 24 Jun 1699 (21).JPG,0.6825218294,3.00,-1692,-973,519,340,1151,110,841_4/E 190_841_4 Southampton 25 Dec 1698 - 24 Jun 1699 (21).JPG,2227.3,1164.6,1686.4,161.2
841/4,709,38595,E 190_841_4 Southampton 25 Dec 1698 - 24 Jun 1699 (28).JPG,0.6459264706,-3.00,-791,-1082,309,366,1129,149,841_4/E 190_841_4 Southampton 25 Dec 1698 - 24 Jun 1699 (28).JPG,510.2,1347.1,1747.9,230.7
841/4,710,38596,E 190_841_4 Southampton 25 Dec 1698 - 24 Jun 1699 (33).JPG,0.6825218294,0.00,-1057,-990,51,443,1117,149,841_4/E 190_841_4 Southampton 25 Dec 1698 - 24 Jun 1699 (33).JPG,611.2,1340.4,1636.6,218.3
841/4,711,38597,E 190_841_4 Southampton 25 Dec 1698 - 24 Jun 1699 (33).JPG,0.8094169705,0.00,-875,-1212,51,443,1327,176,841_4/E 190_841_4 Southampton 25 Dec 1698 - 24 Jun 1699 (33).JPG,631.7,1660.4,1639.5,217.4
841/4,712,38598,E 190_841_4 Southampton 25 Dec 1698 - 24 Jun 1699 (33).JPG,0.8094169705,3.00,-2194,-1545,32,196,1401,163,841_4/E 190_841_4 Southampton 25 Dec 1698 - 24 Jun 1699 (33).JPG,2237.8,1766.7,1730.9,201.4
841/4,713,38599,E 190_841_4 Southampton 25 Dec 1698 - 24 Jun 1699 (33).JPG,0.8094169705,3.00,-2194,-1545,30,303,1401,163,841_4/E 190_841_4 Southampton 25 Dec 1698 - 24 Jun 1699 (33).JPG,2235.3,1898.9,1730.9,201.4
841/4,714,38600,E 190_841_4 Southampton 25 Dec 1698 - 24 Jun 1699 (34).JPG,0.7105191176,0.00,-809,-887,215,364,1208,144,841_4/E 190_841_4 Southampton 25 Dec 1698 - 24 Jun 1699 (34).JPG,554.7,1095.8,1700.2,202.7
841/4,715,38601,E 190_841_4 Southampton 25 Dec 1698 - 24 Jun 1699 (34).JPG,0.7105191176,0.00,-822,-1350,209,217,1208,144,841_4/E 190_841_4 Southampton 25 Dec 1698 - 24 Jun 1699 (34).JPG,564.5,1540.5,1700.2,202.7
841/4,716,38602,E 190_841_4 Southampton 25 Dec 1698 - 24 Jun 1699 (36).JPG,0.7046470588,0.00,-825,-1630,189,340,1236,109,841_4/E 190_841_4 Southampton 25 Dec 1698 - 24 Jun 1699 (36).JPG,526.9,2111.7,1754.1,154.7
841/4,717,38603,E 190_841_4 Southampton 25 Dec 1698 - 24 Jun 1699 (39).JPG,0.7105191176,0.00,-1728,-1054,506,220,1259,166,841_4/E 190_841_4 Southampton 25 Dec 1698 - 24 Jun 1699 (39).JPG,2257.6,1128.1,1771.9,233.6
841/4,718,38604,E 190_841_4 Southampton 25 Dec 1698 - 24 Jun 1699 (39).JPG,0.7583575883,0.00,-1775,-1042,506,220,1259,166,841_4/E 190_841_4 Southampton 25 Dec 1698 - 24 Jun 1699 (39).JPG,2314.5,1144.1,1660.2,218.9
841/4,719,38605,E 190_841_4 Southampton 25 Dec 1698 - 24 Jun 1699 (39).JPG,0.6622502486,0.00,-1823,-1035,389,382,1199,140,841_4/E 190_841_4 Southampton 25 Dec 1698 - 24 Jun 1699 (39).JPG,2230.4,1307.3,1810.5,211.4
841/4,720,38606,E 190_841_4 Southampton 25 Dec 1698 - 24 Jun 1699 (39).JPG,0.8013228008,0.00,-1892,-1379,362,153,1408,198,841_4/E 190_841_4 Southampton 25 Dec 1698 - 24 Jun 1699 (39).JPG,2273.3,1507.2,1757.1,247.1
841/4,721,38607,E 190_841_4 Southampton 25 Dec 1698 - 24 Jun 1699 (40).JPG,0.6459264706,0.00,-1652,-1884,596,226,1147,168,841_4/E 190_841_4 Southampton 25 Dec 1698 - 24 Jun 1699 (40).JPG,2287.5,2372.0,1775.7,260.1
841/7,680,38565,E 190_841_7 Southampton 24 Jun 1698 - 25 Dec 1698 (11).JPG,0.5872058824,-6.00,-821,-1275,317,210,1051,128,841_7/E 190_841_7 Southampton 24 Jun 1698 - 25 Dec 1698 (11).JPG,408.3,1381.7,1789.8,218.0
841/7,681,38566,E 190_841_7 Southampton 24 Jun 1698 - 25 Dec 1698 (16).JPG,0.6405882353,-3.00,-610,-1114,376,301,1165,144,841_7/E 190_841_7 Southampton 24 Jun 1698 - 25 Dec 1698 (16).JPG,318.3,1293.2,1818.6,224.8
841/7,682,38567,E 190_841_7 Southampton 24 Jun 1698 - 25 Dec 1698 (16).JPG,0.6405882353,6.00,-1685,-869,493,273,1165,120,841_7/E 190_841_7 Southampton 24 Jun 1698 - 25 Dec 1698 (16).JPG,2179.1,867.1,1818.6,187.3
841/7,683,38568,E 190_841_7 Southampton 24 Jun 1698 - 25 Dec 1698 (19).JPG,0.6341823529,3.00,-1652,-1416,511,324,1178,102,841_7/E 190_841_7 Southampton 24 Jun 1698 - 25 Dec 1698 (19).JPG,2155.5,1802.3,1857.5,160.8
841/7,684,38569,E 190_841_7 Southampton 24 Jun 1698 - 25 Dec 1698 (29).JPG,0.8597281324,0.00,-421,-2114,137,86,1558,411,841_7/E 190_841_7 Southampton 24 Jun 1698 - 25 Dec 1698 (29).JPG,294.0,2292.7,1812.2,478.1
842/4,734,38620,E 190_842_4 Southampton Controller Overseas imported wines 1699 (11).JPG,0.4288235294,0.00,-895,-1604,219,460,970,200,842_4/E 190_842_4 Southampton Controller Overseas imported wines 1699 (11).JPG,424.0,1914.8,2262.0,466.4
842/7,722,38608,E 190_842_7 Southampton Customer and Controller Coastal 1698 (4).JPG,0.6459264706,-6.00,-976,-951,306,580,946,163,842_7/E 190_842_7 Southampton Customer and Controller Coastal 1698 (4).JPG,791.9,1475.6,1464.6,252.4
842/7,723,38609,E 190_842_7 Southampton Customer and Controller Coastal 1698 (4).JPG,0.6459264706,-6.00,-976,-951,311,699,946,137,842_7/E 190_842_7 Southampton Customer and Controller Coastal 1698 (4).JPG,799.7,1659.9,1464.6,212.1
842/7,724,38610,E 190_842_7 Southampton Customer and Controller Coastal 1698 (5).JPG,0.6459264706,3.00,-1707,-1432,488,623,998,135,842_7/E 190_842_7 Southampton Customer and Controller Coastal 1698 (5).JPG,2205.4,2286.9,1545.1,209.0
842/7,725,38611,E 190_842_7 Southampton Customer and Controller Coastal 1698 (5).JPG,0.6459264706,3.00,-1699,-1790,493,369,998,135,842_7/E 190_842_7 Southampton Customer and Controller Coastal 1698 (5).JPG,2200.8,2447.9,1545.1,209.0
842/7,726,38612,E 190_842_7 Southampton Customer and Controller Coastal 1698 (8).JPG,0.6459264706,3.00,-1577,-853,661,216,1023,173,842_7/E 190_842_7 Southampton Customer and Controller Coastal 1698 (8).JPG,2272.0,760.4,1583.8,267.8
842/7,727,38613,E 190_842_7 Southampton Customer and Controller Coastal 1698 (9).JPG,0.5872058824,-6.00,-934,-1201,361,458,914,111,842_7/E 190_842_7 Southampton Customer and Controller Coastal 1698 (9).JPG,675.7,1678.0,1556.5,189.0
842/7,728,38614,E 190_842_7 Southampton Customer and Controller Coastal 1698 (17).JPG,0.6459264706,0.00,-774,-1189,362,342,1002,136,842_7/E 190_842_7 Southampton Customer and Controller Coastal 1698 (17).JPG,565.9,1475.6,1551.3,210.6
842/7,729,38615,E 190_842_7 Southampton Customer and Controller Coastal 1698 (20).JPG,0.9457009456,0.00,-312,-350,319,360,1472,227,842_7/E 190_842_7 Southampton Customer and Controller Coastal 1698 (20).JPG,542.3,657.1,1556.5,240.0
842/7,730,38616,E 190_842_7 Southampton Customer and Controller Coastal 1698 (20).JPG,1.0195696464,3.00,-1980,-975,159,98,1597,259,842_7/E 190_842_7 Southampton Customer and Controller Coastal 1698 (20).JPG,2139.7,1083.7,1566.3,254.0
842/7,731,38617,E 190_842_7 Southampton Customer and Controller Coastal 1698 (22).JPG,0.6459264706,3.00,-1598,-1259,540,184,1029,102,842_7/E 190_842_7 Southampton Customer and Controller Coastal 1698 (22).JPG,2117.2,1339.4,1593.1,157.9
842/7,732,38618,E 190_842_7 Southampton Customer and Controller Coastal 1698 (23).JPG,0.6459264706,3.00,-1506,-905,643,148,1015,147,842_7/E 190_842_7 Southampton Customer and Controller Coastal 1698 (23).JPG,2134.2,735.6,1571.4,227.6
842/7,733,38619,E 190_842_7 Southampton Customer and Controller Coastal 1698 (32).JPG,0.6459264706,0.00,-710,-1205,402,374,1045,136,842_7/E 190_842_7 Southampton Customer and Controller Coastal 1698 (32).JPG,528.8,1549.9,1617.8,210.6
842/9,737,38623,E 190_842_9 Southampton Customer and Controller Coastal 1699 (4).JPG,0.5707641176,0.00,-667,-1984,303,240,1169,161,842_9/E 190_842_9 Southampton Customer and Controller Coastal 1699 (4).JPG,472.2,2260.1,2048.1,282.1
842/9,738,38624,E 190_842_9 Southampton Customer and Controller Coastal 1699 (4).JPG,0.5707641176,0.00,-663,-1984,297,372,1169,154,842_9/E 190_842_9 Southampton Customer and Controller Coastal 1699 (4).JPG,454.6,2491.4,2048.1,269.8
842/9,739,38625,E 190_842_9 Southampton Customer and Controller Coastal 1699 (8).JPG,0.5882352941,3.00,-732,-1968,190,331,1246,202,842_9/E 190_842_9 Southampton Customer and Controller Coastal 1699 (8).JPG,425.0,2385.1,2118.2,343.4
842/9,740,38626,E 190_842_9 Southampton Customer and Controller Coastal 1699 (44).JPG,0.7117647059,0.00,-600,-1078,234,191,1615,153,842_9/E 190_842_9 Southampton Customer and Controller Coastal 1699 (44).JPG,510.8,901.7,2269.0,215.0
842/9,741,38627,E 190_842_9 Southampton Customer and Controller Coastal 1699 (52).JPG,0.8612352941,-3.00,-675,-1507,119,216,1651,136,842_9/E 190_842_9 Southampton Customer and Controller Coastal 1699 (52).JPG,659.0,1650.0,1917.0,157.9
843/7,742,38628,E 190_843_7 Southampton 24 Jun 1700 - 25 Dec 1700 (12).JPG,0.7815710294,3.00,-1749,-853,406,202,1431,109,843_7/E 190_843_7 Southampton 24 Jun 1700 - 25 Dec 1700 (12).JPG,2149.1,893.7,1830.9,139.5
843/7,743,38629,E 190_843_7 Southampton 24 Jun 1700 - 25 Dec 1700 (18).JPG,0.5872058824,3.00,-1570,-1061,587,192,1063,127,843_7/E 190_843_7 Southampton 24 Jun 1700 - 25 Dec 1700 (18).JPG,2143.6,986.6,1810.3,216.3
843/7,744,38630,E 190_843_7 Southampton 24 Jun 1700 - 25 Dec 1700 (19).JPG,0.5872058824,0.00,-867,-1672,266,328,1049,120,843_7/E 190_843_7 Southampton 24 Jun 1700 - 25 Dec 1700 (19).JPG,399.8,2258.7,1786.4,204.4
843/7,745,38631,E 190_843_7 Southampton 24 Jun 1700 - 25 Dec 1700 (21).JPG,0.7105191176,0.00,-640,-743,271,160,1241,166,843_7/E 190_843_7 Southampton 24 Jun 1700 - 25 Dec 1700 (21).JPG,395.6,606.0,1746.6,233.6
843/7,746,38632,E 190_843_7 Southampton 24 Jun 1700 - 25 Dec 1700 (21).JPG,0.7105191176,0.00,-640,-743,264,270,1241,140,843_7/E 190_843_7 Southampton 24 Jun 1700 - 25 Dec 1700 (21).JPG,385.8,760.8,1746.6,197.0
843/7,747,38633,E 190_843_7 Southampton 24 Jun 1700 - 25 Dec 1700 (21).JPG,0.7660177659,0.00,-1812,-2125,349,327,1241,140,843_7/E 190_843_7 Southampton 24 Jun 1700 - 25 Dec 1700 (21).JPG,2156.4,2702.5,1620.1,182.8
843/7,748,38634,E 190_843_7 Southampton 24 Jun 1700 - 25 Dec 1700 (22).JPG,0.5872058824,0.00,-809,-1332,329,291,1033,111,843_7/E 190_843_7 Southampton 24 Jun 1700 - 25 Dec 1700 (22).JPG,408.3,1616.7,1759.2,189.0
843/7,749,38635,E 190_843_7 Southampton 24 Jun 1700 - 25 Dec 1700 (22).JPG,0.5872058824,0.00,-809,-1167,328,563,1033,96,843_7/E 190_843_7 Southampton 24 Jun 1700 - 25 Dec 1700 (22).JPG,406.6,1798.9,1759.2,163.5
843/7,750,38636,E 190_843_7 Southampton 24 Jun 1700 - 25 Dec 1700 (23).JPG,0.6459264706,3.00,-1556,-869,639,115,1099,230,843_7/E 190_843_7 Southampton 24 Jun 1700 - 25 Dec 1700 (23).JPG,2205.4,628.8,1701.4,356.1
843/7,751,38637,E 190_843_7 Southampton 24 Jun 1700 - 25 Dec 1700 (23).JPG,0.6459264706,0.00,-1639,-1503,548,218,1099,109,843_7/E 190_843_7 Southampton 24 Jun 1700 - 25 Dec 1700 (23).JPG,2193.0,1769.8,1701.4,168.7
843/7,752,38638,E 190_843_7 Southampton 24 Jun 1700 - 25 Dec 1700 (24).JPG,0.6459264706,0.00,-749,-1210,370,305,1063,99,843_7/E 190_843_7 Southampton 24 Jun 1700 - 25 Dec 1700 (24).JPG,539.6,1450.9,1645.7,153.3
843/7,753,38639,E 190_843_7 Southampton 24 Jun 1700 - 25 Dec 1700 (25).JPG,0.6459264706,3.00,-804,-1572,326,514,1081,127,843_7/E 190_843_7 Southampton 24 Jun 1700 - 25 Dec 1700 (25).JPG,556.6,2334.9,1673.6,196.6
843/7,754,38640,E 190_843_7 Southampton 24 Jun 1700 - 25 Dec 1700 (25).JPG,0.6459264706,3.00,-834,-2030,281,244,1081,106,843_7/E 190_843_7 Southampton 24 Jun 1700 - 25 Dec 1700 (25).JPG,533.4,2625.9,1673.6,164.1
843/7,755,38641,E 190_843_7 Southampton 24 Jun 1700 - 25 Dec 1700 (25).JPG,0.6459264706,6.00,-1676,-883,585,124,1081,147,843_7/E 190_843_7 Southampton 24 Jun 1700 - 25 Dec 1700 (25).JPG,2307.6,664.4,1673.6,227.6
843/7,756,38642,E 190_843_7 Southampton 24 Jun 1700 - 25 Dec 1700 (25).JPG,0.6459264706,3.00,-1704,-1760,491,135,1180,126,843_7/E 190_843_7 Southampton 24 Jun 1700 - 25 Dec 1700 (25).JPG,2205.4,2039.2,1826.8,195.1
843/7,757,38643,E 190_843_7 Southampton 24 Jun 1700 - 25 Dec 1700 (26).JPG,0.6963797872,-3.00,-534,-784,442,136,1255,289,843_7/E 190_843_7 Southampton 24 Jun 1700 - 25 Dec 1700 (26).JPG,452.8,609.6,1802.2,415.0
843/8,759,38645,E 190_843_8 Southampton 25 Dec 1700 - 24 Jun 1701 (10).JPG,0.7211905207,0.00,-656,-1698,313,499,1221,117,843_8/E 190_843_8 Southampton 25 Dec 1700 - 24 Jun 1701 (10).JPG,502.4,2415.4,1693.0,162.2
843/8,758,38644,E 190_843_8 Southampton 25 Dec 1700 - 24 Jun 1701 (12).JPG,0.8597281324,3.00,-344,-2246,226,128,1551,185,843_8/E 190_843_8 Southampton 25 Dec 1700 - 24 Jun 1701 (12).JPG,308.0,2495.1,1804.1,215.2
843/8,760,38646,E 190_843_8 Southampton 25 Dec 1700 - 24 Jun 1701 (15).JPG,0.8511308510,3.00,-1993,-672,206,119,1575,146,843_8/E 190_843_8 Southampton 25 Dec 1700 - 24 Jun 1701 (15).JPG,2203.0,643.9,1850.5,171.5
843/8,761,38647,E 190_843_8 Southampton 25 Dec 1700 - 24 Jun 1701 (15).JPG,0.8511308510,3.00,-1993,-672,210,219,1575,123,843_8/E 190_843_8 Southampton 25 Dec 1700 - 24 Jun 1701 (15).JPG,2207.7,761.4,1850.5,144.5
843/8,762,38648,E 190_843_8 Southampton 25 Dec 1700 - 24 Jun 1701 (15).JPG,0.8511308510,3.00,-1993,-672,200,300,1575,123,843_8/E 190_843_8 Southampton 25 Dec 1700 - 24 Jun 1701 (15).JPG,2196.0,856.6,1850.5,144.5
843/8,763,38649,E 190_843_8 Southampton 25 Dec 1700 - 24 Jun 1701 (15).JPG,0.8013228008,3.00,-1971,-842,172,248,1575,97,843_8/E 190_843_8 Southampton 25 Dec 1700 - 24 Jun 1701 (15).JPG,2134.8,955.6,1965.5,121.0
843/8,764,38650,E 190_843_8 Southampton 25 Dec 1700 - 24 Jun 1701 (15).JPG,0.8946937992,3.00,-1993,-818,172,248,1575,97,843_8/E 190_843_8 Southampton 25 Dec 1700 - 24 Jun 1701 (15).JPG,2163.7,999.4,1760.4,108.4
843/8,765,38651,E 190_843_8 Southampton 25 Dec 1700 - 24 Jun 1701 (16).JPG,0.8426195425,-3.00,-492,-524,149,324,1485,103,843_8/E 190_843_8 Southampton 25 Dec 1700 - 24 Jun 1701 (16).JPG,354.3,701.6,1762.4,122.2
843/8,766,38652,E 190_843_8 Southampton 25 Dec 1700 - 24 Jun 1701 (16).JPG,0.8426195425,-3.00,-492,-524,171,399,1485,103,843_8/E 190_843_8 Southampton 25 Dec 1700 - 24 Jun 1701 (16).JPG,380.4,790.6,1762.4,122.2
843/8,767,38653,E 190_843_8 Southampton 25 Dec 1700 - 24 Jun 1701 (16).JPG,0.8426195425,-3.00,-492,-524,168,460,1485,103,843_8/E 190_843_8 Southampton 25 Dec 1700 - 24 Jun 1701 (16).JPG,376.8,863.0,1762.4,122.2
843/8,768,38654,E 190_843_8 Southampton 25 Dec 1700 - 24 Jun 1701 (16).JPG,0.8426195425,-3.00,-533,-993,119,124,1485,103,843_8/E 190_843_8 Southampton 25 Dec 1700 - 24 Jun 1701 (16).JPG,367.4,1020.8,1762.4,122.2
843/8,769,38655,E 190_843_8 Southampton 25 Dec 1700 - 24 Jun 1701 (16).JPG,0.9268814968,0.00,-1998,-608,139,376,1720,102,843_8/E 190_843_8 Southampton 25 Dec 1700 - 24 Jun 1701 (16).JPG,2133.9,932.9,1855.7,110.0
843/8,770,38656,E 190_843_8 Southampton 25 Dec 1700 - 24 Jun 1701 (16).JPG,0.9268814968,0.00,-1998,-608,142,421,1720,102,843_8/E 190_843_8 Southampton 25 Dec 1700 - 24 Jun 1701 (16).JPG,2137.2,981.4,1855.7,110.0
843/8,771,38657,E 190_843_8 Southampton 25 Dec 1700 - 24 Jun 1701 (16).JPG,0.9268814968,0.00,-1998,-608,144,488,1720,102,843_8/E 190_843_8 Southampton 25 Dec 1700 - 24 Jun 1701 (16).JPG,2139.3,1053.7,1855.7,110.0
843/8,772,38658,E 190_843_8 Southampton 25 Dec 1700 - 24 Jun 1701 (17).JPG,0.8597281324,0.00,-542,-1193,60,377,1547,86,843_8/E 190_843_8 Southampton 25 Dec 1700 - 24 Jun 1701 (17).JPG,345.2,1559.9,1799.4,100.0
843/8,773,38659,E 190_843_8 Southampton 25 Dec 1700 - 24 Jun 1701 (17).JPG,0.8597281324,0.00,-542,-1193,62,433,1547,86,843_8/E 190_843_8 Southampton 25 Dec 1700 - 24 Jun 1701 (17).JPG,347.5,1625.0,1799.4,100.0
843/8,774,38660,E 190_843_8 Southampton 25 Dec 1700 - 24 Jun 1701 (17).JPG,0.8597281324,0.00,-542,-1193,59,490,1547,86,843_8/E 190_843_8 Southampton 25 Dec 1700 - 24 Jun 1701 (17).JPG,344.0,1691.3,1799.4,100.0
843/8,775,38661,E 190_843_8 Southampton 25 Dec 1700 - 24 Jun 1701 (17).JPG,0.8175928995,0.00,-608,-1190,56,554,1547,86,843_8/E 190_843_8 Southampton 25 Dec 1700 - 24 Jun 1701 (17).JPG,326.7,1769.0,1892.1,105.2
843/8,776,38662,E 190_843_8 Southampton 25 Dec 1700 - 24 Jun 1701 (17).JPG,0.8175928995,-3.00,-577,-1885,91,188,1547,86,843_8/E 190_843_8 Southampton 25 Dec 1700 - 24 Jun 1701 (17).JPG,331.6,2171.4,1892.1,105.2
843/8,777,38663,E 190_843_8 Southampton 25 Dec 1700 - 24 Jun 1701 (17).JPG,0.7933095728,0.00,-617,-2111,57,228,1547,86,843_8/E 190_843_8 Southampton 25 Dec 1700 - 24 Jun 1701 (17).JPG,282.7,2523.2,1950.1,108.4
843/8,778,38664,E 190_843_8 Southampton 25 Dec 1700 - 24 Jun 1701 (17).JPG,0.8215737366,0.00,-1971,-1926,153,290,1547,86,843_8/E 190_843_8 Southampton 25 Dec 1700 - 24 Jun 1701 (17).JPG,2112.7,2342.8,1883.0,104.7
843/8,779,38665,E 190_843_8 Southampton 25 Dec 1700 - 24 Jun 1701 (17).JPG,0.8215737366,0.00,-1971,-1926,139,344,1547,86,843_8/E 190_843_8 Southampton 25 Dec 1700 - 24 Jun 1701 (17).JPG,2095.7,2408.6,1883.0,104.7
843/8,780,38666,E 190_843_8 Southampton 25 Dec 1700 - 24 Jun 1701 (17).JPG,0.8215737366,0.00,-1971,-1926,144,403,1547,86,843_8/E 190_843_8 Southampton 25 Dec 1700 - 24 Jun 1701 (17).JPG,2101.8,2480.4,1883.0,104.7
843/8,781,38667,E 190_843_8 Southampton 25 Dec 1700 - 24 Jun 1701 (17).JPG,0.8215737366,0.00,-1971,-1926,129,464,1547,86,843_8/E 190_843_8 Southampton 25 Dec 1700 - 24 Jun 1701 (17).JPG,2083.5,2554.6,1883.0,104.7
843/8,782,38668,E 190_843_8 Southampton 25 Dec 1700 - 24 Jun 1701 (17).JPG,0.8215737366,0.00,-1971,-1926,123,516,1547,86,843_8/E 190_843_8 Southampton 25 Dec 1700 - 24 Jun 1701 (17).JPG,2076.2,2617.9,1883.0,104.7
843/8,783,38669,E 190_843_8 Southampton 25 Dec 1700 - 24 Jun 1701 (18).JPG,0.8597281324,0.00,-493,-584,205,391,1458,102,843_8/E 190_843_8 Southampton 25 Dec 1700 - 24 Jun 1701 (18).JPG,456.9,867.8,1695.9,118.6
843/8,788,38674,E 190_843_8 Southampton 25 Dec 1700 - 24 Jun 1701 (18).JPG,0.6267418085,3.00,-1669,-915,491,143,1174,71,843_8/E 190_843_8 Southampton 25 Dec 1700 - 24 Jun 1701 (18).JPG,2150.5,716.2,1873.2,113.3
843/8,789,38675,E 190_843_8 Southampton 25 Dec 1700 - 24 Jun 1701 (18).JPG,0.8341933471,3.00,-1987,-764,195,169,1507,92,843_8/E 190_843_8 Southampton 25 Dec 1700 - 24 Jun 1701 (18).JPG,2183.2,794.1,1806.5,110.3
843/8,790,38676,E 190_843_8 Southampton 25 Dec 1700 - 24 Jun 1701 (18).JPG,0.8341933471,3.00,-1987,-764,188,228,1507,92,843_8/E 190_843_8 Southampton 25 Dec 1700 - 24 Jun 1701 (18).JPG,2174.8,864.8,1806.5,110.3
843/8,791,38677,E 190_843_8 Southampton 25 Dec 1700 - 24 Jun 1701 (18).JPG,0.8341933471,3.00,-1987,-764,198,292,1507,92,843_8/E 190_843_8 Southampton 25 Dec 1700 - 24 Jun 1701 (18).JPG,2186.8,941.5,1806.5,110.3
843/8,792,38678,E 190_843_8 Southampton 25 Dec 1700 - 24 Jun 1701 (18).JPG,0.7933095728,0.00,-1935,-1682,200,157,1507,92,843_8/E 190_843_8 Southampton 25 Dec 1700 - 24 Jun 1701 (18).JPG,2124.3,1892.9,1899.6,116.0
843/8,793,38679,E 190_843_8 Southampton 25 Dec 1700 - 24 Jun 1701 (18).JPG,0.9233645304,0.00,-2011,-2350,190,205,1507,92,843_8/E 190_843_8 Southampton 25 Dec 1700 - 24 Jun 1701 (18).JPG,2203.1,2631.6,1632.1,99.6
843/8,794,38680,E 190_843_8 Southampton 25 Dec 1700 - 24 Jun 1701 (19).JPG,0.6756966111,0.00,-691,-1460,232,350,1256,95,843_8/E 190_843_8 Southampton 25 Dec 1700 - 24 Jun 1701 (19).JPG,321.6,1895.4,1858.8,140.6
844/8,784,38670,E 190_844_8 Southampton 24 Jun 1701 - 25 Dec 1701 (12).JPG,0.7105191176,0.00,-1740,-1357,404,419,1296,138,844_8/E 190_844_8 Southampton 24 Jun 1701 - 25 Dec 1701 (12).JPG,2131.0,1834.7,1824.0,194.2
844/8,785,38671,E 190_844_8 Southampton 24 Jun 1701 - 25 Dec 1701 (15).JPG,0.5872058824,3.00,-1536,-1451,609,207,1066,111,844_8/E 190_844_8 Southampton 24 Jun 1701 - 25 Dec 1701 (15).JPG,2123.2,1676.3,1815.4,189.0
844/8,786,38672,E 190_844_8 Southampton 24 Jun 1701 - 25 Dec 1701 (17).JPG,0.5872058824,3.00,-846,-1870,283,159,1030,103,844_8/E 190_844_8 Southampton 24 Jun 1701 - 25 Dec 1701 (17).JPG,393.0,2308.1,1754.1,175.4
844/8,796,38682,E 190_844_8 Southampton 24 Jun 1701 - 25 Dec 1701 (18).JPG,0.7815710294,3.00,-675,-1076,111,247,1379,139,844_8/E 190_844_8 Southampton 24 Jun 1701 - 25 Dec 1701 (18).JPG,397.5,1236.6,1764.4,177.8
844/8,795,38681,E 190_844_8 Southampton 24 Jun 1701 - 25 Dec 1701 (18).JPG,0.6459264706,3.00,-786,-1412,219,170,1156,126,844_8/E 190_844_8 Southampton 24 Jun 1701 - 25 Dec 1701 (18).JPG,363.1,1554.6,1789.7,195.1
844/8,797,38683,E 190_844_8 Southampton 24 Jun 1701 - 25 Dec 1701 (18).JPG,0.7583575883,6.00,-1833,-599,298,264,1379,158,844_8/E 190_844_8 Southampton 24 Jun 1701 - 25 Dec 1701 (18).JPG,2116.7,618.0,1818.4,208.3
844/8,798,38684,E 190_844_8 Southampton 24 Jun 1701 - 25 Dec 1701 (18).JPG,0.6756966111,0.00,-1854,-1571,289,318,1216,158,844_8/E 190_844_8 Southampton 24 Jun 1701 - 25 Dec 1701 (18).JPG,2127.2,2012.3,1799.6,233.8
844/8,799,38685,E 190_844_8 Southampton 24 Jun 1701 - 25 Dec 1701 (20).JPG,0.7105191176,0.00,-802,-2168,137,168,1255,123,844_8/E 190_844_8 Southampton 24 Jun 1701 - 25 Dec 1701 (20).JPG,435.0,2622.8,1766.3,173.1
844/8,800,38686,E 190_844_8 Southampton 24 Jun 1701 - 25 Dec 1701 (20).JPG,0.7105191176,3.00,-1784,-760,376,271,1255,123,844_8/E 190_844_8 Southampton 24 Jun 1701 - 25 Dec 1701 (20).JPG,2153.5,786.1,1766.3,173.1
844/8,801,38687,E 190_844_8 Southampton 24 Jun 1701 - 25 Dec 1701 (20).JPG,0.7105191176,3.00,-1784,-760,358,391,1255,123,844_8/E 190_844_8 Southampton 24 Jun 1701 - 25 Dec 1701 (20).JPG,2128.1,955.0,1766.3,173.1
844/8,802,38688,E 190_844_8 Southampton 24 Jun 1701 - 25 Dec 1701 (20).JPG,0.7105191176,3.00,-1784,-760,371,496,1255,123,844_8/E 190_844_8 Southampton 24 Jun 1701 - 25 Dec 1701 (20).JPG,2146.4,1102.8,1766.3,173.1
844/8,803,38689,E 190_844_8 Southampton 24 Jun 1701 - 25 Dec 1701 (23).JPG,0.7737553191,3.00,-1646,-763,513,323,1313,122,844_8/E 190_844_8 Southampton 24 Jun 1701 - 25 Dec 1701 (23).JPG,2154.0,926.4,1696.9,157.7
844/8,804,38690,E 190_844_8 Southampton 24 Jun 1701 - 25 Dec 1701 (23).JPG,0.7737553191,3.00,-1662,-2306,480,101,1313,122,844_8/E 190_844_8 Southampton 24 Jun 1701 - 25 Dec 1701 (23).JPG,2132.1,2633.6,1696.9,157.7
844/8,805,38691,E 190_844_8 Southampton 24 Jun 1701 - 25 Dec 1701 (24).JPG,0.7815710294,0.00,-659,-2186,186,108,1367,134,844_8/E 190_844_8 Southampton 24 Jun 1701 - 25 Dec 1701 (24).JPG,473.0,2479.0,1749.0,171.4
844/8,806,38692,E 190_844_8 Southampton 24 Jun 1701 - 25 Dec 1701 (24).JPG,0.7507740124,0.00,-1803,-1526,378,146,1367,134,844_8/E 190_844_8 Southampton 24 Jun 1701 - 25 Dec 1701 (24).JPG,2182.7,1685.3,1820.8,178.5
844/8,807,38693,E 190_844_8 Southampton 24 Jun 1701 - 25 Dec 1701 (25).JPG,0.9457009456,0.00,-588,-599,101,54,1613,145,844_8/E 190_844_8 Southampton 24 Jun 1701 - 25 Dec 1701 (25).JPG,603.6,596.8,1705.6,153.3
844/8,808,38694,E 190_844_8 Southampton 24 Jun 1701 - 25 Dec 1701 (25).JPG,0.9457009456,0.00,-588,-599,83,174,1613,145,844_8/E 190_844_8 Southampton 24 Jun 1701 - 25 Dec 1701 (25).JPG,584.6,723.7,1705.6,153.3
844/8,809,38695,E 190_844_8 Southampton 24 Jun 1701 - 25 Dec 1701 (25).JPG,0.9457009456,0.00,-588,-599,73,318,1613,145,844_8/E 190_844_8 Southampton 24 Jun 1701 - 25 Dec 1701 (25).JPG,574.0,875.9,1705.6,153.3
844/8,810,38696,E 190_844_8 Southampton 24 Jun 1701 - 25 Dec 1701 (26).JPG,0.7034139265,0.00,-654,-813,325,164,1231,140,844_8/E 190_844_8 Southampton 24 Jun 1701 - 25 Dec 1701 (26).JPG,474.3,700.8,1750.0,199.0
844/8,811,38697,E 190_844_8 Southampton 24 Jun 1701 - 25 Dec 1701 (26).JPG,0.7034139265,0.00,-654,-813,325,299,1231,140,844_8/E 190_844_8 Southampton 24 Jun 1701 - 25 Dec 1701 (26).JPG,474.3,892.7,1750.0,199.0
844/8,812,38698,E 190_844_8 Southampton 24 Jun 1701 - 25 Dec 1701 (26).JPG,0.7034139265,0.00,-654,-813,338,424,1231,140,844_8/E 190_844_8 Southampton 24 Jun 1701 - 25 Dec 1701 (26).JPG,492.8,1070.5,1750.0,199.0
845/2,813,38699,E 190_845_2 Southampton 25 Dec 1702 - 24 Jun 1703 (10).JPG,0.5872058824,3.00,-1026,-1572,83,290,1047,118,845_2/E 190_845_2 Southampton 25 Dec 1702 - 24 Jun 1703 (10).JPG,358.9,2023.7,1783.0,201.0
845/2,814,38700,E 190_845_2 Southampton 25 Dec 1702 - 24 Jun 1703 (10).JPG,0.5872058824,3.00,-1040,-1578,62,374,1047,118,845_2/E 190_845_2 Southampton 25 Dec 1702 - 24 Jun 1703 (10).JPG,347.0,2177.0,1783.0,201.0
845/2,815,38701,E 190_845_2 Southampton 25 Dec 1702 - 24 Jun 1703 (11).JPG,0.5872058824,0.00,-1681,-1839,478,212,1075,111,845_2/E 190_845_2 Southampton 25 Dec 1702 - 24 Jun 1703 (11).JPG,2147.0,2345.5,1830.7,189.0
845/2,816,38702,E 190_845_2 Southampton 25 Dec 1702 - 24 Jun 1703 (12).JPG,0.5338235294,3.00,-904,-1291,312,108,961,109,845_2/E 190_845_2 Southampton 25 Dec 1702 - 24 Jun 1703 (12).JPG,377.7,1195.5,1800.2,204.2
845/2,817,38703,E 190_845_2 Southampton 25 Dec 1702 - 24 Jun 1703 (12).JPG,0.5338235294,3.00,-904,-1291,309,199,961,109,845_2/E 190_845_2 Southampton 25 Dec 1702 - 24 Jun 1703 (12).JPG,372.0,1366.0,1800.2,204.2
845/2,818,38704,E 190_845_2 Southampton 25 Dec 1702 - 24 Jun 1703 (12).JPG,0.5338235294,3.00,-904,-1291,315,294,961,109,845_2/E 190_845_2 Southampton 25 Dec 1702 - 24 Jun 1703 (12).JPG,383.3,1544.0,1800.2,204.2
845/2,819,38705,E 190_845_2 Southampton 25 Dec 1702 - 24 Jun 1703 (12).JPG,0.6459264706,3.00,-1676,-1211,490,101,1140,112,845_2/E 190_845_2 Southampton 25 Dec 1702 - 24 Jun 1703 (12).JPG,2160.5,1136.6,1764.9,173.4
845/2,820,38706,E 190_845_2 Southampton 25 Dec 1702 - 24 Jun 1703 (12).JPG,0.6459264706,3.00,-1708,-1836,424,118,1182,133,845_2/E 190_845_2 Southampton 25 Dec 1702 - 24 Jun 1703 (12).JPG,2107.9,2130.5,1829.9,205.9
845/2,821,38707,E 190_845_2 Southampton 25 Dec 1702 - 24 Jun 1703 (12).JPG,0.6459264706,3.00,-1708,-1836,434,221,1182,113,845_2/E 190_845_2 Southampton 25 Dec 1702 - 24 Jun 1703 (12).JPG,2123.4,2290.0,1829.9,174.9
845/2,822,38708,E 190_845_2 Southampton 25 Dec 1702 - 24 Jun 1703 (12).JPG,0.6459264706,3.00,-1708,-1836,436,294,1182,113,845_2/E 190_845_2 Southampton 25 Dec 1702 - 24 Jun 1703 (12).JPG,2126.5,2403.0,1829.9,174.9
845/2,823,38709,E 190_845_2 Southampton 25 Dec 1702 - 24 Jun 1703 (13).JPG,0.7105191176,3.00,-762,-1983,112,454,1273,130,845_2/E 190_845_2 Southampton 25 Dec 1702 - 24 Jun 1703 (13).JPG,343.5,2765.0,1791.6,183.0
845/2,824,38710,E 190_845_2 Southampton 25 Dec 1702 - 24 Jun 1703 (13).JPG,0.7105191176,3.00,-1792,-771,355,187,1273,130,845_2/E 190_845_2 Southampton 25 Dec 1702 - 24 Jun 1703 (13).JPG,2135.2,683.4,1791.6,183.0
845/2,825,38711,E 190_845_2 Southampton 25 Dec 1702 - 24 Jun 1703 (13).JPG,0.7105191176,3.00,-1700,-1939,423,460,846,168,845_2/E 190_845_2 Southampton 25 Dec 1702 - 24 Jun 1703 (13).JPG,2101.4,2711.5,1190.7,236.4
845/2,826,38712,E 190_845_2 Southampton 25 Dec 1702 - 24 Jun 1703 (14).JPG,0.6459264706,0.00,-790,-885,243,127,1118,140,845_2/E 190_845_2 Southampton 25 Dec 1702 - 24 Jun 1703 (14).JPG,406.4,672.1,1730.8,216.7
845/2,827,38713,E 190_845_2 Southampton 25 Dec 1702 - 24 Jun 1703 (14).JPG,0.6459264706,0.00,-790,-885,252,234,1118,111,845_2/E 190_845_2 Southampton 25 Dec 1702 - 24 Jun 1703 (14).JPG,420.4,837.8,1730.8,171.8
845/2,828,38714,E 190_845_2 Southampton 25 Dec 1702 - 24 Jun 1703 (17).JPG,0.6459264706,0.00,-763,-1336,288,178,1143,179,845_2/E 190_845_2 Southampton 25 Dec 1702 - 24 Jun 1703 (17).JPG,434.3,1449.3,1769.6,277.1
845/2,829,38715,E 190_845_2 Southampton 25 Dec 1702 - 24 Jun 1703 (17).JPG,0.6459264706,0.00,-763,-1336,294,308,1143,131,845_2/E 190_845_2 Southampton 25 Dec 1702 - 24 Jun 1703 (17).JPG,443.6,1650.6,1769.6,202.8
845/2,830,38716,E 190_845_2 Southampton 25 Dec 1702 - 24 Jun 1703 (17).JPG,0.6459264706,0.00,-1044,-1628,10,222,1143,138,845_2/E 190_845_2 Southampton 25 Dec 1702 - 24 Jun 1703 (17).JPG,439.0,1969.5,1769.6,213.6
845/2,831,38717,E 190_845_2 Southampton 25 Dec 1702 - 24 Jun 1703 (17).JPG,0.6459264706,0.00,-1735,-1783,440,210,1143,138,845_2/E 190_845_2 Southampton 25 Dec 1702 - 24 Jun 1703 (17).JPG,2174.5,2190.9,1769.6,213.6
845/2,832,38718,E 190_845_2 Southampton 25 Dec 1702 - 24 Jun 1703 (18).JPG,0.5338235294,0.00,-1659,-1821,521,371,946,117,845_2/E 190_845_2 Southampton 25 Dec 1702 - 24 Jun 1703 (18).JPG,2183.5,2681.0,1772.1,219.2
845/2,833,38719,E 190_845_2 Southampton 25 Dec 1702 - 24 Jun 1703 (19).JPG,0.5872058824,0.00,-875,-962,311,50,1014,155,845_2/E 190_845_2 Southampton 25 Dec 1702 - 24 Jun 1703 (19).JPG,490.0,576.2,1726.8,264.0
845/2,834,38720,E 190_845_2 Southampton 25 Dec 1702 - 24 Jun 1703 (19).JPG,0.5872058824,0.00,-875,-962,314,158,1014,120,845_2/E 190_845_2 Southampton 25 Dec 1702 - 24 Jun 1703 (19).JPG,495.2,760.1,1726.8,204.4
845/2,835,38721,E 190_845_2 Southampton 25 Dec 1702 - 24 Jun 1703 (19).JPG,0.5872058824,0.00,-1798,-1835,415,233,1014,120,845_2/E 190_845_2 Southampton 25 Dec 1702 - 24 Jun 1703 (19).JPG,2239.0,2374.5,1726.8,204.4
845/2,836,38722,E 190_845_2 Southampton 25 Dec 1702 - 24 Jun 1703 (19).JPG,0.5872058824,0.00,-1798,-1835,418,325,1014,96,845_2/E 190_845_2 Southampton 25 Dec 1702 - 24 Jun 1703 (19).JPG,2244.1,2531.2,1726.8,163.5
845/2,837,38723,E 190_845_2 Southampton 25 Dec 1702 - 24 Jun 1703 (19).JPG,0.5872058824,0.00,-1798,-1835,419,393,1014,96,845_2/E 190_845_2 Southampton 25 Dec 1702 - 24 Jun 1703 (19).JPG,2245.8,2647.0,1726.8,163.5
845/2,838,38724,E 190_845_2 Southampton 25 Dec 1702 - 24 Jun 1703 (21).JPG,0.6459264706,0.00,-841,-1770,209,214,1162,121,845_2/E 190_845_2 Southampton 25 Dec 1702 - 24 Jun 1703 (21).JPG,432.8,2177.0,1799.0,187.3
845/2,839,38725,E 190_845_2 Southampton 25 Dec 1702 - 24 Jun 1703 (21).JPG,0.6459264706,0.00,-841,-1770,219,297,1162,121,845_2/E 190_845_2 Southampton 25 Dec 1702 - 24 Jun 1703 (21).JPG,448.2,2305.5,1799.0,187.3
845/2,840,38726,E 190_845_2 Southampton 25 Dec 1702 - 24 Jun 1703 (21).JPG,0.6459264706,0.00,-841,-1770,221,385,1162,121,845_2/E 190_845_2 Southampton 25 Dec 1702 - 24 Jun 1703 (21).JPG,451.3,2441.7,1799.0,187.3
845/2,841,38727,E 190_845_2 Southampton 25 Dec 1702 - 24 Jun 1703 (23).JPG,0.5872058824,0.00,-1712,-1369,494,218,1054,99,845_2/E 190_845_2 Southampton 25 Dec 1702 - 24 Jun 1703 (23).JPG,2227.1,1555.4,1794.9,168.6
845/2,842,38728,E 190_845_2 Southampton 25 Dec 1702 - 24 Jun 1703 (23).JPG,0.5872058824,0.00,-1712,-1369,494,293,1054,99,845_2/E 190_845_2 Southampton 25 Dec 1702 - 24 Jun 1703 (23).JPG,2227.1,1683.1,1794.9,168.6
845/2,843,38729,E 190_845_2 Southampton 25 Dec 1702 - 24 Jun 1703 (23).JPG,0.5872058824,0.00,-1712,-1369,500,374,1054,99,845_2/E 190_845_2 Southampton 25 Dec 1702 - 24 Jun 1703 (23).JPG,2237.3,1821.0,1794.9,168.6
845/2,844,38730,E 190_845_2 Southampton 25 Dec 1702 - 24 Jun 1703 (27).JPG,0.6459264706,-3.00,-870,-990,235,279,1140,205,845_2/E 190_845_2 Southampton 25 Dec 1702 - 24 Jun 1703 (27).JPG,517.9,1070.0,1764.9,317.4
846/3,845,38731,E 190_846_3 Southampton 24 Jun 1703 - 25 Dec 1703 (15).JPG,0.5338235294,0.00,-811,-1663,429,227,951,104,846_3/E 190_846_3 Southampton 24 Jun 1703 - 25 Dec 1703 (15).JPG,422.6,2115.3,1781.5,194.8
846/3,846,38732,E 190_846_3 Southampton 24 Jun 1703 - 25 Dec 1703 (15).JPG,0.5338235294,3.00,-791,-1627,415,391,951,104,846_3/E 190_846_3 Southampton 24 Jun 1703 - 25 Dec 1703 (15).JPG,358.9,2355.1,1781.5,194.8
846/3,847,38733,E 190_846_3 Southampton 24 Jun 1703 - 25 Dec 1703 (16).JPG,0.5872058824,0.00,-780,-1311,354,241,1042,99,846_3/E 190_846_3 Southampton 24 Jun 1703 - 25 Dec 1703 (16).JPG,401.5,1495.8,1774.5,168.6
846/3,849,38734,E 190_846_3 Southampton 24 Jun 1703 - 25 Dec 1703 (16).JPG,0.5872058824,-3.00,-1625,-1442,540,257,1092,109,846_3/E 190_846_3 Southampton 24 Jun 1703 - 25 Dec 1703 (16).JPG,2157.3,1746.1,1859.7,185.6
846/3,850,38735,E 190_846_3 Southampton 24 Jun 1703 - 25 Dec 1703 (18).JPG,0.5872058824,0.00,-1536,-912,637,132,1075,158,846_3/E 190_846_3 Southampton 24 Jun 1703 - 25 Dec 1703 (18).JPG,2170.9,630.6,1830.7,269.1
846/3,851,38736,E 190_846_3 Southampton 24 Jun 1703 - 25 Dec 1703 (18).JPG,0.5872058824,0.00,-1536,-912,646,279,1075,106,846_3/E 190_846_3 Southampton 24 Jun 1703 - 25 Dec 1703 (18).JPG,2186.2,881.0,1830.7,180.5
846/3,852,38737,E 190_846_3 Southampton 24 Jun 1703 - 25 Dec 1703 (20).JPG,0.5872058824,0.00,-757,-1982,385,189,1034,87,846_3/E 190_846_3 Southampton 24 Jun 1703 - 25 Dec 1703 (20).JPG,415.1,2549.9,1760.9,148.2
846/3,853,38738,E 190_846_3 Southampton 24 Jun 1703 - 25 Dec 1703 (20).JPG,0.5872058824,0.00,-775,-1983,388,258,1034,87,846_3/E 190_846_3 Southampton 24 Jun 1703 - 25 Dec 1703 (20).JPG,450.9,2669.1,1760.9,148.2
846/3,854,38739,E 190_846_3 Southampton 24 Jun 1703 - 25 Dec 1703 (21).JPG,0.5872058824,0.00,-1562,-990,621,216,1065,122,846_3/E 190_846_3 Southampton 24 Jun 1703 - 25 Dec 1703 (21).JPG,2187.9,906.5,1813.7,207.8
846/3,855,38740,E 190_846_3 Southampton 24 Jun 1703 - 25 Dec 1703 (21).JPG,0.5872058824,0.00,-1562,-990,621,333,1065,122,846_3/E 190_846_3 Southampton 24 Jun 1703 - 25 Dec 1703 (21).JPG,2187.9,1105.8,1813.7,207.8
846/3,856,38741,E 190_846_3 Southampton 24 Jun 1703 - 25 Dec 1703 (21).JPG,0.5872058824,0.00,-1562,-990,614,452,1065,122,846_3/E 190_846_3 Southampton 24 Jun 1703 - 25 Dec 1703 (21).JPG,2176.0,1308.4,1813.7,207.8
846/3,857,38742,E 190_846_3 Southampton 24 Jun 1703 - 25 Dec 1703 (22).JPG,0.6459264706,0.00,-777,-1633,264,185,1147,119,846_3/E 190_846_3 Southampton 24 Jun 1703 - 25 Dec 1703 (22).JPG,418.8,1920.0,1775.7,184.2
846/3,858,38743,E 190_846_3 Southampton 24 Jun 1703 - 25 Dec 1703 (22).JPG,0.6459264706,0.00,-774,-1639,269,269,1147,100,846_3/E 190_846_3 Southampton 24 Jun 1703 - 25 Dec 1703 (22).JPG,421.9,2059.3,1775.7,154.8
846/3,859,38744,E 190_846_3 Southampton 24 Jun 1703 - 25 Dec 1703 (22).JPG,0.6459264706,0.00,-774,-1639,272,339,1147,100,846_3/E 190_846_3 Southampton 24 Jun 1703 - 25 Dec 1703 (22).JPG,426.6,2167.7,1775.7,154.8
846/3,860,38745,E 190_846_3 Southampton 24 Jun 1703 - 25 Dec 1703 (23).JPG,0.5872058824,0.00,-783,-1706,364,173,1040,98,846_3/E 190_846_3 Southampton 24 Jun 1703 - 25 Dec 1703 (23).JPG,423.6,2052.6,1771.1,166.9
846/3,861,38746,E 190_846_3 Southampton 24 Jun 1703 - 25 Dec 1703 (23).JPG,0.5872058824,0.00,-783,-1706,363,252,1040,98,846_3/E 190_846_3 Southampton 24 Jun 1703 - 25 Dec 1703 (23).JPG,421.9,2187.2,1771.1,166.9
846/3,862,38747,E 190_846_3 Southampton 24 Jun 1703 - 25 Dec 1703 (23).JPG,0.5872058824,0.00,-783,-1706,363,324,1040,98,846_3/E 190_846_3 Southampton 24 Jun 1703 - 25 Dec 1703 (23).JPG,421.9,2309.8,1771.1,166.9
846/3,863,38748,E 190_846_3 Southampton 24 Jun 1703 - 25 Dec 1703 (23).JPG,0.6459264706,0.00,-1763,-1978,443,243,1151,98,846_3/E 190_846_3 Southampton 24 Jun 1703 - 25 Dec 1703 (23).JPG,2222.4,2543.9,1781.9,151.7
846/3,864,38749,E 190_846_3 Southampton 24 Jun 1703 - 25 Dec 1703 (23).JPG,0.6459264706,0.00,-1763,-1978,426,339,1151,98,846_3/E 190_846_3 Southampton 24 Jun 1703 - 25 Dec 1703 (23).JPG,2196.1,2692.5,1781.9,151.7
846/3,865,38750,E 190_846_3 Southampton 24 Jun 1703 - 25 Dec 1703 (24).JPG,0.7815710294,-3.00,-608,-664,202,169,1344,143,846_3/E 190_846_3 Southampton 24 Jun 1703 - 25 Dec 1703 (24).JPG,428.2,609.7,1719.6,183.0
846/3,866,38751,E 190_846_3 Southampton 24 Jun 1703 - 25 Dec 1703 (25).JPG,0.7105191176,0.00,-1829,-1593,374,350,1304,116,846_3/E 190_846_3 Southampton 24 Jun 1703 - 25 Dec 1703 (25).JPG,2214.0,2069.7,1835.3,163.3
846/3,867,38752,E 190_846_3 Southampton 24 Jun 1703 - 25 Dec 1703 (26).JPG,0.6459264706,0.00,-1588,-958,611,278,1159,152,846_3/E 190_846_3 Southampton 24 Jun 1703 - 25 Dec 1703 (26).JPG,2211.6,1018.9,1794.3,235.3
846/3,868,38753,E 190_846_3 Southampton 24 Jun 1703 - 25 Dec 1703 (27).JPG,0.6459264706,-3.00,-668,-1421,425,132,1178,126,846_3/E 190_846_3 Southampton 24 Jun 1703 - 25 Dec 1703 (27).JPG,499.3,1509.7,1823.7,195.1
846/3,869,38754,E 190_846_3 Southampton 24 Jun 1703 - 25 Dec 1703 (27).JPG,0.6459264706,-3.00,-873,-1443,223,205,1178,110,846_3/E 190_846_3 Southampton 24 Jun 1703 - 25 Dec 1703 (27).JPG,504.0,1656.8,1823.7,170.3
846/3,870,38755,E 190_846_3 Southampton 24 Jun 1703 - 25 Dec 1703 (27).JPG,0.6459264706,-3.00,-1814,-1743,436,115,1178,110,846_3/E 190_846_3 Southampton 24 Jun 1703 - 25 Dec 1703 (27).JPG,2290.6,1981.9,1823.7,170.3
846/8,872,38757,E 190_846_8 Southampton 25 Dec 1703 - 24 Jun 1704 (10).JPG,0.5872058824,-3.00,-664,-1701,450,338,1036,98,846_8/E 190_846_8 Southampton 25 Dec 1703 - 24 Jun 1704 (10).JPG,367.4,2325.1,1764.3,166.9
846/8,873,38758,E 190_846_8 Southampton 25 Dec 1703 - 24 Jun 1704 (10).JPG,0.5872058824,-3.00,-664,-1701,451,413,1036,98,846_8/E 190_846_8 Southampton 25 Dec 1703 - 24 Jun 1704 (10).JPG,369.1,2452.8,1764.3,166.9
846/8,874,38759,E 190_846_8 Southampton 25 Dec 1703 - 24 Jun 1704 (10).JPG,0.5872058824,-3.00,-664,-1701,463,486,1036,98,846_8/E 190_846_8 Southampton 25 Dec 1703 - 24 Jun 1704 (10).JPG,389.6,2577.2,1764.3,166.9
846/8,875,38760,E 190_846_8 Southampton 25 Dec 1703 - 24 Jun 1704 (11).JPG,0.5338235294,0.00,-787,-1604,417,152,965,103,846_8/E 190_846_8 Southampton 25 Dec 1703 - 24 Jun 1704 (11).JPG,355.2,1864.3,1807.7,192.9
846/8,876,38761,E 190_846_8 Southampton 25 Dec 1703 - 24 Jun 1704 (11).JPG,0.5338235294,0.00,-787,-1604,416,231,965,103,846_8/E 190_846_8 Southampton 25 Dec 1703 - 24 Jun 1704 (11).JPG,353.3,2012.3,1807.7,192.9
846/8,877,38762,E 190_846_8 Southampton 25 Dec 1703 - 24 Jun 1704 (11).JPG,0.5338235294,0.00,-787,-1604,421,305,965,103,846_8/E 190_846_8 Southampton 25 Dec 1703 - 24 Jun 1704 (11).JPG,362.7,2150.9,1807.7,192.9
846/8,879,38764,E 190_846_8 Southampton 25 Dec 1703 - 24 Jun 1704 (11).JPG,0.5338235294,0.00,-787,-1604,420,386,965,103,846_8/E 190_846_8 Southampton 25 Dec 1703 - 24 Jun 1704 (11).JPG,360.8,2302.6,1807.7,192.9
846/8,880,38765,E 190_846_8 Southampton 25 Dec 1703 - 24 Jun 1704 (11).JPG,0.5338235294,3.00,-767,-1572,417,468,965,103,846_8/E 190_846_8 Southampton 25 Dec 1703 - 24 Jun 1704 (11).JPG,317.7,2396.3,1807.7,192.9
846/8,881,38766,E 190_846_8 Southampton 25 Dec 1703 - 24 Jun 1704 (12).JPG,0.4852941176,0.00,-868,-1245,423,271,892,95,846_8/E 190_846_8 Southampton 25 Dec 1703 - 24 Jun 1704 (12).JPG,352.4,1393.0,1838.1,195.8
846/8,882,38767,E 190_846_8 Southampton 25 Dec 1703 - 24 Jun 1704 (12).JPG,0.5872058824,0.00,-1673,-1940,468,240,1124,130,846_8/E 190_846_8 Southampton 25 Dec 1703 - 24 Jun 1704 (12).JPG,2116.4,2565.2,1914.1,221.4
846/8,883,38768,E 190_846_8 Southampton 25 Dec 1703 - 24 Jun 1704 (13).JPG,0.5338235294,0.00,-827,-1458,379,221,972,94,846_8/E 190_846_8 Southampton 25 Dec 1703 - 24 Jun 1704 (13).JPG,358.9,1720.0,1820.8,176.1
846/8,884,38769,E 190_846_8 Southampton 25 Dec 1703 - 24 Jun 1704 (13).JPG,0.5338235294,0.00,-832,-1462,374,295,972,94,846_8/E 190_846_8 Southampton 25 Dec 1703 - 24 Jun 1704 (13).JPG,358.9,1866.2,1820.8,176.1
846/8,885,38770,E 190_846_8 Southampton 25 Dec 1703 - 24 Jun 1704 (13).JPG,0.5338235294,0.00,-832,-1462,378,357,972,94,846_8/E 190_846_8 Southampton 25 Dec 1703 - 24 Jun 1704 (13).JPG,366.4,1982.3,1820.8,176.1
846/8,886,38771,E 190_846_8 Southampton 25 Dec 1703 - 24 Jun 1704 (14).JPG,0.5338235294,3.00,-1525,-1092,640,326,973,81,846_8/E 190_846_8 Southampton 25 Dec 1703 - 24 Jun 1704 (14).JPG,2155.4,1231.1,1822.7,151.7
846/8,887,38772,E 190_846_8 Southampton 25 Dec 1703 - 24 Jun 1704 (14).JPG,0.5338235294,3.00,-1525,-1092,630,391,973,81,846_8/E 190_846_8 Southampton 25 Dec 1703 - 24 Jun 1704 (14).JPG,2136.7,1352.9,1822.7,151.7
846/8,888,38773,E 190_846_8 Southampton 25 Dec 1703 - 24 Jun 1704 (14).JPG,0.5338235294,3.00,-1525,-1092,636,464,973,81,846_8/E 190_846_8 Southampton 25 Dec 1703 - 24 Jun 1704 (14).JPG,2147.9,1489.6,1822.7,151.7
846/8,889,38774,E 190_846_8 Southampton 25 Dec 1703 - 24 Jun 1704 (14).JPG,0.5338235294,3.00,-1525,-1092,646,534,973,81,846_8/E 190_846_8 Southampton 25 Dec 1703 - 24 Jun 1704 (14).JPG,2166.6,1620.8,1822.7,151.7
846/8,890,38775,E 190_846_8 Southampton 25 Dec 1703 - 24 Jun 1704 (15).JPG,0.5338235294,0.00,-726,-1490,482,232,975,87,846_8/E 190_846_8 Southampton 25 Dec 1703 - 24 Jun 1704 (15).JPG,362.7,1800.6,1826.4,163.0
846/8,891,38776,E 190_846_8 Southampton 25 Dec 1703 - 24 Jun 1704 (16).JPG,0.5338235294,0.00,-745,-1352,476,216,964,98,846_8/E 190_846_8 Southampton 25 Dec 1703 - 24 Jun 1704 (16).JPG,387.0,1512.1,1805.8,183.6
846/8,892,38777,E 190_846_8 Southampton 25 Dec 1703 - 24 Jun 1704 (16).JPG,0.5338235294,0.00,-745,-1352,478,278,964,98,846_8/E 190_846_8 Southampton 25 Dec 1703 - 24 Jun 1704 (16).JPG,390.8,1628.3,1805.8,183.6
846/8,893,38778,E 190_846_8 Southampton 25 Dec 1703 - 24 Jun 1704 (16).JPG,0.5338235294,0.00,-745,-1352,478,348,964,98,846_8/E 190_846_8 Southampton 25 Dec 1703 - 24 Jun 1704 (16).JPG,390.8,1759.4,1805.8,183.6
846/8,894,38779,E 190_846_8 Southampton 25 Dec 1703 - 24 Jun 1704 (16).JPG,0.5338235294,0.00,-745,-1352,472,399,964,98,846_8/E 190_846_8 Southampton 25 Dec 1703 - 24 Jun 1704 (16).JPG,379.5,1854.9,1805.8,183.6
846/8,895,38780,E 190_846_8 Southampton 25 Dec 1703 - 24 Jun 1704 (17).JPG,0.5872058824,-3.00,-1526,-1015,609,339,1080,95,846_8/E 190_846_8 Southampton 25 Dec 1703 - 24 Jun 1704 (17).JPG,2106.2,1158.6,1839.2,161.8
846/8,896,38781,E 190_846_8 Southampton 25 Dec 1703 - 24 Jun 1704 (17).JPG,0.5872058824,-3.00,-1526,-1015,625,418,1080,95,846_8/E 190_846_8 Southampton 25 Dec 1703 - 24 Jun 1704 (17).JPG,2133.4,1293.1,1839.2,161.8
846/8,897,38782,E 190_846_8 Southampton 25 Dec 1703 - 24 Jun 1704 (17).JPG,0.6459264706,-3.00,-1551,-1337,604,152,1168,100,846_8/E 190_846_8 Southampton 25 Dec 1703 - 24 Jun 1704 (17).JPG,2143.5,1410.6,1808.3,154.8
846/8,898,38783,E 190_846_8 Southampton 25 Dec 1703 - 24 Jun 1704 (17).JPG,0.6459264706,-3.00,-1551,-1337,609,229,1168,100,846_8/E 190_846_8 Southampton 25 Dec 1703 - 24 Jun 1704 (17).JPG,2151.2,1529.8,1808.3,154.8
846/8,899,38784,E 190_846_8 Southampton 25 Dec 1703 - 24 Jun 1704 (17).JPG,0.6459264706,0.00,-1555,-1354,601,318,1168,100,846_8/E 190_846_8 Southampton 25 Dec 1703 - 24 Jun 1704 (17).JPG,2145.0,1693.9,1808.3,154.8
846/8,900,38785,E 190_846_8 Southampton 25 Dec 1703 - 24 Jun 1704 (17).JPG,0.6459264706,0.00,-1555,-1354,625,407,1168,100,846_8/E 190_846_8 Southampton 25 Dec 1703 - 24 Jun 1704 (17).JPG,2182.2,1831.7,1808.3,154.8
846/8,901,38786,E 190_846_8 Southampton 25 Dec 1703 - 24 Jun 1704 (21).JPG,0.5338235294,0.00,-900,-1156,340,241,953,99,846_8/E 190_846_8 Southampton 25 Dec 1703 - 24 Jun 1704 (21).JPG,422.6,1191.8,1785.2,185.5
846/8,902,38787,E 190_846_8 Southampton 25 Dec 1703 - 24 Jun 1704 (21).JPG,0.5338235294,0.00,-900,-1156,340,316,953,99,846_8/E 190_846_8 Southampton 25 Dec 1703 - 24 Jun 1704 (21).JPG,422.6,1332.3,1785.2,185.5
846/8,903,38789,E 190_846_8 Southampton 25 Dec 1703 - 24 Jun 1704 (21).JPG,0.7034139265,0.00,-1779,-2008,390,135,1277,137,846_8/E 190_846_8 Southampton 25 Dec 1703 - 24 Jun 1704 (21).JPG,2166.0,2358.5,1815.4,194.8
846/8,904,38790,E 190_846_8 Southampton 25 Dec 1703 - 24 Jun 1704 (22).JPG,0.5813338235,0.00,-1459,-1015,713,248,1028,128,846_8/E 190_846_8 Southampton 25 Dec 1703 - 24 Jun 1704 (22).JPG,2169.1,997.3,1768.3,220.2
846/8,905,38791,E 190_846_8 Southampton 25 Dec 1703 - 24 Jun 1704 (23).JPG,0.5872058824,0.00,-1584,-1741,594,159,1008,94,846_8/E 190_846_8 Southampton 25 Dec 1703 - 24 Jun 1704 (23).JPG,2179.4,2088.4,1716.6,160.1
846/8,906,38792,E 190_846_8 Southampton 25 Dec 1703 - 24 Jun 1704 (23).JPG,0.6394672059,0.00,-1698,-1712,495,289,1097,94,846_8/E 190_846_8 Southampton 25 Dec 1703 - 24 Jun 1704 (23).JPG,2202.6,2209.0,1715.5,147.0
846/8,907,38793,E 190_846_8 Southampton 25 Dec 1703 - 24 Jun 1704 (23).JPG,0.6394672059,0.00,-1698,-1712,502,368,1097,112,846_8/E 190_846_8 Southampton 25 Dec 1703 - 24 Jun 1704 (23).JPG,2213.5,2332.6,1715.5,175.1
846/8,908,38794,E 190_846_8 Southampton 25 Dec 1703 - 24 Jun 1704 (23).JPG,0.6394672059,0.00,-1698,-1712,499,454,1097,112,846_8/E 190_846_8 Southampton 25 Dec 1703 - 24 Jun 1704 (23).JPG,2208.8,2467.1,1715.5,175.1
846/8,909,38795,E 190_846_8 Southampton 25 Dec 1703 - 24 Jun 1704 (25).JPG,0.5872058824,0.00,-882,-1155,304,127,1030,110,846_8/E 190_846_8 Southampton 25 Dec 1703 - 24 Jun 1704 (25).JPG,490.0,1036.0,1754.1,187.3
846/8,910,38796,E 190_846_8 Southampton 25 Dec 1703 - 24 Jun 1704 (25).JPG,0.5872058824,0.00,-882,-1155,301,204,1030,110,846_8/E 190_846_8 Southampton 25 Dec 1703 - 24 Jun 1704 (25).JPG,484.9,1167.1,1754.1,187.3
846/8,911,38797,E 190_846_8 Southampton 25 Dec 1703 - 24 Jun 1704 (25).JPG,0.5872058824,0.00,-882,-1155,305,280,1030,110,846_8/E 190_846_8 Southampton 25 Dec 1703 - 24 Jun 1704 (25).JPG,491.8,1296.5,1754.1,187.3
846/8,912,38798,E 190_846_8 Southampton 25 Dec 1703 - 24 Jun 1704 (26).JPG,0.7105191176,3.00,-1774,-1846,414,299,1333,117,846_8/E 190_846_8 Southampton 25 Dec 1703 - 24 Jun 1704 (26).JPG,2192.9,2354.0,1876.1,164.7
846/8,913,38799,E 190_846_8 Southampton 25 Dec 1703 - 24 Jun 1704 (26).JPG,0.7105191176,3.00,-1774,-1846,414,386,1333,117,846_8/E 190_846_8 Southampton 25 Dec 1703 - 24 Jun 1704 (26).JPG,2192.9,2476.5,1876.1,164.7
847/1,1159,39047,E 190_847_1 Southampton 25 Dec 1704 - 24 Jun 1705 (7).JPG,0.6459264706,0.00,-1555,-1420,588,219,1214,165,847_1/E 190_847_1 Southampton 25 Dec 1704 - 24 Jun 1705 (7).JPG,2124.9,1642.8,1879.5,255.4
847/1,1160,39048,E 190_847_1 Southampton 25 Dec 1704 - 24 Jun 1705 (9).JPG,0.6459264706,0.00,-663,-1266,340,77,1163,156,847_1/E 190_847_1 Southampton 25 Dec 1704 - 24 Jun 1705 (9).JPG,360.0,1184.6,1800.5,241.5
847/1,1161,39049,E 190_847_1 Southampton 25 Dec 1704 - 24 Jun 1705 (9).JPG,0.6459264706,0.00,-663,-1266,334,190,1163,132,847_1/E 190_847_1 Southampton 25 Dec 1704 - 24 Jun 1705 (9).JPG,350.7,1359.5,1800.5,204.4
847/1,1162,39050,E 190_847_1 Southampton 25 Dec 1704 - 24 Jun 1705 (9).JPG,0.6459264706,0.00,-663,-1266,335,295,1163,132,847_1/E 190_847_1 Southampton 25 Dec 1704 - 24 Jun 1705 (9).JPG,352.3,1522.1,1800.5,204.4
847/1,1163,39051,E 190_847_1 Southampton 25 Dec 1704 - 24 Jun 1705 (9).JPG,0.6459264706,0.00,-663,-1266,340,403,1163,132,847_1/E 190_847_1 Southampton 25 Dec 1704 - 24 Jun 1705 (9).JPG,360.0,1689.3,1800.5,204.4
847/1,1164,39052,E 190_847_1 Southampton 25 Dec 1704 - 24 Jun 1705 (9).JPG,0.6459264706,0.00,-663,-1266,344,504,1163,132,847_1/E 190_847_1 Southampton 25 Dec 1704 - 24 Jun 1705 (9).JPG,366.2,1845.6,1800.5,204.4
847/1,1169,39057,E 190_847_1 Southampton 25 Dec 1704 - 24 Jun 1705 (9).JPG,0.6459264706,0.00,-667,-1682,326,172,1163,132,847_1/E 190_847_1 Southampton 25 Dec 1704 - 24 Jun 1705 (9).JPG,344.5,1975.7,1800.5,204.4
847/1,1165,39053,E 190_847_1 Southampton 25 Dec 1704 - 24 Jun 1705 (9).JPG,0.6459264706,0.00,-667,-1682,323,268,1163,132,847_1/E 190_847_1 Southampton 25 Dec 1704 - 24 Jun 1705 (9).JPG,339.9,2124.3,1800.5,204.4
847/1,1168,39056,E 190_847_1 Southampton 25 Dec 1704 - 24 Jun 1705 (9).JPG,0.6459264706,0.00,-667,-1682,339,365,1163,132,847_1/E 190_847_1 Southampton 25 Dec 1704 - 24 Jun 1705 (9).JPG,364.6,2274.5,1800.5,204.4
847/1,1166,39054,E 190_847_1 Southampton 25 Dec 1704 - 24 Jun 1705 (9).JPG,0.6459264706,0.00,-667,-1682,333,477,1163,132,847_1/E 190_847_1 Southampton 25 Dec 1704 - 24 Jun 1705 (9).JPG,355.4,2447.9,1800.5,204.4
847/1,1167,39055,E 190_847_1 Southampton 25 Dec 1704 - 24 Jun 1705 (9).JPG,0.6459264706,0.00,-667,-1682,341,574,1163,132,847_1/E 190_847_1 Southampton 25 Dec 1704 - 24 Jun 1705 (9).JPG,367.7,2598.1,1800.5,204.4
847/1,1170,39058,E 190_847_1 Southampton 25 Dec 1704 - 24 Jun 1705 (11).JPG,0.4411764706,-6.00,-1465,-1720,720,114,832,93,847_1/E 190_847_1 Southampton 25 Dec 1704 - 24 Jun 1705 (11).JPG,2196.4,2089.9,1885.9,210.8
847/1,1171,39059,E 190_847_1 Southampton 25 Dec 1704 - 24 Jun 1705 (11).JPG,0.4411764706,-6.00,-1465,-1720,727,184,832,85,847_1/E 190_847_1 Southampton 25 Dec 1704 - 24 Jun 1705 (11).JPG,2212.3,2248.5,1885.9,192.7
847/1,1172,39060,E 190_847_1 Southampton 25 Dec 1704 - 24 Jun 1705 (11).JPG,0.4411764706,-6.00,-1465,-1720,724,238,832,85,847_1/E 190_847_1 Southampton 25 Dec 1704 - 24 Jun 1705 (11).JPG,2205.5,2370.9,1885.9,192.7
847/1,1173,39061,E 190_847_1 Southampton 25 Dec 1704 - 24 Jun 1705 (11).JPG,0.4411764706,-6.00,-1465,-1720,728,298,832,85,847_1/E 190_847_1 Southampton 25 Dec 1704 - 24 Jun 1705 (11).JPG,2214.5,2506.9,1885.9,192.7
847/1,1174,39062,E 190_847_1 Southampton 25 Dec 1704 - 24 Jun 1705 (12).JPG,0.4411764706,0.00,-851,-1023,516,102,803,148,847_1/E 190_847_1 Southampton 25 Dec 1704 - 24 Jun 1705 (12).JPG,342.3,482.8,1820.1,335.5
847/1,1175,39063,E 190_847_1 Southampton 25 Dec 1704 - 24 Jun 1705 (13).JPG,0.4852941176,0.00,-1463,-1439,692,81,921,94,847_1/E 190_847_1 Southampton 25 Dec 1704 - 24 Jun 1705 (13).JPG,2132.7,1401.2,1897.8,193.7
847/1,1176,39064,E 190_847_1 Southampton 25 Dec 1704 - 24 Jun 1705 (13).JPG,0.4852941176,0.00,-1463,-1439,689,151,921,94,847_1/E 190_847_1 Southampton 25 Dec 1704 - 24 Jun 1705 (13).JPG,2126.5,1545.5,1897.8,193.7
847/1,1177,39065,E 190_847_1 Southampton 25 Dec 1704 - 24 Jun 1705 (13).JPG,0.4852941176,0.00,-1463,-1439,684,227,921,94,847_1/E 190_847_1 Southampton 25 Dec 1704 - 24 Jun 1705 (13).JPG,2116.2,1702.1,1897.8,193.7
847/1,1178,39066,E 190_847_1 Southampton 25 Dec 1704 - 24 Jun 1705 (13).JPG,0.4852941176,0.00,-1463,-1439,688,293,921,94,847_1/E 190_847_1 Southampton 25 Dec 1704 - 24 Jun 1705 (13).JPG,2124.5,1838.1,1897.8,193.7
847/1,1179,39067,E 190_847_1 Southampton 25 Dec 1704 - 24 Jun 1705 (16).JPG,0.5872058824,-3.00,-1583,-1291,566,87,1089,122,847_1/E 190_847_1 Southampton 25 Dec 1704 - 24 Jun 1705 (16).JPG,2130.0,1199.4,1854.5,207.8
847/1,1180,39068,E 190_847_1 Southampton 25 Dec 1704 - 24 Jun 1705 (17).JPG,0.5338235294,0.00,-845,-953,359,69,984,160,847_1/E 190_847_1 Southampton 25 Dec 1704 - 24 Jun 1705 (17).JPG,355.2,489.3,1843.3,299.7
847/1,1181,39069,E 190_847_1 Southampton 25 Dec 1704 - 24 Jun 1705 (17).JPG,0.5338235294,0.00,-845,-953,357,201,984,103,847_1/E 190_847_1 Southampton 25 Dec 1704 - 24 Jun 1705 (17).JPG,351.4,736.6,1843.3,192.9
847/1,1182,39070,E 190_847_1 Southampton 25 Dec 1704 - 24 Jun 1705 (19).JPG,0.4852941176,0.00,-786,-1106,513,94,879,107,847_1/E 190_847_1 Southampton 25 Dec 1704 - 24 Jun 1705 (19).JPG,368.8,741.8,1811.3,220.5
847/1,1183,39071,E 190_847_1 Southampton 25 Dec 1704 - 24 Jun 1705 (19).JPG,0.4852941176,0.00,-786,-1106,516,174,879,107,847_1/E 190_847_1 Southampton 25 Dec 1704 - 24 Jun 1705 (19).JPG,375.0,906.7,1811.3,220.5
847/1,1184,39072,E 190_847_1 Southampton 25 Dec 1704 - 24 Jun 1705 (19).JPG,0.4852941176,0.00,-786,-1106,516,254,879,107,847_1/E 190_847_1 Southampton 25 Dec 1704 - 24 Jun 1705 (19).JPG,375.0,1071.5,1811.3,220.5
847/1,1185,39073,E 190_847_1 Southampton 25 Dec 1704 - 24 Jun 1705 (19).JPG,0.4852941176,0.00,-786,-1106,518,340,879,107,847_1/E 190_847_1 Southampton 25 Dec 1704 - 24 Jun 1705 (19).JPG,379.2,1248.7,1811.3,220.5
847/1,1186,39074,E 190_847_1 Southampton 25 Dec 1704 - 24 Jun 1705 (19).JPG,0.4852941176,0.00,-786,-1106,519,418,879,107,847_1/E 190_847_1 Southampton 25 Dec 1704 - 24 Jun 1705 (19).JPG,381.2,1409.5,1811.3,220.5
847/1,1187,39075,E 190_847_1 Southampton 25 Dec 1704 - 24 Jun 1705 (20).JPG,0.6459264706,-3.00,-1630,-766,509,114,1166,157,847_1/E 190_847_1 Southampton 25 Dec 1704 - 24 Jun 1705 (20).JPG,2118.7,467.8,1805.2,243.1
847/1,1188,39076,E 190_847_1 Southampton 25 Dec 1704 - 24 Jun 1705 (20).JPG,0.6459264706,-3.00,-1630,-766,514,238,1166,126,847_1/E 190_847_1 Southampton 25 Dec 1704 - 24 Jun 1705 (20).JPG,2126.5,659.8,1805.2,195.1
847/1,1189,39077,E 190_847_1 Southampton 25 Dec 1704 - 24 Jun 1705 (20).JPG,0.6459264706,-3.00,-1630,-766,514,349,1166,126,847_1/E 190_847_1 Southampton 25 Dec 1704 - 24 Jun 1705 (20).JPG,2126.5,831.6,1805.2,195.1
847/1,1190,39078,E 190_847_1 Southampton 25 Dec 1704 - 24 Jun 1705 (20).JPG,0.6459264706,-3.00,-1630,-766,527,438,1166,126,847_1/E 190_847_1 Southampton 25 Dec 1704 - 24 Jun 1705 (20).JPG,2146.6,969.4,1805.2,195.1
847/1,1191,39079,E 190_847_1 Southampton 25 Dec 1704 - 24 Jun 1705 (23).JPG,0.5872058824,0.00,-891,-1893,270,182,1048,100,847_1/E 190_847_1 Southampton 25 Dec 1704 - 24 Jun 1705 (23).JPG,447.5,2386.4,1784.7,170.3
847/1,1192,39080,E 190_847_1 Southampton 25 Dec 1704 - 24 Jun 1705 (23).JPG,0.5872058824,0.00,-891,-1893,267,266,1048,73,847_1/E 190_847_1 Southampton 25 Dec 1704 - 24 Jun 1705 (23).JPG,442.4,2529.5,1784.7,124.3
847/1,1193,39081,E 190_847_1 Southampton 25 Dec 1704 - 24 Jun 1705 (23).JPG,0.5872058824,0.00,-891,-1893,272,315,1048,73,847_1/E 190_847_1 Southampton 25 Dec 1704 - 24 Jun 1705 (23).JPG,450.9,2612.9,1784.7,124.3
847/1,1194,39082,E 190_847_1 Southampton 25 Dec 1704 - 24 Jun 1705 (23).JPG,0.5872058824,0.00,-891,-1893,275,361,1048,73,847_1/E 190_847_1 Southampton 25 Dec 1704 - 24 Jun 1705 (23).JPG,456.0,2691.3,1784.7,124.3
847/1,1195,39083,E 190_847_1 Southampton 25 Dec 1704 - 24 Jun 1705 (25).JPG,0.5338235294,0.00,-821,-1246,429,223,968,185,847_1/E 190_847_1 Southampton 25 Dec 1704 - 24 Jun 1705 (25).JPG,441.3,1326.7,1813.3,346.6
847/1,1196,39084,E 190_847_1 Southampton 25 Dec 1704 - 24 Jun 1705 (25).JPG,0.5338235294,0.00,-1071,-1942,175,95,968,105,847_1/E 190_847_1 Southampton 25 Dec 1704 - 24 Jun 1705 (25).JPG,433.9,2390.7,1813.3,196.7
847/1,1197,39085,E 190_847_1 Southampton 25 Dec 1704 - 24 Jun 1705 (25).JPG,0.5284852941,0.00,-1079,-1953,175,157,968,105,847_1/E 190_847_1 Southampton 25 Dec 1704 - 24 Jun 1705 (25).JPG,431.4,2536.5,1831.6,198.7
847/1,1198,39086,E 190_847_1 Southampton 25 Dec 1704 - 24 Jun 1705 (25).JPG,0.5284852941,0.00,-1079,-1953,179,232,968,94,847_1/E 190_847_1 Southampton 25 Dec 1704 - 24 Jun 1705 (25).JPG,439.0,2678.4,1831.6,177.9
847/1,1199,39087,E 190_847_1 Southampton 25 Dec 1704 - 24 Jun 1705 (27).JPG,0.5338235294,0.00,-802,-1117,437,121,984,125,847_1/E 190_847_1 Southampton 25 Dec 1704 - 24 Jun 1705 (27).JPG,420.7,893.9,1843.3,234.2
847/1,1200,39088,E 190_847_1 Southampton 25 Dec 1704 - 24 Jun 1705 (27).JPG,0.5338235294,0.00,-802,-1117,438,221,984,109,847_1/E 190_847_1 Southampton 25 Dec 1704 - 24 Jun 1705 (27).JPG,422.6,1081.3,1843.3,204.2
847/1,1201,39089,E 190_847_1 Southampton 25 Dec 1704 - 24 Jun 1705 (27).JPG,0.5338235294,0.00,-802,-1117,441,297,984,109,847_1/E 190_847_1 Southampton 25 Dec 1704 - 24 Jun 1705 (27).JPG,428.2,1223.6,1843.3,204.2
847/1,1202,39090,E 190_847_1 Southampton 25 Dec 1704 - 24 Jun 1705 (27).JPG,0.5338235294,0.00,-802,-1117,443,389,984,109,847_1/E 190_847_1 Southampton 25 Dec 1704 - 24 Jun 1705 (27).JPG,432.0,1396.0,1843.3,204.2
847/1,1203,39091,E 190_847_1 Southampton 25 Dec 1704 - 24 Jun 1705 (27).JPG,0.5338235294,0.00,-802,-1117,440,465,984,109,847_1/E 190_847_1 Southampton 25 Dec 1704 - 24 Jun 1705 (27).JPG,426.4,1538.3,1843.3,204.2
847/1,1204,39092,E 190_847_1 Southampton 25 Dec 1704 - 24 Jun 1705 (28).JPG,0.5338235294,3.00,-1555,-1429,656,153,969,97,847_1/E 190_847_1 Southampton 25 Dec 1704 - 24 Jun 1705 (28).JPG,2241.6,1538.3,1815.2,181.7
847/1,1205,39093,E 190_847_1 Southampton 25 Dec 1704 - 24 Jun 1705 (28).JPG,0.5338235294,3.00,-1555,-1429,644,229,969,86,847_1/E 190_847_1 Southampton 25 Dec 1704 - 24 Jun 1705 (28).JPG,2219.1,1680.7,1815.2,161.1
847/1,1206,39094,E 190_847_1 Southampton 25 Dec 1704 - 24 Jun 1705 (28).JPG,0.5338235294,3.00,-1555,-1429,635,307,969,86,847_1/E 190_847_1 Southampton 25 Dec 1704 - 24 Jun 1705 (28).JPG,2202.2,1826.8,1815.2,161.1
847/1,1207,39095,E 190_847_1 Southampton 25 Dec 1704 - 24 Jun 1705 (28).JPG,0.5338235294,3.00,-1555,-1429,633,387,969,86,847_1/E 190_847_1 Southampton 25 Dec 1704 - 24 Jun 1705 (28).JPG,2198.5,1976.7,1815.2,161.1
847/1,1208,39096,E 190_847_1 Southampton 25 Dec 1704 - 24 Jun 1705 (29).JPG,0.5338235294,0.00,-1683,-1401,535,275,967,112,847_1/E 190_847_1 Southampton 25 Dec 1704 - 24 Jun 1705 (29).JPG,2254.7,1714.4,1811.5,209.8
847/4,1534,39424,E 190_847_4 Southampton 24 Jun 1704 - 25 Dec 1704 (13).JPG,0.5338235294,0.00,-830,-1778,356,288,975,135,847_4/E 190_847_4 Southampton 24 Jun 1704 - 25 Dec 1704 (13).JPG,321.5,2445.0,1826.4,252.9
847/4,1535,39425,E 190_847_4 Southampton 24 Jun 1704 - 25 Dec 1704 (14).JPG,0.5872058824,0.00,-675,-1311,427,281,1064,99,847_4/E 190_847_4 Southampton 24 Jun 1704 - 25 Dec 1704 (14).JPG,347.0,1563.9,1812.0,168.6
847/4,1536,39426,E 190_847_4 Southampton 24 Jun 1704 - 25 Dec 1704 (14).JPG,0.5872058824,0.00,-675,-1311,427,357,1064,99,847_4/E 190_847_4 Southampton 24 Jun 1704 - 25 Dec 1704 (14).JPG,347.0,1693.3,1812.0,168.6
847/4,1537,39427,E 190_847_4 Southampton 24 Jun 1704 - 25 Dec 1704 (15).JPG,0.5872058824,0.00,-679,-1031,422,152,1079,166,847_4/E 190_847_4 Southampton 24 Jun 1704 - 25 Dec 1704 (15).JPG,345.3,867.4,1837.5,282.7
847/4,1538,39428,E 190_847_4 Southampton 24 Jun 1704 - 25 Dec 1704 (15).JPG,0.5872058824,0.00,-1628,-1032,525,178,1079,116,847_4/E 190_847_4 Southampton 24 Jun 1704 - 25 Dec 1704 (15).JPG,2136.8,913.3,1837.5,197.5
847/4,1539,39429,E 190_847_4 Southampton 24 Jun 1704 - 25 Dec 1704 (15).JPG,0.5872058824,0.00,-1628,-1032,525,263,1079,116,847_4/E 190_847_4 Southampton 24 Jun 1704 - 25 Dec 1704 (15).JPG,2136.8,1058.1,1837.5,197.5
847/4,1540,39430,E 190_847_4 Southampton 24 Jun 1704 - 25 Dec 1704 (15).JPG,0.7105191176,0.00,-1873,-951,278,386,1674,112,847_4/E 190_847_4 Southampton 24 Jun 1704 - 25 Dec 1704 (15).JPG,2140.8,1216.8,2356.0,157.6
847/4,1541,39431,E 190_847_4 Southampton 24 Jun 1704 - 25 Dec 1704 (15).JPG,0.7105191176,0.00,-1872,-2114,287,90,1674,195,847_4/E 190_847_4 Southampton 24 Jun 1704 - 25 Dec 1704 (15).JPG,2152.1,2437.0,2356.0,274.4
847/4,1542,39432,E 190_847_4 Southampton 24 Jun 1704 - 25 Dec 1704 (16).JPG,0.5872058824,0.00,-654,-1204,444,145,1078,124,847_4/E 190_847_4 Southampton 24 Jun 1704 - 25 Dec 1704 (16).JPG,340.2,1150.1,1835.8,211.2
847/4,1543,39433,E 190_847_4 Southampton 24 Jun 1704 - 25 Dec 1704 (16).JPG,0.5872058824,0.00,-654,-1204,440,232,1078,124,847_4/E 190_847_4 Southampton 24 Jun 1704 - 25 Dec 1704 (16).JPG,333.4,1298.2,1835.8,211.2
847/4,1544,39434,E 190_847_4 Southampton 24 Jun 1704 - 25 Dec 1704 (16).JPG,0.5872058824,0.00,-654,-1204,438,304,1078,124,847_4/E 190_847_4 Southampton 24 Jun 1704 - 25 Dec 1704 (16).JPG,330.0,1420.8,1835.8,211.2
847/4,1545,39435,E 190_847_4 Southampton 24 Jun 1704 - 25 Dec 1704 (18).JPG,0.5872058824,0.00,-720,-1681,390,219,1061,97,847_4/E 190_847_4 Southampton 24 Jun 1704 - 25 Dec 1704 (18).JPG,360.6,2088.4,1806.9,165.2
847/4,1546,39436,E 190_847_4 Southampton 24 Jun 1704 - 25 Dec 1704 (20).JPG,0.6459264706,0.00,-774,-1719,243,133,1157,109,847_4/E 190_847_4 Southampton 24 Jun 1704 - 25 Dec 1704 (20).JPG,381.7,1972.6,1791.2,168.7
847/4,1547,39437,E 190_847_4 Southampton 24 Jun 1704 - 25 Dec 1704 (20).JPG,0.6459264706,0.00,-769,-1719,243,216,1157,109,847_4/E 190_847_4 Southampton 24 Jun 1704 - 25 Dec 1704 (20).JPG,373.9,2101.1,1791.2,168.7
847/4,1548,39438,E 190_847_4 Southampton 24 Jun 1704 - 25 Dec 1704 (20).JPG,0.6459264706,0.00,-769,-1719,247,297,1157,109,847_4/E 190_847_4 Southampton 24 Jun 1704 - 25 Dec 1704 (20).JPG,380.1,2226.5,1791.2,168.7
847/4,1549,39439,E 190_847_4 Southampton 24 Jun 1704 - 25 Dec 1704 (20).JPG,0.6459264706,0.00,-769,-1719,239,383,1157,109,847_4/E 190_847_4 Southampton 24 Jun 1704 - 25 Dec 1704 (20).JPG,367.7,2359.6,1791.2,168.7
847/4,1550,39440,E 190_847_4 Southampton 24 Jun 1704 - 25 Dec 1704 (21).JPG,0.4852941176,0.00,-975,-774,331,352,880,147,847_4/E 190_847_4 Southampton 24 Jun 1704 - 25 Dec 1704 (21).JPG,383.3,589.3,1813.3,302.9
847/4,1551,39441,E 190_847_4 Southampton 24 Jun 1704 - 25 Dec 1704 (22).JPG,0.5338235294,0.00,-823,-1130,401,249,953,108,847_4/E 190_847_4 Southampton 24 Jun 1704 - 25 Dec 1704 (22).JPG,392.6,1158.1,1785.2,202.3
847/4,1552,39442,E 190_847_4 Southampton 24 Jun 1704 - 25 Dec 1704 (22).JPG,0.4852941176,0.00,-1122,-1224,179,264,874,80,847_4/E 190_847_4 Southampton 24 Jun 1704 - 25 Dec 1704 (22).JPG,373.0,1335.3,1801.0,164.8
847/4,1553,39443,E 190_847_4 Southampton 24 Jun 1704 - 25 Dec 1704 (22).JPG,0.4852941176,0.00,-1122,-1224,181,328,874,80,847_4/E 190_847_4 Southampton 24 Jun 1704 - 25 Dec 1704 (22).JPG,377.1,1467.2,1801.0,164.8
847/4,1555,39444,E 190_847_4 Southampton 24 Jun 1704 - 25 Dec 1704 (22).JPG,0.4852941176,0.00,-1118,-1801,177,170,893,97,847_4/E 190_847_4 Southampton 24 Jun 1704 - 25 Dec 1704 (22).JPG,360.6,2330.5,1840.1,199.9
847/4,1556,39445,E 190_847_4 Southampton 24 Jun 1704 - 25 Dec 1704 (23).JPG,0.5338235294,0.00,-1533,-1112,642,257,1000,95,847_4/E 190_847_4 Southampton 24 Jun 1704 - 25 Dec 1704 (23).JPG,2174.1,1139.3,1873.3,178.0
847/4,1557,39446,E 190_847_4 Southampton 24 Jun 1704 - 25 Dec 1704 (24).JPG,0.5338235294,0.00,-639,-1053,597,173,956,111,847_4/E 190_847_4 Southampton 24 Jun 1704 - 25 Dec 1704 (24).JPG,415.1,871.4,1790.9,207.9
847/4,1558,39447,E 190_847_4 Southampton 24 Jun 1704 - 25 Dec 1704 (24).JPG,0.5338235294,0.00,-639,-1053,596,245,956,111,847_4/E 190_847_4 Southampton 24 Jun 1704 - 25 Dec 1704 (24).JPG,413.2,1006.3,1790.9,207.9
847/4,1559,39448,E 190_847_4 Southampton 24 Jun 1704 - 25 Dec 1704 (24).JPG,0.5338235294,0.00,-639,-1053,592,325,956,111,847_4/E 190_847_4 Southampton 24 Jun 1704 - 25 Dec 1704 (24).JPG,405.8,1156.2,1790.9,207.9
847/4,1560,39449,E 190_847_4 Southampton 24 Jun 1704 - 25 Dec 1704 (24).JPG,0.5338235294,0.00,-1139,-1363,80,95,968,97,847_4/E 190_847_4 Southampton 24 Jun 1704 - 25 Dec 1704 (24).JPG,383.3,1306.0,1813.3,181.7
847/4,1561,39450,E 190_847_4 Southampton 24 Jun 1704 - 25 Dec 1704 (24).JPG,0.5338235294,0.00,-1139,-1363,84,169,968,97,847_4/E 190_847_4 Southampton 24 Jun 1704 - 25 Dec 1704 (24).JPG,390.8,1444.7,1813.3,181.7
847/4,1562,39451,E 190_847_4 Southampton 24 Jun 1704 - 25 Dec 1704 (24).JPG,0.5338235294,0.00,-1139,-1363,84,241,968,97,847_4/E 190_847_4 Southampton 24 Jun 1704 - 25 Dec 1704 (24).JPG,390.8,1579.5,1813.3,181.7
847/4,1563,39452,E 190_847_4 Southampton 24 Jun 1704 - 25 Dec 1704 (27).JPG,0.5338235294,0.00,-1489,-981,720,104,984,121,847_4/E 190_847_4 Southampton 24 Jun 1704 - 25 Dec 1704 (27).JPG,2237.8,607.3,1843.3,226.7
847/4,1564,39453,E 190_847_4 Southampton 24 Jun 1704 - 25 Dec 1704 (27).JPG,0.5338235294,0.00,-1584,-1076,614,259,984,102,847_4/E 190_847_4 Southampton 24 Jun 1704 - 25 Dec 1704 (27).JPG,2217.2,1075.6,1843.3,191.1
847/4,1565,39454,E 190_847_4 Southampton 24 Jun 1704 - 25 Dec 1704 (28).JPG,0.5338235294,-3.00,-1693,-1855,536,156,968,117,847_4/E 190_847_4 Southampton 24 Jun 1704 - 25 Dec 1704 (28).JPG,2275.3,2342.0,1813.3,219.2
847/4,1566,39455,E 190_847_4 Southampton 24 Jun 1704 - 25 Dec 1704 (28).JPG,0.5338235294,-3.00,-1693,-1855,535,230,968,98,847_4/E 190_847_4 Southampton 24 Jun 1704 - 25 Dec 1704 (28).JPG,2273.4,2480.6,1813.3,183.6
847/4,1567,39456,E 190_847_4 Southampton 24 Jun 1704 - 25 Dec 1704 (28).JPG,0.5338235294,-3.00,-1693,-1855,531,299,968,112,847_4/E 190_847_4 Southampton 24 Jun 1704 - 25 Dec 1704 (28).JPG,2265.9,2609.9,1813.3,209.8
847/4,1568,39457,E 190_847_4 Southampton 24 Jun 1704 - 25 Dec 1704 (29).JPG,0.5338235294,0.00,-765,-870,488,150,975,143,847_4/E 190_847_4 Southampton 24 Jun 1704 - 25 Dec 1704 (29).JPG,447.0,485.6,1826.4,267.9
847/4,1569,39458,E 190_847_4 Southampton 24 Jun 1704 - 25 Dec 1704 (29).JPG,0.5338235294,0.00,-765,-870,485,256,975,114,847_4/E 190_847_4 Southampton 24 Jun 1704 - 25 Dec 1704 (29).JPG,441.3,684.1,1826.4,213.6
847/4,1570,39459,E 190_847_4 Southampton 24 Jun 1704 - 25 Dec 1704 (30).JPG,0.5338235294,-6.00,-1570,-1401,700,582,995,120,847_4/E 190_847_4 Southampton 24 Jun 1704 - 25 Dec 1704 (30).JPG,2352.1,2289.5,1863.9,224.8
848/1,1514,39404,E 190_848_1 Southampton 24 Jun 1705 - 25 Dec 1705 (18).JPG,0.5338235294,0.00,-818,-922,409,127,937,144,848_1/E 190_848_1 Southampton 24 Jun 1705 - 25 Dec 1705 (18).JPG,398.3,539.9,1755.3,269.8
848/1,1515,39405,E 190_848_1 Southampton 24 Jun 1705 - 25 Dec 1705 (18).JPG,0.5338235294,0.00,-818,-922,407,234,937,113,848_1/E 190_848_1 Southampton 24 Jun 1705 - 25 Dec 1705 (18).JPG,394.5,740.3,1755.3,211.7
848/1,1516,39406,E 190_848_1 Southampton 24 Jun 1705 - 25 Dec 1705 (18).JPG,0.5338235294,0.00,-818,-922,404,306,937,113,848_1/E 190_848_1 Southampton 24 Jun 1705 - 25 Dec 1705 (18).JPG,388.9,875.2,1755.3,211.7
848/1,1517,39407,E 190_848_1 Southampton 24 Jun 1705 - 25 Dec 1705 (18).JPG,0.5338235294,0.00,-818,-922,402,371,937,113,848_1/E 190_848_1 Southampton 24 Jun 1705 - 25 Dec 1705 (18).JPG,385.1,997.0,1755.3,211.7
848/1,1518,39408,E 190_848_1 Southampton 24 Jun 1705 - 25 Dec 1705 (18).JPG,0.5338235294,0.00,-1660,-1206,516,192,951,113,848_1/E 190_848_1 Southampton 24 Jun 1705 - 25 Dec 1705 (18).JPG,2176.0,1193.7,1781.5,211.7
848/1,1519,39409,E 190_848_1 Southampton 24 Jun 1705 - 25 Dec 1705 (20).JPG,0.4852941176,0.00,-1591,-1502,573,139,890,107,848_1/E 190_848_1 Southampton 24 Jun 1705 - 25 Dec 1705 (20).JPG,2151.3,1650.5,1833.9,220.5
848/1,1520,39410,E 190_848_1 Southampton 24 Jun 1705 - 25 Dec 1705 (20).JPG,0.4852941176,0.00,-1591,-1502,567,217,890,107,848_1/E 190_848_1 Southampton 24 Jun 1705 - 25 Dec 1705 (20).JPG,2138.9,1811.3,1833.9,220.5
848/1,1521,39411,E 190_848_1 Southampton 24 Jun 1705 - 25 Dec 1705 (20).JPG,0.4411764706,0.00,-1451,-1438,716,345,804,96,848_1/E 190_848_1 Southampton 24 Jun 1705 - 25 Dec 1705 (20).JPG,2155.6,1974.3,1822.4,217.6
848/1,1522,39412,E 190_848_1 Southampton 24 Jun 1705 - 25 Dec 1705 (20).JPG,0.4411764706,0.00,-1451,-1438,715,420,804,96,848_1/E 190_848_1 Southampton 24 Jun 1705 - 25 Dec 1705 (20).JPG,2153.3,2144.3,1822.4,217.6
848/1,1523,39413,E 190_848_1 Southampton 24 Jun 1705 - 25 Dec 1705 (21).JPG,0.5872058824,0.00,-847,-715,250,278,1083,162,848_1/E 190_848_1 Southampton 24 Jun 1705 - 25 Dec 1705 (21).JPG,338.5,543.8,1844.3,275.9
848/1,1524,39414,E 190_848_1 Southampton 24 Jun 1705 - 25 Dec 1705 (21).JPG,0.5872058824,0.00,-813,-1890,290,162,1083,114,848_1/E 190_848_1 Southampton 24 Jun 1705 - 25 Dec 1705 (21).JPG,348.7,2347.3,1844.3,194.1
848/1,1525,39415,E 190_848_1 Southampton 24 Jun 1705 - 25 Dec 1705 (21).JPG,0.5872058824,0.00,-813,-1890,285,248,1083,114,848_1/E 190_848_1 Southampton 24 Jun 1705 - 25 Dec 1705 (21).JPG,340.2,2493.7,1844.3,194.1
848/1,1526,39416,E 190_848_1 Southampton 24 Jun 1705 - 25 Dec 1705 (23).JPG,0.5338235294,0.00,-793,-1488,411,251,970,95,848_1/E 190_848_1 Southampton 24 Jun 1705 - 25 Dec 1705 (23).JPG,355.2,1832.4,1817.1,178.0
848/1,1527,39417,E 190_848_1 Southampton 24 Jun 1705 - 25 Dec 1705 (23).JPG,0.4411764706,0.00,-1207,-1531,153,242,815,87,848_1/E 190_848_1 Southampton 24 Jun 1705 - 25 Dec 1705 (23).JPG,326.4,1951.6,1847.3,197.2
848/1,1528,39418,E 190_848_1 Southampton 24 Jun 1705 - 25 Dec 1705 (23).JPG,0.4411764706,0.00,-1207,-1531,157,302,815,87,848_1/E 190_848_1 Southampton 24 Jun 1705 - 25 Dec 1705 (23).JPG,335.5,2087.6,1847.3,197.2
848/1,1529,39419,E 190_848_1 Southampton 24 Jun 1705 - 25 Dec 1705 (23).JPG,0.4411764706,0.00,-1207,-1531,153,366,815,87,848_1/E 190_848_1 Southampton 24 Jun 1705 - 25 Dec 1705 (23).JPG,326.4,2232.7,1847.3,197.2
848/1,1530,39420,E 190_848_1 Southampton 24 Jun 1705 - 25 Dec 1705 (23).JPG,0.4411764706,0.00,-1207,-1531,156,430,815,87,848_1/E 190_848_1 Southampton 24 Jun 1705 - 25 Dec 1705 (23).JPG,333.2,2377.7,1847.3,197.2
848/1,1531,39421,E 190_848_1 Southampton 24 Jun 1705 - 25 Dec 1705 (26).JPG,0.5338235294,0.00,-1561,-1460,629,216,986,131,848_1/E 190_848_1 Southampton 24 Jun 1705 - 25 Dec 1705 (26).JPG,2202.2,1714.4,1847.1,245.4
848/1,1532,39422,E 190_848_1 Southampton 24 Jun 1705 - 25 Dec 1705 (27).JPG,0.4852941176,0.00,-1516,-1611,667,131,896,112,848_1/E 190_848_1 Southampton 24 Jun 1705 - 25 Dec 1705 (27).JPG,2190.4,1858.7,1846.3,230.8
848/1,1533,39423,E 190_848_1 Southampton 24 Jun 1705 - 25 Dec 1705 (30).JPG,0.7815710294,0.00,-1892,-1952,304,425,1391,177,848_1/E 190_848_1 Southampton 24 Jun 1705 - 25 Dec 1705 (30).JPG,2201.6,2585.2,1779.7,226.5
849/1,1571,39460,E 190_849_1 Southampton 25 Dec 1706 - 24 Jun 1707 (7).JPG,0.4852941176,0.00,-1482,-1179,678,156,902,107,849_1/E 190_849_1 Southampton 25 Dec 1706 - 24 Jun 1707 (7).JPG,2143.0,1020.0,1858.7,220.5
849/1,1572,39461,E 190_849_1 Southampton 25 Dec 1706 - 24 Jun 1707 (7).JPG,0.4852941176,0.00,-1482,-1179,670,235,902,107,849_1/E 190_849_1 Southampton 25 Dec 1706 - 24 Jun 1707 (7).JPG,2126.5,1182.8,1858.7,220.5
849/1,1573,39462,E 190_849_1 Southampton 25 Dec 1706 - 24 Jun 1707 (7).JPG,0.4852941176,0.00,-1482,-1179,666,304,902,97,849_1/E 190_849_1 Southampton 25 Dec 1706 - 24 Jun 1707 (7).JPG,2118.3,1325.0,1858.7,199.9
849/1,1574,39463,E 190_849_1 Southampton 25 Dec 1706 - 24 Jun 1707 (7).JPG,0.4852941176,0.00,-1482,-1179,654,378,902,97,849_1/E 190_849_1 Southampton 25 Dec 1706 - 24 Jun 1707 (7).JPG,2093.6,1477.5,1858.7,199.9
849/1,1575,39464,E 190_849_1 Southampton 25 Dec 1706 - 24 Jun 1707 (7).JPG,0.4852941176,0.00,-1482,-1179,655,458,902,97,849_1/E 190_849_1 Southampton 25 Dec 1706 - 24 Jun 1707 (7).JPG,2095.6,1642.3,1858.7,199.9
849/1,1576,39465,E 190_849_1 Southampton 25 Dec 1706 - 24 Jun 1707 (9).JPG,0.5338235294,0.00,-792,-1675,426,115,932,146,849_1/E 190_849_1 Southampton 25 Dec 1706 - 24 Jun 1707 (9).JPG,381.4,1928.0,1745.9,273.5
849/1,1577,39466,E 190_849_1 Southampton 25 Dec 1706 - 24 Jun 1707 (9).JPG,0.5338235294,0.00,-792,-1675,421,235,932,121,849_1/E 190_849_1 Southampton 25 Dec 1706 - 24 Jun 1707 (9).JPG,372.0,2152.8,1745.9,226.7
849/1,1578,39467,E 190_849_1 Southampton 25 Dec 1706 - 24 Jun 1707 (9).JPG,0.5338235294,0.00,-792,-1675,422,329,932,121,849_1/E 190_849_1 Southampton 25 Dec 1706 - 24 Jun 1707 (9).JPG,373.9,2328.9,1745.9,226.7
849/1,1579,39468,E 190_849_1 Southampton 25 Dec 1706 - 24 Jun 1707 (9).JPG,0.5338235294,0.00,-792,-1675,418,421,932,121,849_1/E 190_849_1 Southampton 25 Dec 1706 - 24 Jun 1707 (9).JPG,366.4,2501.2,1745.9,226.7
849/1,1580,39469,E 190_849_1 Southampton 25 Dec 1706 - 24 Jun 1707 (9).JPG,0.5338235294,0.00,-792,-1675,421,536,932,121,849_1/E 190_849_1 Southampton 25 Dec 1706 - 24 Jun 1707 (9).JPG,372.0,2716.6,1745.9,226.7
849/1,1581,39470,E 190_849_1 Southampton 25 Dec 1706 - 24 Jun 1707 (12).JPG,0.5872058824,0.00,-708,-1591,414,126,1025,178,849_1/E 190_849_1 Southampton 25 Dec 1706 - 24 Jun 1707 (12).JPG,381.1,1776.8,1745.6,303.1
849/1,1582,39471,E 190_849_1 Southampton 25 Dec 1706 - 24 Jun 1707 (12).JPG,0.5872058824,0.00,-700,-1593,407,301,1025,134,849_1/E 190_849_1 Southampton 25 Dec 1706 - 24 Jun 1707 (12).JPG,355.5,2078.2,1745.6,228.2
849/1,1583,39472,E 190_849_1 Southampton 25 Dec 1706 - 24 Jun 1707 (12).JPG,0.5872058824,0.00,-700,-1593,400,429,1025,134,849_1/E 190_849_1 Southampton 25 Dec 1706 - 24 Jun 1707 (12).JPG,343.6,2296.2,1745.6,228.2
849/1,1584,39473,E 190_849_1 Southampton 25 Dec 1706 - 24 Jun 1707 (12).JPG,0.5872058824,0.00,-700,-1593,401,548,1025,134,849_1/E 190_849_1 Southampton 25 Dec 1706 - 24 Jun 1707 (12).JPG,345.3,2498.8,1745.6,228.2
849/1,1585,39474,E 190_849_1 Southampton 25 Dec 1706 - 24 Jun 1707 (12).JPG,0.5872058824,0.00,-700,-1593,390,666,1025,134,849_1/E 190_849_1 Southampton 25 Dec 1706 - 24 Jun 1707 (12).JPG,326.6,2699.8,1745.6,228.2
849/1,1586,39475,E 190_849_1 Southampton 25 Dec 1706 - 24 Jun 1707 (16).JPG,0.6459264706,0.00,-635,-795,374,391,1144,148,849_1/E 190_849_1 Southampton 25 Dec 1706 - 24 Jun 1707 (16).JPG,369.3,941.5,1771.1,229.1
849/1,1587,39476,E 190_849_1 Southampton 25 Dec 1706 - 24 Jun 1707 (18).JPG,0.5872058824,0.00,-1627,-1680,513,163,1065,146,849_1/E 190_849_1 Southampton 25 Dec 1706 - 24 Jun 1707 (18).JPG,2114.7,1991.3,1813.7,248.6
849/1,1588,39477,E 190_849_1 Southampton 25 Dec 1706 - 24 Jun 1707 (18).JPG,0.5872058824,0.00,-1627,-1680,516,287,1065,146,849_1/E 190_849_1 Southampton 25 Dec 1706 - 24 Jun 1707 (18).JPG,2119.8,2202.5,1813.7,248.6
849/1,1589,39478,E 190_849_1 Southampton 25 Dec 1706 - 24 Jun 1707 (18).JPG,0.5872058824,0.00,-1627,-1680,504,416,1065,146,849_1/E 190_849_1 Southampton 25 Dec 1706 - 24 Jun 1707 (18).JPG,2099.4,2422.2,1813.7,248.6
849/1,1590,39479,E 190_849_1 Southampton 25 Dec 1706 - 24 Jun 1707 (18).JPG,0.5872058824,0.00,-1627,-1680,499,545,1065,146,849_1/E 190_849_1 Southampton 25 Dec 1706 - 24 Jun 1707 (18).JPG,2090.9,2641.9,1813.7,248.6
849/1,1591,39480,E 190_849_1 Southampton 25 Dec 1706 - 24 Jun 1707 (19).JPG,0.6459264706,0.00,-690,-767,326,201,1136,188,849_1/E 190_849_1 Southampton 25 Dec 1706 - 24 Jun 1707 (19).JPG,380.1,604.0,1758.7,291.1
849/1,1592,39481,E 190_849_1 Southampton 25 Dec 1706 - 24 Jun 1707 (19).JPG,0.6459264706,0.00,-690,-767,326,365,1136,115,849_1/E 190_849_1 Southampton 25 Dec 1706 - 24 Jun 1707 (19).JPG,380.1,857.9,1758.7,178.0
849/1,1593,39482,E 190_849_1 Southampton 25 Dec 1706 - 24 Jun 1707 (19).JPG,0.6459264706,0.00,-690,-767,323,453,1136,78,849_1/E 190_849_1 Southampton 25 Dec 1706 - 24 Jun 1707 (19).JPG,375.5,994.2,1758.7,120.8
849/1,1594,39483,E 190_849_1 Southampton 25 Dec 1706 - 24 Jun 1707 (19).JPG,0.6459264706,0.00,-690,-767,325,506,1136,105,849_1/E 190_849_1 Southampton 25 Dec 1706 - 24 Jun 1707 (19).JPG,378.6,1076.2,1758.7,162.6
849/1,1595,39484,E 190_849_1 Southampton 25 Dec 1706 - 24 Jun 1707 (19).JPG,0.6459264706,0.00,-690,-767,324,623,1136,133,849_1/E 190_849_1 Southampton 25 Dec 1706 - 24 Jun 1707 (19).JPG,377.0,1257.3,1758.7,205.9
849/1,1596,39485,E 190_849_1 Southampton 25 Dec 1706 - 24 Jun 1707 (19).JPG,0.6459264706,0.00,-680,-1307,329,218,1136,133,849_1/E 190_849_1 Southampton 25 Dec 1706 - 24 Jun 1707 (19).JPG,369.3,1466.3,1758.7,205.9
849/1,1597,39486,E 190_849_1 Southampton 25 Dec 1706 - 24 Jun 1707 (19).JPG,0.6459264706,0.00,-680,-1307,329,364,1136,133,849_1/E 190_849_1 Southampton 25 Dec 1706 - 24 Jun 1707 (19).JPG,369.3,1692.4,1758.7,205.9
849/1,1598,39487,E 190_849_1 Southampton 25 Dec 1706 - 24 Jun 1707 (23).JPG,0.5813338235,-3.00,-1630,-1475,506,95,1061,140,849_1/E 190_849_1 Southampton 25 Dec 1706 - 24 Jun 1707 (23).JPG,2107.2,1525.3,1825.1,240.8
849/1,1599,39488,E 190_849_1 Southampton 25 Dec 1706 - 24 Jun 1707 (23).JPG,0.5755204853,-3.00,-1594,-1476,525,200,1061,140,849_1/E 190_849_1 Southampton 25 Dec 1706 - 24 Jun 1707 (23).JPG,2077.0,1708.5,1843.5,243.3
849/1,1600,39489,E 190_849_1 Southampton 25 Dec 1706 - 24 Jun 1707 (23).JPG,0.5755204853,-3.00,-1594,-1476,548,305,1061,140,849_1/E 190_849_1 Southampton 25 Dec 1706 - 24 Jun 1707 (23).JPG,2116.9,1890.9,1843.5,243.3
849/1,1601,39490,E 190_849_1 Southampton 25 Dec 1706 - 24 Jun 1707 (23).JPG,0.5755204853,-3.00,-1594,-1476,556,404,1061,140,849_1/E 190_849_1 Southampton 25 Dec 1706 - 24 Jun 1707 (23).JPG,2130.8,2062.9,1843.5,243.3
849/1,1602,39491,E 190_849_1 Southampton 25 Dec 1706 - 24 Jun 1707 (23).JPG,0.5755204853,-3.00,-1594,-1476,560,511,1061,140,849_1/E 190_849_1 Southampton 25 Dec 1706 - 24 Jun 1707 (23).JPG,2137.8,2248.8,1843.5,243.3
849/1,1603,39492,E 190_849_1 Southampton 25 Dec 1706 - 24 Jun 1707 (23).JPG,0.5755204853,-3.00,-1594,-1476,556,614,1061,140,849_1/E 190_849_1 Southampton 25 Dec 1706 - 24 Jun 1707 (23).JPG,2130.8,2427.8,1843.5,243.3
849/1,1604,39493,E 190_849_1 Southampton 25 Dec 1706 - 24 Jun 1707 (27).JPG,0.5872058824,-3.00,-1552,-1825,611,98,1041,161,849_1/E 190_849_1 Southampton 25 Dec 1706 - 24 Jun 1707 (27).JPG,2153.9,2127.6,1772.8,274.2
849/1,1605,39494,E 190_849_1 Southampton 25 Dec 1706 - 24 Jun 1707 (27).JPG,0.5872058824,-3.00,-1552,-1825,617,233,1041,132,849_1/E 190_849_1 Southampton 25 Dec 1706 - 24 Jun 1707 (27).JPG,2164.1,2357.5,1772.8,224.8
849/1,1606,39495,E 190_849_1 Southampton 25 Dec 1706 - 24 Jun 1707 (27).JPG,0.5872058824,-3.00,-1552,-1825,628,350,1041,132,849_1/E 190_849_1 Southampton 25 Dec 1706 - 24 Jun 1707 (27).JPG,2182.8,2556.7,1772.8,224.8
849/1,1607,39496,E 190_849_1 Southampton 25 Dec 1706 - 24 Jun 1707 (27).JPG,0.5872058824,-3.00,-1552,-1825,629,448,1041,113,849_1/E 190_849_1 Southampton 25 Dec 1706 - 24 Jun 1707 (27).JPG,2184.5,2723.6,1772.8,192.4
849/1,1608,39497,E 190_849_1 Southampton 25 Dec 1706 - 24 Jun 1707 (29).JPG,0.5338235294,0.00,-925,-1802,286,210,952,181,849_1/E 190_849_1 Southampton 25 Dec 1706 - 24 Jun 1707 (29).JPG,368.3,2343.8,1783.4,339.1
849/1,1609,39498,E 190_849_1 Southampton 25 Dec 1706 - 24 Jun 1707 (29).JPG,0.6459264706,0.00,-1677,-877,468,105,1074,209,849_1/E 190_849_1 Southampton 25 Dec 1706 - 24 Jun 1707 (29).JPG,2128.0,625.7,1662.7,323.6
849/1,1610,39499,E 190_849_1 Southampton 25 Dec 1706 - 24 Jun 1707 (29).JPG,0.6459264706,0.00,-1677,-877,462,302,1074,152,849_1/E 190_849_1 Southampton 25 Dec 1706 - 24 Jun 1707 (29).JPG,2118.7,930.7,1662.7,235.3
849/1,1611,39500,E 190_849_1 Southampton 25 Dec 1706 - 24 Jun 1707 (30).JPG,0.6459264706,0.00,-1566,-1041,609,224,1117,128,849_1/E 190_849_1 Southampton 25 Dec 1706 - 24 Jun 1707 (30).JPG,2174.5,1063.8,1729.3,198.2
849/1,1612,39501,E 190_849_1 Southampton 25 Dec 1706 - 24 Jun 1707 (31).JPG,0.5338235294,0.00,-797,-1869,419,89,964,122,849_1/E 190_849_1 Southampton 25 Dec 1706 - 24 Jun 1707 (31).JPG,377.7,2242.7,1805.8,228.5
849/1,1613,39503,E 190_849_1 Southampton 25 Dec 1706 - 24 Jun 1707 (31).JPG,0.5872058824,0.00,-1136,-2061,13,42,964,122,849_1/E 190_849_1 Southampton 25 Dec 1706 - 24 Jun 1707 (31).JPG,427.0,2434.1,1641.7,207.8
849/1,1614,39504,E 190_849_1 Southampton 25 Dec 1706 - 24 Jun 1707 (31).JPG,0.5872058824,0.00,-1136,-2061,24,147,964,122,849_1/E 190_849_1 Southampton 25 Dec 1706 - 24 Jun 1707 (31).JPG,445.8,2612.9,1641.7,207.8
849/1,1615,39505,E 190_849_1 Southampton 25 Dec 1706 - 24 Jun 1707 (35).JPG,0.5872058824,0.00,-814,-903,331,312,1036,163,849_1/E 190_849_1 Southampton 25 Dec 1706 - 24 Jun 1707 (35).JPG,420.2,921.9,1764.3,277.6
849/1,1616,39506,E 190_849_1 Southampton 25 Dec 1706 - 24 Jun 1707 (36).JPG,0.6459264706,0.00,-1799,-1746,407,119,1164,129,849_1/E 190_849_1 Southampton 25 Dec 1706 - 24 Jun 1707 (36).JPG,2222.4,1992.7,1802.1,199.7
849/1,1617,39507,E 190_849_1 Southampton 25 Dec 1706 - 24 Jun 1707 (37).JPG,0.5338235294,0.00,-920,-1162,310,157,963,153,849_1/E 190_849_1 Southampton 25 Dec 1706 - 24 Jun 1707 (37).JPG,403.9,1045.7,1804.0,286.6
849/1,1618,39508,E 190_849_1 Southampton 25 Dec 1706 - 24 Jun 1707 (37).JPG,0.5338235294,0.00,-920,-1162,319,518,963,114,849_1/E 190_849_1 Southampton 25 Dec 1706 - 24 Jun 1707 (37).JPG,420.7,1721.9,1804.0,213.6
849/1,1619,39510,E 190_849_1 Southampton 25 Dec 1706 - 24 Jun 1707 (37).JPG,0.5338235294,0.00,-939,-1754,301,172,963,139,849_1/E 190_849_1 Southampton 25 Dec 1706 - 24 Jun 1707 (37).JPG,422.6,2182.7,1804.0,260.4
849/1,1620,39511,E 190_849_1 Southampton 25 Dec 1706 - 24 Jun 1707 (37).JPG,0.4852941176,0.00,-1699,-1352,485,179,866,144,849_1/E 190_849_1 Southampton 25 Dec 1706 - 24 Jun 1707 (37).JPG,2192.5,1423.9,1784.5,296.7
849/1,1621,39512,E 190_849_1 Southampton 25 Dec 1706 - 24 Jun 1707 (39).JPG,0.5872058824,0.00,-843,-1117,304,256,1061,119,849_1/E 190_849_1 Southampton 25 Dec 1706 - 24 Jun 1707 (39).JPG,423.6,1190.9,1806.9,202.7
849/2,1209,39097,E 190_849_2 Southampton 24 Jun 1706 - 25 Dec 1706 (10).JPG,0.5338235294,0.00,-1600,-1564,530,594,962,109,849_2/E 190_849_2 Southampton 24 Jun 1706 - 25 Dec 1706 (10).JPG,2089.8,2617.3,1802.1,204.2
849/2,1210,39098,E 190_849_2 Southampton 24 Jun 1706 - 25 Dec 1706 (11).JPG,0.5872058824,0.00,-675,-601,373,401,1043,125,849_2/E 190_849_2 Southampton 24 Jun 1706 - 25 Dec 1706 (11).JPG,255.0,559.1,1776.2,212.9
849/2,1211,39099,E 190_849_2 Southampton 24 Jun 1706 - 25 Dec 1706 (12).JPG,0.5338235294,0.00,-905,-1579,253,116,959,99,849_2/E 190_849_2 Southampton 24 Jun 1706 - 25 Dec 1706 (12).JPG,269.0,1750.0,1796.5,185.5
849/2,1212,39100,E 190_849_2 Southampton 24 Jun 1706 - 25 Dec 1706 (12).JPG,0.5338235294,0.00,-908,-1584,254,179,959,99,849_2/E 190_849_2 Southampton 24 Jun 1706 - 25 Dec 1706 (12).JPG,276.5,1877.4,1796.5,185.5
849/2,1213,39101,E 190_849_2 Southampton 24 Jun 1706 - 25 Dec 1706 (12).JPG,0.5338235294,0.00,-1562,-1753,559,199,959,99,849_2/E 190_849_2 Southampton 24 Jun 1706 - 25 Dec 1706 (12).JPG,2073.0,2231.4,1796.5,185.5
849/2,1214,39102,E 190_849_2 Southampton 24 Jun 1706 - 25 Dec 1706 (12).JPG,0.5338235294,0.00,-1562,-1753,565,264,959,99,849_2/E 190_849_2 Southampton 24 Jun 1706 - 25 Dec 1706 (12).JPG,2084.2,2353.2,1796.5,185.5
849/2,1215,39103,E 190_849_2 Southampton 24 Jun 1706 - 25 Dec 1706 (15).JPG,0.6459264706,0.00,-659,-1559,266,177,1177,122,849_2/E 190_849_2 Southampton 24 Jun 1706 - 25 Dec 1706 (15).JPG,239.2,1793.0,1822.2,188.9
849/2,1216,39104,E 190_849_2 Southampton 24 Jun 1706 - 25 Dec 1706 (21).JPG,0.5872058824,3.00,-1517,-1148,596,127,1035,110,849_2/E 190_849_2 Southampton 24 Jun 1706 - 25 Dec 1706 (21).JPG,2068.7,1024.0,1762.6,187.3
849/2,1217,39105,E 190_849_2 Southampton 24 Jun 1706 - 25 Dec 1706 (21).JPG,0.5872058824,3.00,-1517,-1148,583,224,1035,110,849_2/E 190_849_2 Southampton 24 Jun 1706 - 25 Dec 1706 (21).JPG,2046.6,1189.2,1762.6,187.3
849/2,1218,39106,E 190_849_2 Southampton 24 Jun 1706 - 25 Dec 1706 (21).JPG,0.5872058824,3.00,-1517,-1148,586,312,1035,110,849_2/E 190_849_2 Southampton 24 Jun 1706 - 25 Dec 1706 (21).JPG,2051.7,1339.1,1762.6,187.3
849/2,1219,39107,E 190_849_2 Southampton 24 Jun 1706 - 25 Dec 1706 (23).JPG,0.5872058824,0.00,-702,-1705,384,242,1040,105,849_2/E 190_849_2 Southampton 24 Jun 1706 - 25 Dec 1706 (23).JPG,319.8,2168.4,1771.1,178.8
849/2,1220,39108,E 190_849_2 Southampton 24 Jun 1706 - 25 Dec 1706 (23).JPG,0.5872058824,0.00,-702,-1705,390,326,1040,105,849_2/E 190_849_2 Southampton 24 Jun 1706 - 25 Dec 1706 (23).JPG,330.0,2311.5,1771.1,178.8
849/2,1221,39109,E 190_849_2 Southampton 24 Jun 1706 - 25 Dec 1706 (23).JPG,0.5872058824,0.00,-702,-1705,398,385,1040,105,849_2/E 190_849_2 Southampton 24 Jun 1706 - 25 Dec 1706 (23).JPG,343.6,2412.0,1771.1,178.8
849/2,1222,39110,E 190_849_2 Southampton 24 Jun 1706 - 25 Dec 1706 (23).JPG,0.5872058824,0.00,-702,-1705,397,519,1040,105,849_2/E 190_849_2 Southampton 24 Jun 1706 - 25 Dec 1706 (23).JPG,341.9,2640.2,1771.1,178.8
849/2,1223,39111,E 190_849_2 Southampton 24 Jun 1706 - 25 Dec 1706 (23).JPG,0.5872058824,3.00,-1473,-795,648,202,972,118,849_2/E 190_849_2 Southampton 24 Jun 1706 - 25 Dec 1706 (23).JPG,2082.3,550.6,1655.3,201.0
849/2,1224,39112,E 190_849_2 Southampton 24 Jun 1706 - 25 Dec 1706 (23).JPG,0.5872058824,3.00,-1473,-795,652,301,972,118,849_2/E 190_849_2 Southampton 24 Jun 1706 - 25 Dec 1706 (23).JPG,2089.1,719.2,1655.3,201.0
849/2,1225,39113,E 190_849_2 Southampton 24 Jun 1706 - 25 Dec 1706 (26).JPG,0.5872058824,0.00,-673,-1777,431,185,1049,120,849_2/E 190_849_2 Southampton 24 Jun 1706 - 25 Dec 1706 (26).JPG,350.4,2194.0,1786.4,204.4
849/2,1226,39114,E 190_849_2 Southampton 24 Jun 1706 - 25 Dec 1706 (26).JPG,0.5872058824,0.00,-673,-1777,431,269,1049,120,849_2/E 190_849_2 Southampton 24 Jun 1706 - 25 Dec 1706 (26).JPG,350.4,2337.0,1786.4,204.4
849/2,1227,39115,E 190_849_2 Southampton 24 Jun 1706 - 25 Dec 1706 (26).JPG,0.5872058824,0.00,-673,-1777,426,359,1049,120,849_2/E 190_849_2 Southampton 24 Jun 1706 - 25 Dec 1706 (26).JPG,341.9,2490.3,1786.4,204.4
849/2,1228,39116,E 190_849_2 Southampton 24 Jun 1706 - 25 Dec 1706 (28).JPG,0.7105191176,0.00,-1678,-1134,442,116,1209,130,849_2/E 190_849_2 Southampton 24 Jun 1706 - 25 Dec 1706 (28).JPG,2097.2,1094.4,1701.6,183.0
849/2,1229,39117,E 190_849_2 Southampton 24 Jun 1706 - 25 Dec 1706 (28).JPG,0.7105191176,0.00,-1678,-1134,429,212,1209,130,849_2/E 190_849_2 Southampton 24 Jun 1706 - 25 Dec 1706 (28).JPG,2078.9,1229.5,1701.6,183.0
849/2,1230,39118,E 190_849_2 Southampton 24 Jun 1706 - 25 Dec 1706 (28).JPG,0.7105191176,0.00,-1678,-1134,434,315,1209,130,849_2/E 190_849_2 Southampton 24 Jun 1706 - 25 Dec 1706 (28).JPG,2085.9,1374.4,1701.6,183.0
849/2,1231,39119,E 190_849_2 Southampton 24 Jun 1706 - 25 Dec 1706 (33).JPG,0.6459264706,0.00,-855,-1492,323,245,1124,124,849_2/E 190_849_2 Southampton 24 Jun 1706 - 25 Dec 1706 (33).JPG,630.9,1794.6,1740.1,192.0
850/3,1061,38948,E 190_850_3 Southampton 24 Jun 1707 - 25 Dec 1707 (9).JPG,0.7105191176,3.00,-629,-2135,203,105,1267,163,850_3/E 190_850_3 Southampton 24 Jun 1707 - 25 Dec 1707 (9).JPG,284.4,2487.7,1783.2,229.4
850/3,1062,38949,E 190_850_3 Southampton 24 Jun 1707 - 25 Dec 1707 (9).JPG,0.7105191176,3.00,-629,-2135,200,243,1267,120,850_3/E 190_850_3 Southampton 24 Jun 1707 - 25 Dec 1707 (9).JPG,280.2,2681.9,1783.2,168.9
850/3,1063,38950,E 190_850_3 Southampton 24 Jun 1707 - 25 Dec 1707 (9).JPG,0.6459264706,0.00,-1832,-918,324,36,1173,199,850_3/E 190_850_3 Southampton 24 Jun 1707 - 25 Dec 1707 (9).JPG,2145.0,582.3,1816.0,308.1
850/3,1064,38951,E 190_850_3 Southampton 24 Jun 1707 - 25 Dec 1707 (9).JPG,0.6459264706,0.00,-1832,-918,321,220,1173,130,850_3/E 190_850_3 Southampton 24 Jun 1707 - 25 Dec 1707 (9).JPG,2140.4,867.2,1816.0,201.3
850/3,1065,38952,E 190_850_3 Southampton 24 Jun 1707 - 25 Dec 1707 (9).JPG,0.6459264706,0.00,-1832,-918,323,331,1173,130,850_3/E 190_850_3 Southampton 24 Jun 1707 - 25 Dec 1707 (9).JPG,2143.5,1039.1,1816.0,201.3
850/3,1066,38953,E 190_850_3 Southampton 24 Jun 1707 - 25 Dec 1707 (11).JPG,0.5872058824,0.00,-704,-1699,381,46,1061,146,850_3/E 190_850_3 Southampton 24 Jun 1707 - 25 Dec 1707 (11).JPG,318.0,1824.4,1806.9,248.6
850/3,1067,38954,E 190_850_3 Southampton 24 Jun 1707 - 25 Dec 1707 (11).JPG,0.5872058824,0.00,-704,-1699,378,134,1061,146,850_3/E 190_850_3 Southampton 24 Jun 1707 - 25 Dec 1707 (11).JPG,312.9,1974.3,1806.9,248.6
850/3,1068,38955,E 190_850_3 Southampton 24 Jun 1707 - 25 Dec 1707 (11).JPG,0.5872058824,0.00,-704,-1699,373,265,1061,125,850_3/E 190_850_3 Southampton 24 Jun 1707 - 25 Dec 1707 (11).JPG,304.4,2197.4,1806.9,212.9
850/3,1069,38956,E 190_850_3 Southampton 24 Jun 1707 - 25 Dec 1707 (11).JPG,0.5872058824,0.00,-704,-1699,374,383,1061,113,850_3/E 190_850_3 Southampton 24 Jun 1707 - 25 Dec 1707 (11).JPG,306.1,2398.3,1806.9,192.4
850/3,1070,38957,E 190_850_3 Southampton 24 Jun 1707 - 25 Dec 1707 (11).JPG,0.5872058824,0.00,-704,-1699,376,475,1061,113,850_3/E 190_850_3 Southampton 24 Jun 1707 - 25 Dec 1707 (11).JPG,309.5,2555.0,1806.9,192.4
850/3,1071,38958,E 190_850_3 Southampton 24 Jun 1707 - 25 Dec 1707 (13).JPG,0.5872058824,-6.00,-1612,-1916,548,88,1119,138,850_3/E 190_850_3 Southampton 24 Jun 1707 - 25 Dec 1707 (13).JPG,2148.8,2265.5,1905.6,235.0
850/3,1072,38959,E 190_850_3 Southampton 24 Jun 1707 - 25 Dec 1707 (13).JPG,0.5872058824,-6.00,-1612,-1916,552,199,1119,138,850_3/E 190_850_3 Southampton 24 Jun 1707 - 25 Dec 1707 (13).JPG,2155.6,2454.5,1905.6,235.0
850/3,1073,38960,E 190_850_3 Southampton 24 Jun 1707 - 25 Dec 1707 (13).JPG,0.5872058824,-6.00,-1612,-1916,562,307,1119,121,850_3/E 190_850_3 Southampton 24 Jun 1707 - 25 Dec 1707 (13).JPG,2172.6,2638.5,1905.6,206.1
850/3,1074,38961,E 190_850_3 Southampton 24 Jun 1707 - 25 Dec 1707 (14).JPG,0.6459264706,-3.00,-590,-881,363,51,1181,193,850_3/E 190_850_3 Southampton 24 Jun 1707 - 25 Dec 1707 (14).JPG,282.6,548.3,1828.4,298.8
850/3,1075,38962,E 190_850_3 Southampton 24 Jun 1707 - 25 Dec 1707 (19).JPG,0.5872058824,0.00,-1543,-1037,604,104,1071,207,850_3/E 190_850_3 Southampton 24 Jun 1707 - 25 Dec 1707 (19).JPG,2126.6,795.8,1823.9,352.5
850/3,1076,38963,E 190_850_3 Southampton 24 Jun 1707 - 25 Dec 1707 (20).JPG,0.5872058824,0.00,-794,-2074,302,109,1049,110,850_3/E 190_850_3 Southampton 24 Jun 1707 - 25 Dec 1707 (20).JPG,336.8,2570.3,1786.4,187.3
850/3,1077,38964,E 190_850_3 Southampton 24 Jun 1707 - 25 Dec 1707 (20).JPG,0.5872058824,0.00,-794,-2074,305,183,1049,110,850_3/E 190_850_3 Southampton 24 Jun 1707 - 25 Dec 1707 (20).JPG,341.9,2696.4,1786.4,187.3
850/3,1078,38965,E 190_850_3 Southampton 24 Jun 1707 - 25 Dec 1707 (20).JPG,0.6394672059,0.00,-1606,-878,539,55,1160,163,850_3/E 190_850_3 Southampton 24 Jun 1707 - 25 Dec 1707 (20).JPG,2127.5,538.9,1814.0,254.9
850/3,1079,38966,E 190_850_3 Southampton 24 Jun 1707 - 25 Dec 1707 (22).JPG,0.6459264706,0.00,-606,-1885,390,42,1149,127,850_3/E 190_850_3 Southampton 24 Jun 1707 - 25 Dec 1707 (22).JPG,349.2,2088.7,1778.8,196.6
850/3,1080,38967,E 190_850_3 Southampton 24 Jun 1707 - 25 Dec 1707 (22).JPG,0.6459264706,0.00,-606,-1885,396,136,1149,127,850_3/E 190_850_3 Southampton 24 Jun 1707 - 25 Dec 1707 (22).JPG,358.5,2234.2,1778.8,196.6
850/3,1081,38968,E 190_850_3 Southampton 24 Jun 1707 - 25 Dec 1707 (22).JPG,0.6459264706,0.00,-606,-1885,392,227,1149,127,850_3/E 190_850_3 Southampton 24 Jun 1707 - 25 Dec 1707 (22).JPG,352.3,2375.1,1778.8,196.6
850/3,1082,38969,E 190_850_3 Southampton 24 Jun 1707 - 25 Dec 1707 (26).JPG,0.5872058824,-6.00,-554,-902,505,115,1081,136,850_3/E 190_850_3 Southampton 24 Jun 1707 - 25 Dec 1707 (26).JPG,273.8,584.7,1840.9,231.6
850/3,1083,38970,E 190_850_3 Southampton 24 Jun 1707 - 25 Dec 1707 (27).JPG,0.5338235294,-3.00,-753,-1128,448,85,977,132,850_3/E 190_850_3 Southampton 24 Jun 1707 - 25 Dec 1707 (27).JPG,349.6,847.1,1830.2,247.3
850/3,1084,38971,E 190_850_3 Southampton 24 Jun 1707 - 25 Dec 1707 (27).JPG,0.5338235294,-3.00,-753,-1128,447,192,977,115,850_3/E 190_850_3 Southampton 24 Jun 1707 - 25 Dec 1707 (27).JPG,347.7,1047.5,1830.2,215.4
850/3,1085,38972,E 190_850_3 Southampton 24 Jun 1707 - 25 Dec 1707 (27).JPG,0.5338235294,-3.00,-753,-1128,448,276,977,115,850_3/E 190_850_3 Southampton 24 Jun 1707 - 25 Dec 1707 (27).JPG,349.6,1204.9,1830.2,215.4
850/3,1086,38973,E 190_850_3 Southampton 24 Jun 1707 - 25 Dec 1707 (28).JPG,0.5872058824,0.00,-754,-1620,414,103,1010,120,850_3/E 190_850_3 Southampton 24 Jun 1707 - 25 Dec 1707 (28).JPG,459.4,1787.0,1720.0,204.4
850/3,1087,38974,E 190_850_3 Southampton 24 Jun 1707 - 25 Dec 1707 (28).JPG,0.5872058824,0.00,-754,-1620,411,187,1010,120,850_3/E 190_850_3 Southampton 24 Jun 1707 - 25 Dec 1707 (28).JPG,454.3,1930.0,1720.0,204.4
850/3,1088,38975,E 190_850_3 Southampton 24 Jun 1707 - 25 Dec 1707 (28).JPG,0.5872058824,0.00,-754,-1620,412,278,1010,120,850_3/E 190_850_3 Southampton 24 Jun 1707 - 25 Dec 1707 (28).JPG,456.0,2085.0,1720.0,204.4
850/3,1089,38976,E 190_850_3 Southampton 24 Jun 1707 - 25 Dec 1707 (28).JPG,0.5872058824,0.00,-754,-1620,413,375,1010,120,850_3/E 190_850_3 Southampton 24 Jun 1707 - 25 Dec 1707 (28).JPG,457.7,2250.2,1720.0,204.4
850/3,1090,38977,E 190_850_3 Southampton 24 Jun 1707 - 25 Dec 1707 (28).JPG,0.5872058824,0.00,-1634,-1972,549,72,1010,120,850_3/E 190_850_3 Southampton 24 Jun 1707 - 25 Dec 1707 (28).JPG,2187.9,2333.6,1720.0,204.4
850/3,1091,38978,E 190_850_3 Southampton 24 Jun 1707 - 25 Dec 1707 (30).JPG,0.7034139265,0.00,-1635,-1040,574,154,1223,191,850_3/E 190_850_3 Southampton 24 Jun 1707 - 25 Dec 1707 (30).JPG,2222.9,1009.3,1738.7,271.5
850/3,1092,38979,E 190_850_3 Southampton 24 Jun 1707 - 25 Dec 1707 (31).JPG,0.5338235294,0.00,-700,-1094,524,275,972,125,850_3/E 190_850_3 Southampton 24 Jun 1707 - 25 Dec 1707 (31).JPG,392.6,1139.3,1820.8,234.2
850/3,1093,38980,E 190_850_3 Southampton 24 Jun 1707 - 25 Dec 1707 (31).JPG,0.5338235294,0.00,-692,-1779,541,203,972,125,850_3/E 190_850_3 Southampton 24 Jun 1707 - 25 Dec 1707 (31).JPG,409.5,2287.6,1820.8,234.2
850/3,1094,38981,E 190_850_3 Southampton 24 Jun 1707 - 25 Dec 1707 (31).JPG,0.5338235294,-3.00,-1571,-1763,626,117,971,135,850_3/E 190_850_3 Southampton 24 Jun 1707 - 25 Dec 1707 (31).JPG,2215.3,2096.6,1819.0,252.9
850/3,1095,38982,E 190_850_3 Southampton 24 Jun 1707 - 25 Dec 1707 (31).JPG,0.5338235294,-3.00,-1571,-1763,631,347,971,116,850_3/E 190_850_3 Southampton 24 Jun 1707 - 25 Dec 1707 (31).JPG,2224.7,2527.4,1819.0,217.3
850/3,1096,38983,E 190_850_3 Southampton 24 Jun 1707 - 25 Dec 1707 (32).JPG,0.4411764706,0.00,-787,-1197,607,182,807,128,850_3/E 190_850_3 Southampton 24 Jun 1707 - 25 Dec 1707 (32).JPG,403.5,1058.5,1829.2,290.1
850/3,1097,38984,E 190_850_3 Southampton 24 Jun 1707 - 25 Dec 1707 (32).JPG,0.4411764706,0.00,-854,-1750,551,237,807,128,850_3/E 190_850_3 Southampton 24 Jun 1707 - 25 Dec 1707 (32).JPG,428.4,2436.7,1829.2,290.1
850/3,1098,38985,E 190_850_3 Southampton 24 Jun 1707 - 25 Dec 1707 (34).JPG,0.5338235294,0.00,-692,-1064,576,210,952,128,850_3/E 190_850_3 Southampton 24 Jun 1707 - 25 Dec 1707 (34).JPG,475.1,961.4,1783.4,239.8
850/3,1099,38986,E 190_850_3 Southampton 24 Jun 1707 - 25 Dec 1707 (35).JPG,0.5872058824,0.00,-1567,-937,656,273,988,99,850_3/E 190_850_3 Southampton 24 Jun 1707 - 25 Dec 1707 (35).JPG,2256.0,913.3,1682.5,168.6
850/3,1100,38987,E 190_850_3 Southampton 24 Jun 1707 - 25 Dec 1707 (36).JPG,0.7105191176,3.00,-1673,-800,591,266,1286,109,850_3/E 190_850_3 Southampton 24 Jun 1707 - 25 Dec 1707 (36).JPG,2299.9,835.4,1809.9,153.4
850/3,1101,38988,E 190_850_3 Southampton 24 Jun 1707 - 25 Dec 1707 (38).JPG,0.6459264706,0.00,-1612,-821,653,151,1158,145,850_3/E 190_850_3 Southampton 24 Jun 1707 - 25 Dec 1707 (38).JPG,2313.8,610.2,1792.8,224.5
850/4,1102,38989,E 190_850_4 Southampton 25 Dec 1707 - 24 Jun 1708 (8).JPG,0.5872058824,0.00,-736,-1144,294,211,1072,132,850_4/E 190_850_4 Southampton 25 Dec 1707 - 24 Jun 1708 (8).JPG,224.4,1160.3,1825.6,224.8
850/4,1103,38990,E 190_850_4 Southampton 25 Dec 1707 - 24 Jun 1708 (8).JPG,0.5872058824,0.00,-736,-1144,288,311,1072,132,850_4/E 190_850_4 Southampton 25 Dec 1707 - 24 Jun 1708 (8).JPG,214.2,1330.6,1825.6,224.8
850/4,1104,38991,E 190_850_4 Southampton 25 Dec 1707 - 24 Jun 1708 (8).JPG,0.5872058824,0.00,-736,-1144,289,423,1072,115,850_4/E 190_850_4 Southampton 25 Dec 1707 - 24 Jun 1708 (8).JPG,215.9,1521.3,1825.6,195.8
850/4,1105,38992,E 190_850_4 Southampton 25 Dec 1707 - 24 Jun 1708 (8).JPG,0.5872058824,0.00,-736,-1144,294,521,1072,115,850_4/E 190_850_4 Southampton 25 Dec 1707 - 24 Jun 1708 (8).JPG,224.4,1688.2,1825.6,195.8
850/4,1106,38993,E 190_850_4 Southampton 25 Dec 1707 - 24 Jun 1708 (8).JPG,0.5872058824,0.00,-736,-1144,295,619,1072,115,850_4/E 190_850_4 Southampton 25 Dec 1707 - 24 Jun 1708 (8).JPG,226.1,1855.1,1825.6,195.8
850/4,1108,38995,E 190_850_4 Southampton 25 Dec 1707 - 24 Jun 1708 (11).JPG,0.5338235294,0.00,-1583,-1706,530,69,989,109,850_4/E 190_850_4 Southampton 25 Dec 1707 - 24 Jun 1708 (11).JPG,2058.0,1899.9,1852.7,204.2
850/4,1109,38996,E 190_850_4 Southampton 25 Dec 1707 - 24 Jun 1708 (11).JPG,0.5338235294,0.00,-1583,-1706,524,171,989,109,850_4/E 190_850_4 Southampton 25 Dec 1707 - 24 Jun 1708 (11).JPG,2046.7,2091.0,1852.7,204.2
850/4,1110,38997,E 190_850_4 Southampton 25 Dec 1707 - 24 Jun 1708 (11).JPG,0.5338235294,0.00,-1583,-1706,530,258,989,109,850_4/E 190_850_4 Southampton 25 Dec 1707 - 24 Jun 1708 (11).JPG,2058.0,2253.9,1852.7,204.2
850/4,1111,38998,E 190_850_4 Southampton 25 Dec 1707 - 24 Jun 1708 (11).JPG,0.5338235294,0.00,-1583,-1706,522,352,989,109,850_4/E 190_850_4 Southampton 25 Dec 1707 - 24 Jun 1708 (11).JPG,2043.0,2430.0,1852.7,204.2
850/4,1112,38999,E 190_850_4 Southampton 25 Dec 1707 - 24 Jun 1708 (11).JPG,0.5338235294,0.00,-1583,-1706,530,442,989,109,850_4/E 190_850_4 Southampton 25 Dec 1707 - 24 Jun 1708 (11).JPG,2058.0,2598.6,1852.7,204.2
850/4,1113,39000,E 190_850_4 Southampton 25 Dec 1707 - 24 Jun 1708 (12).JPG,0.5813338235,0.00,-1499,-1523,578,112,1086,118,850_4/E 190_850_4 Southampton 25 Dec 1707 - 24 Jun 1708 (12).JPG,2005.7,1637.2,1868.1,203.0
850/4,1114,39001,E 190_850_4 Southampton 25 Dec 1707 - 24 Jun 1708 (12).JPG,0.5813338235,0.00,-1510,-1537,583,211,1086,118,850_4/E 190_850_4 Southampton 25 Dec 1707 - 24 Jun 1708 (12).JPG,2033.2,1831.5,1868.1,203.0
850/4,1115,39002,E 190_850_4 Southampton 25 Dec 1707 - 24 Jun 1708 (14).JPG,0.5872058824,0.00,-1478,-1354,625,50,1077,117,850_4/E 190_850_4 Southampton 25 Dec 1707 - 24 Jun 1708 (14).JPG,2051.7,1243.7,1834.1,199.2
850/4,1116,39003,E 190_850_4 Southampton 25 Dec 1707 - 24 Jun 1708 (14).JPG,0.5872058824,0.00,-1478,-1354,628,147,1077,117,850_4/E 190_850_4 Southampton 25 Dec 1707 - 24 Jun 1708 (14).JPG,2056.8,1408.9,1834.1,199.2
850/4,1117,39004,E 190_850_4 Southampton 25 Dec 1707 - 24 Jun 1708 (14).JPG,0.5872058824,0.00,-1478,-1354,626,260,1077,117,850_4/E 190_850_4 Southampton 25 Dec 1707 - 24 Jun 1708 (14).JPG,2053.4,1601.3,1834.1,199.2
850/4,1118,39005,E 190_850_4 Southampton 25 Dec 1707 - 24 Jun 1708 (14).JPG,0.5872058824,0.00,-1478,-1354,631,369,1077,117,850_4/E 190_850_4 Southampton 25 Dec 1707 - 24 Jun 1708 (14).JPG,2061.9,1787.0,1834.1,199.2
850/4,1119,39006,E 190_850_4 Southampton 25 Dec 1707 - 24 Jun 1708 (14).JPG,0.5872058824,0.00,-1478,-1354,629,479,1077,117,850_4/E 190_850_4 Southampton 25 Dec 1707 - 24 Jun 1708 (14).JPG,2058.5,1974.3,1834.1,199.2
850/4,1120,39007,E 190_850_4 Southampton 25 Dec 1707 - 24 Jun 1708 (16).JPG,0.5872058824,0.00,-892,-1469,169,120,1054,129,850_4/E 190_850_4 Southampton 25 Dec 1707 - 24 Jun 1708 (16).JPG,277.2,1558.8,1794.9,219.7
850/4,1121,39008,E 190_850_4 Southampton 25 Dec 1707 - 24 Jun 1708 (16).JPG,0.5872058824,0.00,-892,-1469,181,217,1054,129,850_4/E 190_850_4 Southampton 25 Dec 1707 - 24 Jun 1708 (16).JPG,297.6,1724.0,1794.9,219.7
850/4,1122,39009,E 190_850_4 Southampton 25 Dec 1707 - 24 Jun 1708 (16).JPG,0.5872058824,0.00,-892,-1469,200,328,1054,129,850_4/E 190_850_4 Southampton 25 Dec 1707 - 24 Jun 1708 (16).JPG,330.0,1913.0,1794.9,219.7
850/4,1123,39010,E 190_850_4 Southampton 25 Dec 1707 - 24 Jun 1708 (17).JPG,0.5872058824,0.00,-1671,-1722,444,92,1073,107,850_4/E 190_850_4 Southampton 25 Dec 1707 - 24 Jun 1708 (17).JPG,2072.1,1941.9,1827.3,182.2
850/4,1124,39011,E 190_850_4 Southampton 25 Dec 1707 - 24 Jun 1708 (17).JPG,0.5872058824,0.00,-1671,-1722,450,170,1073,131,850_4/E 190_850_4 Southampton 25 Dec 1707 - 24 Jun 1708 (17).JPG,2082.3,2074.8,1827.3,223.1
850/4,1125,39012,E 190_850_4 Southampton 25 Dec 1707 - 24 Jun 1708 (17).JPG,0.5872058824,0.00,-1671,-1722,458,268,1073,131,850_4/E 190_850_4 Southampton 25 Dec 1707 - 24 Jun 1708 (17).JPG,2096.0,2241.7,1827.3,223.1
850/4,1126,39013,E 190_850_4 Southampton 25 Dec 1707 - 24 Jun 1708 (17).JPG,0.5872058824,0.00,-1671,-1722,463,360,1073,131,850_4/E 190_850_4 Southampton 25 Dec 1707 - 24 Jun 1708 (17).JPG,2104.5,2398.3,1827.3,223.1
850/4,1127,39014,E 190_850_4 Southampton 25 Dec 1707 - 24 Jun 1708 (17).JPG,0.5872058824,0.00,-1671,-1722,468,480,1073,131,850_4/E 190_850_4 Southampton 25 Dec 1707 - 24 Jun 1708 (17).JPG,2113.0,2602.7,1827.3,223.1
850/4,1128,39015,E 190_850_4 Southampton 25 Dec 1707 - 24 Jun 1708 (18).JPG,0.6459264706,-3.00,-770,-707,231,273,1106,244,850_4/E 190_850_4 Southampton 25 Dec 1707 - 24 Jun 1708 (18).JPG,356.9,622.6,1712.3,377.8
850/4,1129,39016,E 190_850_4 Southampton 25 Dec 1707 - 24 Jun 1708 (20).JPG,0.4852941176,0.00,-872,-1634,411,84,877,97,850_4/E 190_850_4 Southampton 25 Dec 1707 - 24 Jun 1708 (20).JPG,335.9,1809.2,1807.2,199.9
850/4,1130,39017,E 190_850_4 Southampton 25 Dec 1707 - 24 Jun 1708 (20).JPG,0.4852941176,0.00,-872,-1634,413,154,877,97,850_4/E 190_850_4 Southampton 25 Dec 1707 - 24 Jun 1708 (20).JPG,340.0,1953.5,1807.2,199.9
850/4,1131,39018,E 190_850_4 Southampton 25 Dec 1707 - 24 Jun 1708 (20).JPG,0.4852941176,0.00,-872,-1634,419,222,877,97,850_4/E 190_850_4 Southampton 25 Dec 1707 - 24 Jun 1708 (20).JPG,352.4,2093.6,1807.2,199.9
850/4,1132,39019,E 190_850_4 Southampton 25 Dec 1707 - 24 Jun 1708 (20).JPG,0.4852941176,0.00,-872,-1634,421,302,877,97,850_4/E 190_850_4 Southampton 25 Dec 1707 - 24 Jun 1708 (20).JPG,356.5,2258.4,1807.2,199.9
850/4,1133,39020,E 190_850_4 Southampton 25 Dec 1707 - 24 Jun 1708 (20).JPG,0.4852941176,0.00,-872,-1634,428,380,877,107,850_4/E 190_850_4 Southampton 25 Dec 1707 - 24 Jun 1708 (20).JPG,370.9,2419.2,1807.2,220.5
850/4,1134,39021,E 190_850_4 Southampton 25 Dec 1707 - 24 Jun 1708 (20).JPG,0.4852941176,0.00,-872,-1634,431,470,877,123,850_4/E 190_850_4 Southampton 25 Dec 1707 - 24 Jun 1708 (20).JPG,377.1,2604.6,1807.2,253.5
850/4,1135,39022,E 190_850_4 Southampton 25 Dec 1707 - 24 Jun 1708 (21).JPG,0.5872058824,3.00,-1454,-1151,688,54,1056,121,850_4/E 190_850_4 Southampton 25 Dec 1707 - 24 Jun 1708 (21).JPG,2118.1,904.8,1798.3,206.1
850/4,1136,39023,E 190_850_4 Southampton 25 Dec 1707 - 24 Jun 1708 (21).JPG,0.5872058824,3.00,-1454,-1151,681,168,1056,121,850_4/E 190_850_4 Southampton 25 Dec 1707 - 24 Jun 1708 (21).JPG,2106.2,1099.0,1798.3,206.1
850/4,1137,39024,E 190_850_4 Southampton 25 Dec 1707 - 24 Jun 1708 (21).JPG,0.5872058824,3.00,-1454,-1151,687,270,1056,121,850_4/E 190_850_4 Southampton 25 Dec 1707 - 24 Jun 1708 (21).JPG,2116.4,1272.7,1798.3,206.1
850/4,1138,39025,E 190_850_4 Southampton 25 Dec 1707 - 24 Jun 1708 (21).JPG,0.5872058824,3.00,-1454,-1151,687,370,1056,121,850_4/E 190_850_4 Southampton 25 Dec 1707 - 24 Jun 1708 (21).JPG,2116.4,1443.0,1798.3,206.1
850/4,1139,39026,E 190_850_4 Southampton 25 Dec 1707 - 24 Jun 1708 (21).JPG,0.5872058824,3.00,-1454,-1151,684,473,1056,121,850_4/E 190_850_4 Southampton 25 Dec 1707 - 24 Jun 1708 (21).JPG,2111.3,1618.4,1798.3,206.1
850/4,1140,39027,E 190_850_4 Southampton 25 Dec 1707 - 24 Jun 1708 (21).JPG,0.5872058824,3.00,-1454,-1151,684,576,1056,121,850_4/E 190_850_4 Southampton 25 Dec 1707 - 24 Jun 1708 (21).JPG,2111.3,1793.8,1798.3,206.1
850/4,1141,39028,E 190_850_4 Southampton 25 Dec 1707 - 24 Jun 1708 (24).JPG,0.6394672059,3.00,-1581,-1196,580,111,1204,131,850_4/E 190_850_4 Southampton 25 Dec 1707 - 24 Jun 1708 (24).JPG,2152.5,1123.8,1882.8,204.9
850/4,1142,39029,E 190_850_4 Southampton 25 Dec 1707 - 24 Jun 1708 (24).JPG,0.6394672059,3.00,-1581,-1196,572,207,1204,131,850_4/E 190_850_4 Southampton 25 Dec 1707 - 24 Jun 1708 (24).JPG,2140.0,1273.9,1882.8,204.9
850/4,1143,39030,E 190_850_4 Southampton 25 Dec 1707 - 24 Jun 1708 (24).JPG,0.6394672059,3.00,-1581,-1196,569,301,1204,131,850_4/E 190_850_4 Southampton 25 Dec 1707 - 24 Jun 1708 (24).JPG,2135.3,1420.9,1882.8,204.9
850/4,1144,39032,E 190_850_4 Southampton 25 Dec 1707 - 24 Jun 1708 (24).JPG,0.6394672059,3.00,-1581,-1196,568,408,1204,131,850_4/E 190_850_4 Southampton 25 Dec 1707 - 24 Jun 1708 (24).JPG,2133.8,1588.2,1882.8,204.9
850/4,1145,39033,E 190_850_4 Southampton 25 Dec 1707 - 24 Jun 1708 (24).JPG,0.6394672059,3.00,-1581,-1196,565,517,1204,131,850_4/E 190_850_4 Southampton 25 Dec 1707 - 24 Jun 1708 (24).JPG,2129.1,1758.7,1882.8,204.9
850/4,1146,39034,E 190_850_4 Southampton 25 Dec 1707 - 24 Jun 1708 (27).JPG,0.5338235294,3.00,-811,-1750,390,68,976,105,850_4/E 190_850_4 Southampton 25 Dec 1707 - 24 Jun 1708 (27).JPG,349.6,1980.4,1828.3,196.7
850/4,1147,39035,E 190_850_4 Southampton 25 Dec 1707 - 24 Jun 1708 (27).JPG,0.5338235294,3.00,-811,-1750,391,148,976,105,850_4/E 190_850_4 Southampton 25 Dec 1707 - 24 Jun 1708 (27).JPG,351.4,2130.3,1828.3,196.7
850/4,1148,39036,E 190_850_4 Southampton 25 Dec 1707 - 24 Jun 1708 (27).JPG,0.5338235294,3.00,-811,-1750,395,231,976,105,850_4/E 190_850_4 Southampton 25 Dec 1707 - 24 Jun 1708 (27).JPG,358.9,2285.8,1828.3,196.7
850/4,1149,39037,E 190_850_4 Southampton 25 Dec 1707 - 24 Jun 1708 (27).JPG,0.5338235294,3.00,-811,-1750,395,322,976,105,850_4/E 190_850_4 Southampton 25 Dec 1707 - 24 Jun 1708 (27).JPG,358.9,2456.2,1828.3,196.7
850/4,1150,39038,E 190_850_4 Southampton 25 Dec 1707 - 24 Jun 1708 (27).JPG,0.5338235294,3.00,-811,-1750,402,409,976,105,850_4/E 190_850_4 Southampton 25 Dec 1707 - 24 Jun 1708 (27).JPG,372.0,2619.2,1828.3,196.7
850/4,1151,39039,E 190_850_4 Southampton 25 Dec 1707 - 24 Jun 1708 (28).JPG,0.4411764706,3.00,-1076,-1841,309,222,793,125,850_4/E 190_850_4 Southampton 25 Dec 1707 - 24 Jun 1708 (28).JPG,383.1,2608.9,1797.5,283.3
850/4,1152,39040,E 190_850_4 Southampton 25 Dec 1707 - 24 Jun 1708 (28).JPG,0.5338235294,3.00,-1598,-991,600,100,919,157,850_4/E 190_850_4 Southampton 25 Dec 1707 - 24 Jun 1708 (28).JPG,2217.2,618.6,1721.5,294.1
850/4,1153,39041,E 190_850_4 Southampton 25 Dec 1707 - 24 Jun 1708 (28).JPG,0.5338235294,3.00,-1598,-991,596,236,919,122,850_4/E 190_850_4 Southampton 25 Dec 1707 - 24 Jun 1708 (28).JPG,2209.7,873.3,1721.5,228.5
850/4,1154,39042,E 190_850_4 Southampton 25 Dec 1707 - 24 Jun 1708 (30).JPG,0.7105191176,3.00,-1670,-826,604,210,1244,145,850_4/E 190_850_4 Southampton 25 Dec 1707 - 24 Jun 1708 (30).JPG,2313.9,793.2,1750.8,204.1
850/4,1155,39043,E 190_850_4 Southampton 25 Dec 1707 - 24 Jun 1708 (30).JPG,0.7105191176,3.00,-1723,-1270,529,245,1244,145,850_4/E 190_850_4 Southampton 25 Dec 1707 - 24 Jun 1708 (30).JPG,2283.0,1467.3,1750.8,204.1
850/4,1156,39044,E 190_850_4 Southampton 25 Dec 1707 - 24 Jun 1708 (30).JPG,0.7105191176,3.00,-1760,-1759,455,192,1244,131,850_4/E 190_850_4 Southampton 25 Dec 1707 - 24 Jun 1708 (30).JPG,2230.9,2081.0,1750.8,184.4
850/4,1157,39045,E 190_850_4 Southampton 25 Dec 1707 - 24 Jun 1708 (30).JPG,0.7105191176,3.00,-1765,-1760,422,576,1244,131,850_4/E 190_850_4 Southampton 25 Dec 1707 - 24 Jun 1708 (30).JPG,2191.5,2622.8,1750.8,184.4
850/4,1158,39046,E 190_850_4 Southampton 25 Dec 1707 - 24 Jun 1708 (32).JPG,0.6459264706,0.00,-1631,-1790,584,300,1138,88,850_4/E 190_850_4 Southampton 25 Dec 1707 - 24 Jun 1708 (32).JPG,2236.4,2341.1,1761.8,136.2
851/10,1483,39372,E 190_851_10 Southampton 24 Jun 1708 - 25 Dec 1708 (11).JPG,0.5338235294,0.00,-911,-1280,293,108,953,109,851_10/E 190_851_10 Southampton 24 Jun 1708 - 25 Dec 1708 (11).JPG,355.2,1174.9,1785.2,204.2
851/10,1484,39373,E 190_851_10 Southampton 24 Jun 1708 - 25 Dec 1708 (11).JPG,0.5338235294,0.00,-911,-1280,301,190,953,109,851_10/E 190_851_10 Southampton 24 Jun 1708 - 25 Dec 1708 (11).JPG,370.2,1328.5,1785.2,204.2
851/10,1485,39374,E 190_851_10 Southampton 24 Jun 1708 - 25 Dec 1708 (11).JPG,0.5338235294,0.00,-911,-1280,303,273,953,109,851_10/E 190_851_10 Southampton 24 Jun 1708 - 25 Dec 1708 (11).JPG,373.9,1484.0,1785.2,204.2
851/10,1486,39375,E 190_851_10 Southampton 24 Jun 1708 - 25 Dec 1708 (11).JPG,0.5338235294,0.00,-911,-1280,302,356,953,109,851_10/E 190_851_10 Southampton 24 Jun 1708 - 25 Dec 1708 (11).JPG,372.0,1639.5,1785.2,204.2
851/10,1487,39376,E 190_851_10 Southampton 24 Jun 1708 - 25 Dec 1708 (11).JPG,0.5338235294,0.00,-911,-1280,309,438,953,109,851_10/E 190_851_10 Southampton 24 Jun 1708 - 25 Dec 1708 (11).JPG,385.1,1793.1,1785.2,204.2
851/10,1488,39377,E 190_851_10 Southampton 24 Jun 1708 - 25 Dec 1708 (13).JPG,0.5338235294,0.00,-713,-917,480,149,967,170,851_10/E 190_851_10 Southampton 24 Jun 1708 - 25 Dec 1708 (13).JPG,334.6,571.7,1811.5,318.5
851/10,1489,39378,E 190_851_10 Southampton 24 Jun 1708 - 25 Dec 1708 (13).JPG,0.5338235294,0.00,-713,-917,477,292,967,119,851_10/E 190_851_10 Southampton 24 Jun 1708 - 25 Dec 1708 (13).JPG,328.9,839.6,1811.5,222.9
851/10,1490,39379,E 190_851_10 Southampton 24 Jun 1708 - 25 Dec 1708 (13).JPG,0.5338235294,0.00,-713,-917,480,377,967,119,851_10/E 190_851_10 Southampton 24 Jun 1708 - 25 Dec 1708 (13).JPG,334.6,998.8,1811.5,222.9
851/10,1491,39380,E 190_851_10 Southampton 24 Jun 1708 - 25 Dec 1708 (13).JPG,0.5338235294,0.00,-713,-917,486,467,967,119,851_10/E 190_851_10 Southampton 24 Jun 1708 - 25 Dec 1708 (13).JPG,345.8,1167.4,1811.5,222.9
851/10,1492,39381,E 190_851_10 Southampton 24 Jun 1708 - 25 Dec 1708 (17).JPG,0.5872058824,0.00,-686,-2013,407,132,1081,134,851_10/E 190_851_10 Southampton 24 Jun 1708 - 25 Dec 1708 (17).JPG,331.7,2505.6,1840.9,228.2
851/10,1493,39382,E 190_851_10 Southampton 24 Jun 1708 - 25 Dec 1708 (17).JPG,0.5872058824,0.00,-1695,-916,407,70,1081,196,851_10/E 190_851_10 Southampton 24 Jun 1708 - 25 Dec 1708 (17).JPG,2050.0,531.9,1840.9,333.8
851/10,1494,39383,E 190_851_10 Southampton 24 Jun 1708 - 25 Dec 1708 (21).JPG,0.6459264706,0.00,-1774,-1313,385,111,1181,156,851_10/E 190_851_10 Southampton 24 Jun 1708 - 25 Dec 1708 (21).JPG,2149.7,1310.0,1828.4,241.5
851/10,1495,39384,E 190_851_10 Southampton 24 Jun 1708 - 25 Dec 1708 (21).JPG,0.6459264706,0.00,-1774,-1313,387,225,1181,156,851_10/E 190_851_10 Southampton 24 Jun 1708 - 25 Dec 1708 (21).JPG,2152.8,1486.5,1828.4,241.5
851/10,1496,39385,E 190_851_10 Southampton 24 Jun 1708 - 25 Dec 1708 (24).JPG,0.5872058824,0.00,-834,-1566,319,173,1039,116,851_10/E 190_851_10 Southampton 24 Jun 1708 - 25 Dec 1708 (24).JPG,433.9,1814.2,1769.4,197.5
851/10,1497,39386,E 190_851_10 Southampton 24 Jun 1708 - 25 Dec 1708 (24).JPG,0.5872058824,0.00,-834,-1566,330,278,1039,116,851_10/E 190_851_10 Southampton 24 Jun 1708 - 25 Dec 1708 (24).JPG,452.6,1993.0,1769.4,197.5
851/10,1498,39387,E 190_851_10 Southampton 24 Jun 1708 - 25 Dec 1708 (24).JPG,0.5872058824,0.00,-834,-1566,321,377,1039,116,851_10/E 190_851_10 Southampton 24 Jun 1708 - 25 Dec 1708 (24).JPG,437.3,2161.6,1769.4,197.5
851/10,1499,39388,E 190_851_10 Southampton 24 Jun 1708 - 25 Dec 1708 (27).JPG,0.5872058824,0.00,-1703,-1337,479,116,1032,113,851_10/E 190_851_10 Southampton 24 Jun 1708 - 25 Dec 1708 (27).JPG,2186.2,1327.2,1757.5,192.4
851/10,1500,39389,E 190_851_10 Southampton 24 Jun 1708 - 25 Dec 1708 (27).JPG,0.5872058824,0.00,-1703,-1337,477,206,1032,113,851_10/E 190_851_10 Southampton 24 Jun 1708 - 25 Dec 1708 (27).JPG,2182.8,1480.4,1757.5,192.4
851/10,1501,39391,E 190_851_10 Southampton 24 Jun 1708 - 25 Dec 1708 (27).JPG,0.5872058824,0.00,-1703,-1337,472,306,1032,113,851_10/E 190_851_10 Southampton 24 Jun 1708 - 25 Dec 1708 (27).JPG,2174.3,1650.7,1757.5,192.4
851/10,1502,39392,E 190_851_10 Southampton 24 Jun 1708 - 25 Dec 1708 (30).JPG,0.5872058824,0.00,-708,-1357,442,138,1075,116,851_10/E 190_851_10 Southampton 24 Jun 1708 - 25 Dec 1708 (30).JPG,428.7,1398.7,1830.7,197.5
851/10,1503,39393,E 190_851_10 Southampton 24 Jun 1708 - 25 Dec 1708 (30).JPG,0.5872058824,0.00,-708,-1357,450,214,1075,116,851_10/E 190_851_10 Southampton 24 Jun 1708 - 25 Dec 1708 (30).JPG,442.4,1528.1,1830.7,197.5
851/10,1504,39394,E 190_851_10 Southampton 24 Jun 1708 - 25 Dec 1708 (30).JPG,0.5872058824,0.00,-708,-1357,447,310,1075,116,851_10/E 190_851_10 Southampton 24 Jun 1708 - 25 Dec 1708 (30).JPG,437.3,1691.6,1830.7,197.5
851/10,1505,39395,E 190_851_10 Southampton 24 Jun 1708 - 25 Dec 1708 (30).JPG,0.6459264706,0.00,-1740,-1001,477,203,1137,113,851_10/E 190_851_10 Southampton 24 Jun 1708 - 25 Dec 1708 (30).JPG,2239.5,969.4,1760.3,174.9
851/10,1506,39396,E 190_851_10 Southampton 24 Jun 1708 - 25 Dec 1708 (31).JPG,0.5338235294,0.00,-1588,-1334,617,85,962,109,851_10/E 190_851_10 Southampton 24 Jun 1708 - 25 Dec 1708 (31).JPG,2230.3,1233.0,1802.1,204.2
851/10,1507,39397,E 190_851_10 Southampton 24 Jun 1708 - 25 Dec 1708 (31).JPG,0.5338235294,0.00,-1588,-1334,614,173,962,109,851_10/E 190_851_10 Southampton 24 Jun 1708 - 25 Dec 1708 (31).JPG,2224.7,1397.8,1802.1,204.2
851/10,1508,39398,E 190_851_10 Southampton 24 Jun 1708 - 25 Dec 1708 (33).JPG,0.6459264706,-3.00,-799,-795,236,143,1166,254,851_10/E 190_851_10 Southampton 24 Jun 1708 - 25 Dec 1708 (33).JPG,409.5,557.6,1805.2,393.2
851/10,1509,39399,E 190_851_10 Southampton 24 Jun 1708 - 25 Dec 1708 (34).JPG,0.7105191176,0.00,-725,-1502,235,355,1277,152,851_10/E 190_851_10 Southampton 24 Jun 1708 - 25 Dec 1708 (34).JPG,464.6,1948.7,1797.3,213.9
851/10,1510,39400,E 190_851_10 Southampton 24 Jun 1708 - 25 Dec 1708 (34).JPG,0.7105191176,3.00,-1762,-1196,425,456,1277,152,851_10/E 190_851_10 Southampton 24 Jun 1708 - 25 Dec 1708 (34).JPG,2191.5,1660.1,1797.3,213.9
851/10,1511,39401,E 190_851_10 Southampton 24 Jun 1708 - 25 Dec 1708 (35).JPG,0.6459264706,3.00,-1560,-1013,687,247,1107,114,851_10/E 190_851_10 Southampton 24 Jun 1708 - 25 Dec 1708 (35).JPG,2285.9,1056.1,1713.8,176.5
851/10,1512,39402,E 190_851_10 Southampton 24 Jun 1708 - 25 Dec 1708 (35).JPG,0.6963797872,3.00,-1717,-1060,528,340,1203,98,851_10/E 190_851_10 Southampton 24 Jun 1708 - 25 Dec 1708 (35).JPG,2275.1,1298.8,1727.5,140.7
851/10,1513,39403,E 190_851_10 Southampton 24 Jun 1708 - 25 Dec 1708 (35).JPG,0.7815710294,3.00,-1885,-961,352,491,1365,135,851_10/E 190_851_10 Southampton 24 Jun 1708 - 25 Dec 1708 (35).JPG,2254.0,1401.7,1746.5,172.7
851/9,1622,39513,E 190_851_9 Southampton 25 Dec 1708 - 24 Jun 1709 (6).JPG,0.7105191176,0.00,-569,-1969,341,141,1214,140,851_9/E 190_851_9 Southampton 25 Dec 1708 - 24 Jun 1709 (6).JPG,394.2,2304.7,1708.6,197.0
851/9,1623,39514,E 190_851_9 Southampton 25 Dec 1708 - 24 Jun 1709 (6).JPG,0.7105191176,0.00,-569,-1969,338,252,1214,140,851_9/E 190_851_9 Southampton 25 Dec 1708 - 24 Jun 1709 (6).JPG,390.0,2461.0,1708.6,197.0
851/9,1624,39515,E 190_851_9 Southampton 25 Dec 1708 - 24 Jun 1709 (6).JPG,0.7105191176,3.00,-1768,-613,338,252,1214,140,851_9/E 190_851_9 Southampton 25 Dec 1708 - 24 Jun 1709 (6).JPG,2077.5,552.5,1708.6,197.0
851/9,1625,39516,E 190_851_9 Southampton 25 Dec 1708 - 24 Jun 1709 (6).JPG,0.7105191176,3.00,-1768,-613,340,374,1214,140,851_9/E 190_851_9 Southampton 25 Dec 1708 - 24 Jun 1709 (6).JPG,2080.3,724.2,1708.6,197.0
851/9,1626,39517,E 190_851_9 Southampton 25 Dec 1708 - 24 Jun 1709 (6).JPG,0.7105191176,3.00,-1768,-613,343,480,1214,140,851_9/E 190_851_9 Southampton 25 Dec 1708 - 24 Jun 1709 (6).JPG,2084.5,873.4,1708.6,197.0
851/9,1627,39518,E 190_851_9 Southampton 25 Dec 1708 - 24 Jun 1709 (6).JPG,0.7583575883,0.00,-1619,-859,498,290,1214,140,851_9/E 190_851_9 Southampton 25 Dec 1708 - 24 Jun 1709 (6).JPG,2098.2,995.1,1600.8,184.6
851/9,1628,39519,E 190_851_9 Southampton 25 Dec 1708 - 24 Jun 1709 (6).JPG,0.7583575883,0.00,-1619,-859,489,369,1214,140,851_9/E 190_851_9 Southampton 25 Dec 1708 - 24 Jun 1709 (6).JPG,2086.3,1099.3,1600.8,184.6
851/9,1629,39520,E 190_851_9 Southampton 25 Dec 1708 - 24 Jun 1709 (6).JPG,0.7583575883,0.00,-1619,-859,487,461,1214,140,851_9/E 190_851_9 Southampton 25 Dec 1708 - 24 Jun 1709 (6).JPG,2083.7,1220.6,1600.8,184.6
851/9,1630,39521,E 190_851_9 Southampton 25 Dec 1708 - 24 Jun 1709 (6).JPG,0.7583575883,0.00,-1689,-1832,412,199,1214,140,851_9/E 190_851_9 Southampton 25 Dec 1708 - 24 Jun 1709 (6).JPG,2077.1,2158.1,1600.8,184.6
851/9,1631,39522,E 190_851_9 Southampton 25 Dec 1708 - 24 Jun 1709 (6).JPG,0.7583575883,0.00,-1689,-1832,440,312,1214,103,851_9/E 190_851_9 Southampton 25 Dec 1708 - 24 Jun 1709 (6).JPG,2114.0,2307.1,1600.8,135.8
851/9,1632,39523,E 190_851_9 Southampton 25 Dec 1708 - 24 Jun 1709 (7).JPG,0.6459264706,0.00,-1594,-1764,557,254,1119,128,851_9/E 190_851_9 Southampton 25 Dec 1708 - 24 Jun 1709 (7).JPG,2137.3,2229.6,1732.4,198.2
851/9,1633,39524,E 190_851_9 Southampton 25 Dec 1708 - 24 Jun 1709 (7).JPG,0.6459264706,0.00,-1594,-1764,552,345,1119,128,851_9/E 190_851_9 Southampton 25 Dec 1708 - 24 Jun 1709 (7).JPG,2129.6,2370.5,1732.4,198.2
851/9,1634,39525,E 190_851_9 Southampton 25 Dec 1708 - 24 Jun 1709 (8).JPG,0.7815710294,0.00,-581,-594,241,164,1276,175,851_9/E 190_851_9 Southampton 25 Dec 1708 - 24 Jun 1709 (8).JPG,443.6,513.7,1632.6,223.9
851/9,1635,39526,E 190_851_9 Southampton 25 Dec 1708 - 24 Jun 1709 (8).JPG,0.7432662723,0.00,-625,-637,243,308,1276,141,851_9/E 190_851_9 Southampton 25 Dec 1708 - 24 Jun 1709 (8).JPG,416.2,707.7,1716.7,189.7
851/9,1636,39527,E 190_851_9 Southampton 25 Dec 1708 - 24 Jun 1709 (10).JPG,0.8597281324,0.00,-617,-1830,62,104,1455,127,851_9/E 190_851_9 Southampton 25 Dec 1708 - 24 Jun 1709 (10).JPG,434.8,1983.3,1692.4,147.7
851/9,1637,39528,E 190_851_9 Southampton 25 Dec 1708 - 24 Jun 1709 (10).JPG,0.8597281324,0.00,-617,-1830,58,197,1455,127,851_9/E 190_851_9 Southampton 25 Dec 1708 - 24 Jun 1709 (10).JPG,430.1,2091.4,1692.4,147.7
851/9,1638,39529,E 190_851_9 Southampton 25 Dec 1708 - 24 Jun 1709 (11).JPG,0.7105191176,0.00,-783,-1153,138,208,1194,133,851_9/E 190_851_9 Southampton 25 Dec 1708 - 24 Jun 1709 (11).JPG,409.7,1250.6,1680.5,187.2
851/9,1639,39530,E 190_851_9 Southampton 25 Dec 1708 - 24 Jun 1709 (11).JPG,0.7105191176,0.00,-783,-1153,136,308,1194,133,851_9/E 190_851_9 Southampton 25 Dec 1708 - 24 Jun 1709 (11).JPG,406.9,1391.3,1680.5,187.2
851/9,1640,39531,E 190_851_9 Southampton 25 Dec 1708 - 24 Jun 1709 (11).JPG,0.7105191176,0.00,-783,-1153,133,416,1194,133,851_9/E 190_851_9 Southampton 25 Dec 1708 - 24 Jun 1709 (11).JPG,402.6,1543.3,1680.5,187.2
851/9,1641,39532,E 190_851_9 Southampton 25 Dec 1708 - 24 Jun 1709 (11).JPG,0.7105191176,0.00,-783,-1153,125,514,1194,133,851_9/E 190_851_9 Southampton 25 Dec 1708 - 24 Jun 1709 (11).JPG,391.4,1681.3,1680.5,187.2
851/9,1642,39533,E 190_851_9 Southampton 25 Dec 1708 - 24 Jun 1709 (12).JPG,0.7105191176,0.00,-1640,-1178,467,105,1213,115,851_9/E 190_851_9 Southampton 25 Dec 1708 - 24 Jun 1709 (12).JPG,2078.9,1140.8,1707.2,161.9
851/9,1643,39534,E 190_851_9 Southampton 25 Dec 1708 - 24 Jun 1709 (12).JPG,0.7105191176,0.00,-1640,-1178,468,192,1213,115,851_9/E 190_851_9 Southampton 25 Dec 1708 - 24 Jun 1709 (12).JPG,2080.3,1263.3,1707.2,161.9
851/9,1644,39535,E 190_851_9 Southampton 25 Dec 1708 - 24 Jun 1709 (12).JPG,0.7105191176,0.00,-1640,-1178,469,290,1213,115,851_9/E 190_851_9 Southampton 25 Dec 1708 - 24 Jun 1709 (12).JPG,2081.7,1401.2,1707.2,161.9
851/9,1645,39536,E 190_851_9 Southampton 25 Dec 1708 - 24 Jun 1709 (12).JPG,0.7105191176,0.00,-1640,-1178,473,424,1213,115,851_9/E 190_851_9 Southampton 25 Dec 1708 - 24 Jun 1709 (12).JPG,2087.3,1589.8,1707.2,161.9
851/9,1646,39537,E 190_851_9 Southampton 25 Dec 1708 - 24 Jun 1709 (13).JPG,0.6459264706,0.00,-1489,-1047,625,131,1086,111,851_9/E 190_851_9 Southampton 25 Dec 1708 - 24 Jun 1709 (13).JPG,2080.0,929.1,1681.3,171.8
851/9,1647,39538,E 190_851_9 Southampton 25 Dec 1708 - 24 Jun 1709 (13).JPG,0.6459264706,0.00,-1489,-1047,629,217,1086,111,851_9/E 190_851_9 Southampton 25 Dec 1708 - 24 Jun 1709 (13).JPG,2086.2,1062.3,1681.3,171.8
851/9,1648,39539,E 190_851_9 Southampton 25 Dec 1708 - 24 Jun 1709 (14).JPG,0.6459264706,-3.00,-814,-971,211,146,1087,120,851_9/E 190_851_9 Southampton 25 Dec 1708 - 24 Jun 1709 (14).JPG,394.1,834.7,1682.9,185.8
851/9,1649,39540,E 190_851_9 Southampton 25 Dec 1708 - 24 Jun 1709 (14).JPG,0.6459264706,-3.00,-814,-971,212,235,1087,120,851_9/E 190_851_9 Southampton 25 Dec 1708 - 24 Jun 1709 (14).JPG,395.6,972.5,1682.9,185.8
851/9,1650,39541,E 190_851_9 Southampton 25 Dec 1708 - 24 Jun 1709 (14).JPG,0.6459264706,-3.00,-814,-971,213,328,1087,120,851_9/E 190_851_9 Southampton 25 Dec 1708 - 24 Jun 1709 (14).JPG,397.2,1116.5,1682.9,185.8
851/9,1651,39542,E 190_851_9 Southampton 25 Dec 1708 - 24 Jun 1709 (14).JPG,0.6459264706,-3.00,-814,-971,212,415,1087,120,851_9/E 190_851_9 Southampton 25 Dec 1708 - 24 Jun 1709 (14).JPG,395.6,1251.2,1682.9,185.8
851/9,1652,39543,E 190_851_9 Southampton 25 Dec 1708 - 24 Jun 1709 (14).JPG,0.6459264706,-3.00,-814,-971,227,517,1087,120,851_9/E 190_851_9 Southampton 25 Dec 1708 - 24 Jun 1709 (14).JPG,418.8,1409.1,1682.9,185.8
851/9,1653,39544,E 190_851_9 Southampton 25 Dec 1708 - 24 Jun 1709 (14).JPG,0.6394672059,0.00,-1674,-1756,455,366,1087,120,851_9/E 190_851_9 Southampton 25 Dec 1708 - 24 Jun 1709 (14).JPG,2102.5,2398.3,1699.9,187.7
851/9,1654,39545,E 190_851_9 Southampton 25 Dec 1708 - 24 Jun 1709 (15).JPG,0.7105191176,-3.00,-698,-614,221,227,1162,193,851_9/E 190_851_9 Southampton 25 Dec 1708 - 24 Jun 1709 (15).JPG,406.9,518.7,1635.4,271.6
851/9,1655,39546,E 190_851_9 Southampton 25 Dec 1708 - 24 Jun 1709 (15).JPG,0.7105191176,-3.00,-698,-612,223,388,1162,130,851_9/E 190_851_9 Southampton 25 Dec 1708 - 24 Jun 1709 (15).JPG,409.7,742.5,1635.4,183.0
851/9,1656,39547,E 190_851_9 Southampton 25 Dec 1708 - 24 Jun 1709 (15).JPG,0.7105191176,0.00,-1774,-1208,356,232,1162,130,851_9/E 190_851_9 Southampton 25 Dec 1708 - 24 Jun 1709 (15).JPG,2111.3,1361.8,1635.4,183.0
851/9,1657,39548,E 190_851_9 Southampton 25 Dec 1708 - 24 Jun 1709 (16).JPG,0.6459264706,-3.00,-864,-1248,186,204,1077,112,851_9/E 190_851_9 Southampton 25 Dec 1708 - 24 Jun 1709 (16).JPG,432.8,1353.3,1667.4,173.4
851/9,1658,39549,E 190_851_9 Southampton 25 Dec 1708 - 24 Jun 1709 (16).JPG,0.7815710294,-3.00,-1869,-1372,254,257,1332,141,851_9/E 190_851_9 Southampton 25 Dec 1708 - 24 Jun 1709 (16).JPG,2108.2,1628.2,1704.3,180.4
851/9,1659,39550,E 190_851_9 Southampton 25 Dec 1708 - 24 Jun 1709 (16).JPG,0.7815710294,-3.00,-1869,-1372,257,380,1332,141,851_9/E 190_851_9 Southampton 25 Dec 1708 - 24 Jun 1709 (16).JPG,2112.0,1785.5,1704.3,180.4
851/9,1660,39551,E 190_851_9 Southampton 25 Dec 1708 - 24 Jun 1709 (16).JPG,0.7815710294,-3.00,-1869,-1372,261,499,1332,141,851_9/E 190_851_9 Southampton 25 Dec 1708 - 24 Jun 1709 (16).JPG,2117.1,1937.8,1704.3,180.4
851/9,1661,39552,E 190_851_9 Southampton 25 Dec 1708 - 24 Jun 1709 (16).JPG,0.7815710294,-3.00,-1869,-1372,270,606,1332,141,851_9/E 190_851_9 Southampton 25 Dec 1708 - 24 Jun 1709 (16).JPG,2128.7,2074.7,1704.3,180.4
851/9,1662,39553,E 190_851_9 Southampton 25 Dec 1708 - 24 Jun 1709 (16).JPG,0.7815710294,-3.00,-1891,-1710,265,380,1332,141,851_9/E 190_851_9 Southampton 25 Dec 1708 - 24 Jun 1709 (16).JPG,2150.4,2218.0,1704.3,180.4
851/9,1663,39554,E 190_851_9 Southampton 25 Dec 1708 - 24 Jun 1709 (17).JPG,0.7815710294,0.00,-1887,-1186,239,137,1350,132,851_9/E 190_851_9 Southampton 25 Dec 1708 - 24 Jun 1709 (17).JPG,2112.0,1236.6,1727.3,168.9
851/9,1664,39555,E 190_851_9 Southampton 25 Dec 1708 - 24 Jun 1709 (17).JPG,0.7815710294,0.00,-1892,-1189,240,236,1350,132,851_9/E 190_851_9 Southampton 25 Dec 1708 - 24 Jun 1709 (17).JPG,2119.7,1367.1,1727.3,168.9
851/9,1665,39556,E 190_851_9 Southampton 25 Dec 1708 - 24 Jun 1709 (18).JPG,0.7105191176,0.00,-1679,-2001,452,229,1266,144,851_9/E 190_851_9 Southampton 25 Dec 1708 - 24 Jun 1709 (18).JPG,2112.7,2473.6,1781.8,202.7
851/9,1666,39557,E 190_851_9 Southampton 25 Dec 1708 - 24 Jun 1709 (19).JPG,0.5338235294,0.00,-1173,-824,57,197,904,133,851_9/E 190_851_9 Southampton 25 Dec 1708 - 24 Jun 1709 (19).JPG,403.9,487.4,1693.4,249.1
851/9,1667,39558,E 190_851_9 Southampton 25 Dec 1708 - 24 Jun 1709 (19).JPG,0.5338235294,0.00,-1173,-824,60,299,904,110,851_9/E 190_851_9 Southampton 25 Dec 1708 - 24 Jun 1709 (19).JPG,409.5,678.5,1693.4,206.1
851/9,1668,39559,E 190_851_9 Southampton 25 Dec 1708 - 24 Jun 1709 (22).JPG,0.6459264706,0.00,-877,-1663,201,202,1120,120,851_9/E 190_851_9 Southampton 25 Dec 1708 - 24 Jun 1709 (22).JPG,476.1,1992.7,1733.9,185.8
851/9,1669,39560,E 190_851_9 Southampton 25 Dec 1708 - 24 Jun 1709 (22).JPG,0.6459264706,0.00,-877,-1663,203,297,1120,120,851_9/E 190_851_9 Southampton 25 Dec 1708 - 24 Jun 1709 (22).JPG,479.2,2139.8,1733.9,185.8
851/9,1670,39561,E 190_851_9 Southampton 25 Dec 1708 - 24 Jun 1709 (22).JPG,0.6459264706,0.00,-877,-1663,210,385,1120,120,851_9/E 190_851_9 Southampton 25 Dec 1708 - 24 Jun 1709 (22).JPG,490.0,2276.0,1733.9,185.8
851/9,1671,39562,E 190_851_9 Southampton 25 Dec 1708 - 24 Jun 1709 (22).JPG,0.6459264706,0.00,-877,-1663,218,493,1120,120,851_9/E 190_851_9 Southampton 25 Dec 1708 - 24 Jun 1709 (22).JPG,502.4,2443.2,1733.9,185.8
851/9,1672,39563,E 190_851_9 Southampton 25 Dec 1708 - 24 Jun 1709 (24).JPG,0.6459264706,0.00,-1668,-1442,520,226,1110,127,851_9/E 190_851_9 Southampton 25 Dec 1708 - 24 Jun 1709 (24).JPG,2194.6,1687.7,1718.5,196.6
851/9,1673,39564,E 190_851_9 Southampton 25 Dec 1708 - 24 Jun 1709 (27).JPG,0.7105191176,0.00,-1622,-767,562,261,1194,105,851_9/E 190_851_9 Southampton 25 Dec 1708 - 24 Jun 1709 (27).JPG,2187.3,781.9,1680.5,147.8
851/9,1674,39565,E 190_851_9 Southampton 25 Dec 1708 - 24 Jun 1709 (27).JPG,0.7105191176,0.00,-1622,-767,560,499,1194,105,851_9/E 190_851_9 Southampton 25 Dec 1708 - 24 Jun 1709 (27).JPG,2184.4,1116.9,1680.5,147.8
851/9,1675,39566,E 190_851_9 Southampton 25 Dec 1708 - 24 Jun 1709 (29).JPG,0.8597281324,0.00,-582,-1109,149,299,1498,163,851_9/E 190_851_9 Southampton 25 Dec 1708 - 24 Jun 1709 (29).JPG,495.2,1371.5,1742.4,189.6
852/1,1443,39333,E 190_852_1 Southampton 25 Dec 1709 - 24 Jun 1710 (2).JPG,0.7105191176,-3.00,-1531,-1450,582,233,1235,159,852_1/E 190_852_1 Southampton 25 Dec 1709 - 24 Jun 1710 (2).JPG,2087.3,1703.8,1738.2,223.8
852/1,1444,39334,E 190_852_1 Southampton 25 Dec 1709 - 24 Jun 1710 (2).JPG,0.7105191176,-3.00,-1531,-1450,574,354,1235,129,852_1/E 190_852_1 Southampton 25 Dec 1709 - 24 Jun 1710 (2).JPG,2076.1,1874.1,1738.2,181.6
852/1,1445,39335,E 190_852_1 Southampton 25 Dec 1709 - 24 Jun 1710 (2).JPG,0.7105191176,-3.00,-1531,-1450,570,445,1235,129,852_1/E 190_852_1 Southampton 25 Dec 1709 - 24 Jun 1710 (2).JPG,2070.4,2002.2,1738.2,181.6
852/1,1446,39336,E 190_852_1 Southampton 25 Dec 1709 - 24 Jun 1710 (2).JPG,0.7105191176,-3.00,-1531,-1450,562,556,1235,129,852_1/E 190_852_1 Southampton 25 Dec 1709 - 24 Jun 1710 (2).JPG,2059.2,2158.4,1738.2,181.6
852/1,1447,39337,E 190_852_1 Southampton 25 Dec 1709 - 24 Jun 1710 (2).JPG,0.7105191176,-3.00,-1531,-1450,586,651,1235,129,852_1/E 190_852_1 Southampton 25 Dec 1709 - 24 Jun 1710 (2).JPG,2093.0,2292.1,1738.2,181.6
852/1,1448,39338,E 190_852_1 Southampton 25 Dec 1709 - 24 Jun 1710 (2).JPG,0.7583575883,-3.00,-1598,-1899,513,346,1235,129,852_1/E 190_852_1 Southampton 25 Dec 1709 - 24 Jun 1710 (2).JPG,2090.3,2440.3,1628.5,170.1
852/1,1449,39339,E 190_852_1 Southampton 25 Dec 1709 - 24 Jun 1710 (3).JPG,0.6963797872,0.00,-610,-1225,355,134,1148,139,852_1/E 190_852_1 Southampton 25 Dec 1709 - 24 Jun 1710 (3).JPG,437.0,1240.0,1648.5,199.6
852/1,1450,39340,E 190_852_1 Southampton 25 Dec 1709 - 24 Jun 1710 (3).JPG,0.6963797872,0.00,-610,-1225,354,228,1148,128,852_1/E 190_852_1 Southampton 25 Dec 1709 - 24 Jun 1710 (3).JPG,435.6,1375.0,1648.5,183.8
852/1,1451,39341,E 190_852_1 Southampton 25 Dec 1709 - 24 Jun 1710 (3).JPG,0.6963797872,0.00,-610,-1225,348,534,1148,128,852_1/E 190_852_1 Southampton 25 Dec 1709 - 24 Jun 1710 (3).JPG,427.0,1814.4,1648.5,183.8
852/1,1452,39342,E 190_852_1 Southampton 25 Dec 1709 - 24 Jun 1710 (3).JPG,0.6963797872,0.00,-610,-1225,340,631,1148,128,852_1/E 190_852_1 Southampton 25 Dec 1709 - 24 Jun 1710 (3).JPG,415.5,1953.7,1648.5,183.8
852/1,1453,39343,E 190_852_1 Southampton 25 Dec 1709 - 24 Jun 1710 (3).JPG,0.6963797872,0.00,-615,-1654,313,293,1148,128,852_1/E 190_852_1 Southampton 25 Dec 1709 - 24 Jun 1710 (3).JPG,383.9,2084.3,1648.5,183.8
852/1,1454,39344,E 190_852_1 Southampton 25 Dec 1709 - 24 Jun 1710 (3).JPG,0.6963797872,0.00,-1496,-1766,630,206,1148,128,852_1/E 190_852_1 Southampton 25 Dec 1709 - 24 Jun 1710 (3).JPG,2104.2,2120.2,1648.5,183.8
852/1,1455,39345,E 190_852_1 Southampton 25 Dec 1709 - 24 Jun 1710 (3).JPG,0.6963797872,0.00,-1496,-1766,619,318,1148,128,852_1/E 190_852_1 Southampton 25 Dec 1709 - 24 Jun 1710 (3).JPG,2088.4,2281.1,1648.5,183.8
852/1,1456,39346,E 190_852_1 Southampton 25 Dec 1709 - 24 Jun 1710 (3).JPG,0.6963797872,0.00,-1496,-1766,605,433,1148,128,852_1/E 190_852_1 Southampton 25 Dec 1709 - 24 Jun 1710 (3).JPG,2068.3,2446.2,1648.5,183.8
852/1,1457,39347,E 190_852_1 Southampton 25 Dec 1709 - 24 Jun 1710 (4).JPG,0.6459264706,-3.00,-595,-1023,428,118,1067,111,852_1/E 190_852_1 Southampton 25 Dec 1709 - 24 Jun 1710 (4).JPG,391.0,871.9,1651.9,171.8
852/1,1458,39348,E 190_852_1 Southampton 25 Dec 1709 - 24 Jun 1710 (4).JPG,0.6459264706,-3.00,-595,-1023,427,203,1067,111,852_1/E 190_852_1 Southampton 25 Dec 1709 - 24 Jun 1710 (4).JPG,389.4,1003.4,1651.9,171.8
852/1,1459,39349,E 190_852_1 Southampton 25 Dec 1709 - 24 Jun 1710 (4).JPG,0.6459264706,-3.00,-595,-1023,422,298,1067,111,852_1/E 190_852_1 Southampton 25 Dec 1709 - 24 Jun 1710 (4).JPG,381.7,1150.5,1651.9,171.8
852/1,1460,39350,E 190_852_1 Southampton 25 Dec 1709 - 24 Jun 1710 (4).JPG,0.6459264706,-3.00,-595,-1023,432,386,1067,111,852_1/E 190_852_1 Southampton 25 Dec 1709 - 24 Jun 1710 (4).JPG,397.2,1286.8,1651.9,171.8
852/1,1461,39351,E 190_852_1 Southampton 25 Dec 1709 - 24 Jun 1710 (4).JPG,0.6459264706,-3.00,-613,-1410,414,239,1088,141,852_1/E 190_852_1 Southampton 25 Dec 1709 - 24 Jun 1710 (4).JPG,397.2,1658.3,1684.4,218.3
852/1,1462,39352,E 190_852_1 Southampton 25 Dec 1709 - 24 Jun 1710 (6).JPG,0.5872058824,0.00,-1507,-983,617,159,1006,117,852_1/E 190_852_1 Southampton 25 Dec 1709 - 24 Jun 1710 (6).JPG,2087.4,797.5,1713.2,199.2
852/1,1463,39353,E 190_852_1 Southampton 25 Dec 1709 - 24 Jun 1710 (6).JPG,0.5872058824,0.00,-1507,-983,618,262,1006,117,852_1/E 190_852_1 Southampton 25 Dec 1709 - 24 Jun 1710 (6).JPG,2089.1,972.9,1713.2,199.2
852/1,1464,39354,E 190_852_1 Southampton 25 Dec 1709 - 24 Jun 1710 (6).JPG,0.5872058824,0.00,-1507,-983,610,373,1006,117,852_1/E 190_852_1 Southampton 25 Dec 1709 - 24 Jun 1710 (6).JPG,2075.5,1162.0,1713.2,199.2
852/1,1465,39355,E 190_852_1 Southampton 25 Dec 1709 - 24 Jun 1710 (6).JPG,0.5872058824,-3.00,-1521,-1875,627,145,1006,220,852_1/E 190_852_1 Southampton 25 Dec 1709 - 24 Jun 1710 (6).JPG,2128.3,2292.8,1713.2,374.7
852/1,1466,39356,E 190_852_1 Southampton 25 Dec 1709 - 24 Jun 1710 (7).JPG,0.6459264706,0.00,-586,-906,471,156,1070,141,852_1/E 190_852_1 Southampton 25 Dec 1709 - 24 Jun 1710 (7).JPG,443.6,749.5,1656.5,218.3
852/1,1467,39357,E 190_852_1 Southampton 25 Dec 1709 - 24 Jun 1710 (7).JPG,0.6459264706,0.00,-586,-906,461,374,1070,126,852_1/E 190_852_1 Southampton 25 Dec 1709 - 24 Jun 1710 (7).JPG,428.1,1087.0,1656.5,195.1
852/1,1468,39358,E 190_852_1 Southampton 25 Dec 1709 - 24 Jun 1710 (7).JPG,0.6459264706,0.00,-586,-906,462,496,1070,126,852_1/E 190_852_1 Southampton 25 Dec 1709 - 24 Jun 1710 (7).JPG,429.7,1275.9,1656.5,195.1
852/1,1469,39359,E 190_852_1 Southampton 25 Dec 1709 - 24 Jun 1710 (7).JPG,0.6459264706,0.00,-586,-906,459,603,1070,126,852_1/E 190_852_1 Southampton 25 Dec 1709 - 24 Jun 1710 (7).JPG,425.0,1441.6,1656.5,195.1
852/1,1470,39360,E 190_852_1 Southampton 25 Dec 1709 - 24 Jun 1710 (7).JPG,0.6459264706,0.00,-595,-1384,449,258,1070,126,852_1/E 190_852_1 Southampton 25 Dec 1709 - 24 Jun 1710 (7).JPG,423.5,1647.5,1656.5,195.1
852/1,1471,39361,E 190_852_1 Southampton 25 Dec 1709 - 24 Jun 1710 (7).JPG,0.6459264706,0.00,-1577,-832,546,95,1070,179,852_1/E 190_852_1 Southampton 25 Dec 1709 - 24 Jun 1710 (7).JPG,2093.9,540.5,1656.5,277.1
852/1,1472,39362,E 190_852_1 Southampton 25 Dec 1709 - 24 Jun 1710 (7).JPG,0.6459264706,0.00,-1577,-832,548,239,1070,128,852_1/E 190_852_1 Southampton 25 Dec 1709 - 24 Jun 1710 (7).JPG,2097.0,763.5,1656.5,198.2
852/1,1473,39363,E 190_852_1 Southampton 25 Dec 1709 - 24 Jun 1710 (7).JPG,0.6459264706,0.00,-1577,-832,549,337,1070,128,852_1/E 190_852_1 Southampton 25 Dec 1709 - 24 Jun 1710 (7).JPG,2098.6,915.2,1656.5,198.2
852/1,1474,39364,E 190_852_1 Southampton 25 Dec 1709 - 24 Jun 1710 (7).JPG,0.6459264706,0.00,-1577,-832,545,441,1070,128,852_1/E 190_852_1 Southampton 25 Dec 1709 - 24 Jun 1710 (7).JPG,2092.4,1076.2,1656.5,198.2
852/1,1475,39365,E 190_852_1 Southampton 25 Dec 1709 - 24 Jun 1710 (8).JPG,0.6459264706,0.00,-649,-1749,397,93,1072,156,852_1/E 190_852_1 Southampton 25 Dec 1709 - 24 Jun 1710 (8).JPG,426.6,1957.1,1659.6,241.5
852/1,1476,39366,E 190_852_1 Southampton 25 Dec 1709 - 24 Jun 1710 (8).JPG,0.6459264706,0.00,-649,-1749,405,219,1072,156,852_1/E 190_852_1 Southampton 25 Dec 1709 - 24 Jun 1710 (8).JPG,439.0,2152.2,1659.6,241.5
852/1,1477,39367,E 190_852_1 Southampton 25 Dec 1709 - 24 Jun 1710 (12).JPG,0.7105191176,0.00,-475,-824,472,202,1184,163,852_1/E 190_852_1 Southampton 25 Dec 1709 - 24 Jun 1710 (12).JPG,446.3,779.1,1666.4,229.4
852/1,1478,39368,E 190_852_1 Southampton 25 Dec 1709 - 24 Jun 1710 (47).JPG,0.7105191176,-180.00,-690,-1367,215,166,1200,125,852_1/E 190_852_1 Southampton 25 Dec 1709 - 24 Jun 1710 (47).JPG,387.2,1492.7,1688.9,175.9
852/1,1480,39369,E 190_852_1 Southampton 25 Dec 1709 - 24 Jun 1710 (47).JPG,0.7105191176,-180.00,-705,-1367,216,250,1200,125,852_1/E 190_852_1 Southampton 25 Dec 1709 - 24 Jun 1710 (47).JPG,409.7,1610.9,1688.9,175.9
852/1,1481,39370,E 190_852_1 Southampton 25 Dec 1709 - 24 Jun 1710 (47).JPG,0.7105191176,-180.00,-1646,-1014,475,221,1200,125,852_1/E 190_852_1 Southampton 25 Dec 1709 - 24 Jun 1710 (47).JPG,2098.6,1073.3,1688.9,175.9
852/1,1482,39371,E 190_852_1 Southampton 25 Dec 1709 - 24 Jun 1710 (47).JPG,0.7105191176,-180.00,-1646,-1014,475,131,1200,106,852_1/E 190_852_1 Southampton 25 Dec 1709 - 24 Jun 1710 (47).JPG,2098.6,946.6,1688.9,149.2
852/2,1232,39120,E 190_852_2 Southampton 24 Jun 1709 - 25 Dec 1709 (2).JPG,0.7105191176,0.00,-1444,-1916,601,180,1234,167,852_2/E 190_852_2 Southampton 24 Jun 1709 - 25 Dec 1709 (2).JPG,1991.6,2285.0,1736.8,235.0
852/2,1233,39121,E 190_852_2 Southampton 24 Jun 1709 - 25 Dec 1709 (3).JPG,0.6459264706,3.00,-642,-954,277,146,1157,115,852_2/E 190_852_2 Southampton 24 Jun 1709 - 25 Dec 1709 (3).JPG,230.0,808.4,1791.2,178.0
852/2,1234,39122,E 190_852_2 Southampton 24 Jun 1709 - 25 Dec 1709 (3).JPG,0.6459264706,3.00,-642,-954,280,253,1157,138,852_2/E 190_852_2 Southampton 24 Jun 1709 - 25 Dec 1709 (3).JPG,234.6,974.0,1791.2,213.6
852/2,1235,39123,E 190_852_2 Southampton 24 Jun 1709 - 25 Dec 1709 (3).JPG,0.6459264706,3.00,-642,-954,283,452,1157,138,852_2/E 190_852_2 Southampton 24 Jun 1709 - 25 Dec 1709 (3).JPG,239.2,1282.1,1791.2,213.6
852/2,1236,39124,E 190_852_2 Southampton 24 Jun 1709 - 25 Dec 1709 (4).JPG,0.5872058824,0.00,-1644,-1925,524,120,1045,106,852_2/E 190_852_2 Southampton 24 Jun 1709 - 25 Dec 1709 (4).JPG,2162.4,2335.3,1779.6,180.5
852/2,1237,39125,E 190_852_2 Southampton 24 Jun 1709 - 25 Dec 1709 (4).JPG,0.5872058824,0.00,-1644,-1925,512,208,1045,106,852_2/E 190_852_2 Southampton 24 Jun 1709 - 25 Dec 1709 (4).JPG,2141.9,2485.2,1779.6,180.5
852/2,1238,39126,E 190_852_2 Southampton 24 Jun 1709 - 25 Dec 1709 (5).JPG,0.5872058824,0.00,-774,-686,354,293,1037,163,852_2/E 190_852_2 Southampton 24 Jun 1709 - 25 Dec 1709 (5).JPG,391.3,520.0,1766.0,277.6
852/2,1239,39127,E 190_852_2 Southampton 24 Jun 1709 - 25 Dec 1709 (5).JPG,0.5872058824,0.00,-1753,-1709,448,234,1037,137,852_2/E 190_852_2 Southampton 24 Jun 1709 - 25 Dec 1709 (5).JPG,2218.6,2161.6,1766.0,233.3
852/2,1240,39128,E 190_852_2 Southampton 24 Jun 1709 - 25 Dec 1709 (5).JPG,0.6204743904,0.00,-1743,-1749,452,333,1037,137,852_2/E 190_852_2 Southampton 24 Jun 1709 - 25 Dec 1709 (5).JPG,2206.6,2357.3,1671.3,220.8
852/2,1241,39129,E 190_852_2 Southampton 24 Jun 1709 - 25 Dec 1709 (6).JPG,0.6459264706,3.00,-901,-1434,150,218,1142,117,852_2/E 190_852_2 Southampton 24 Jun 1709 - 25 Dec 1709 (6).JPG,434.3,1663.0,1768.0,181.1
852/2,1242,39130,E 190_852_2 Southampton 24 Jun 1709 - 25 Dec 1709 (6).JPG,0.6459264706,3.00,-1553,-730,616,363,1142,117,852_2/E 190_852_2 Southampton 24 Jun 1709 - 25 Dec 1709 (6).JPG,2165.2,797.5,1768.0,181.1
852/2,1243,39131,E 190_852_2 Southampton 24 Jun 1709 - 25 Dec 1709 (6).JPG,0.6459264706,3.00,-1553,-730,615,467,1142,117,852_2/E 190_852_2 Southampton 24 Jun 1709 - 25 Dec 1709 (6).JPG,2163.6,958.5,1768.0,181.1
852/2,1244,39132,E 190_852_2 Southampton 24 Jun 1709 - 25 Dec 1709 (6).JPG,0.6459264706,3.00,-1648,-1736,511,132,1142,117,852_2/E 190_852_2 Southampton 24 Jun 1709 - 25 Dec 1709 (6).JPG,2149.7,1997.4,1768.0,181.1
852/2,1245,39133,E 190_852_2 Southampton 24 Jun 1709 - 25 Dec 1709 (6).JPG,0.6459264706,3.00,-1648,-1736,513,242,1142,117,852_2/E 190_852_2 Southampton 24 Jun 1709 - 25 Dec 1709 (6).JPG,2152.8,2167.7,1768.0,181.1
852/2,1246,39134,E 190_852_2 Southampton 24 Jun 1709 - 25 Dec 1709 (7).JPG,0.5872058824,3.00,-890,-1165,302,225,1026,117,852_2/E 190_852_2 Southampton 24 Jun 1709 - 25 Dec 1709 (7).JPG,500.3,1219.9,1747.3,199.2
852/2,1247,39135,E 190_852_2 Southampton 24 Jun 1709 - 25 Dec 1709 (7).JPG,0.5872058824,3.00,-890,-1165,307,306,1026,117,852_2/E 190_852_2 Southampton 24 Jun 1709 - 25 Dec 1709 (7).JPG,508.8,1357.8,1747.3,199.2
852/2,1248,39136,E 190_852_2 Southampton 24 Jun 1709 - 25 Dec 1709 (7).JPG,0.5872058824,3.00,-890,-1165,313,567,1026,117,852_2/E 190_852_2 Southampton 24 Jun 1709 - 25 Dec 1709 (7).JPG,519.0,1802.3,1747.3,199.2
852/2,1249,39137,E 190_852_2 Southampton 24 Jun 1709 - 25 Dec 1709 (7).JPG,0.5872058824,3.00,-896,-1656,311,167,1026,117,852_2/E 190_852_2 Southampton 24 Jun 1709 - 25 Dec 1709 (7).JPG,525.8,1957.3,1747.3,199.2
852/2,1250,39138,E 190_852_2 Southampton 24 Jun 1709 - 25 Dec 1709 (7).JPG,0.5872058824,3.00,-896,-1656,309,259,1026,117,852_2/E 190_852_2 Southampton 24 Jun 1709 - 25 Dec 1709 (7).JPG,522.4,2113.9,1747.3,199.2
852/2,1251,39139,E 190_852_2 Southampton 24 Jun 1709 - 25 Dec 1709 (7).JPG,0.6459264706,3.00,-1789,-1829,416,121,1168,125,852_2/E 190_852_2 Southampton 24 Jun 1709 - 25 Dec 1709 (7).JPG,2220.9,2124.3,1808.3,193.5
852/2,1252,39140,E 190_852_2 Southampton 24 Jun 1709 - 25 Dec 1709 (7).JPG,0.5813338235,3.00,-1736,-1741,391,190,1168,125,852_2/E 190_852_2 Southampton 24 Jun 1709 - 25 Dec 1709 (7).JPG,2091.7,2146.3,2009.2,215.0
852/2,1253,39141,E 190_852_2 Southampton 24 Jun 1709 - 25 Dec 1709 (8).JPG,0.5338235294,0.00,-1630,-1578,596,135,959,98,852_2/E 190_852_2 Southampton 24 Jun 1709 - 25 Dec 1709 (8).JPG,2269.7,1783.7,1796.5,183.6
852/2,1254,39142,E 190_852_2 Southampton 24 Jun 1709 - 25 Dec 1709 (8).JPG,0.5338235294,0.00,-1630,-1578,593,210,959,130,852_2/E 190_852_2 Southampton 24 Jun 1709 - 25 Dec 1709 (8).JPG,2264.0,1924.2,1796.5,243.5
852/2,1255,39143,E 190_852_2 Southampton 24 Jun 1709 - 25 Dec 1709 (21).JPG,0.5872058824,3.00,-1535,-1034,651,225,1044,120,852_2/E 190_852_2 Southampton 24 Jun 1709 - 25 Dec 1709 (21).JPG,2193.0,996.8,1777.9,204.4
852/2,1256,39144,E 190_852_2 Southampton 24 Jun 1709 - 25 Dec 1709 (23).JPG,0.6459264706,0.00,-1058,-1749,57,151,1117,213,852_2/E 190_852_2 Southampton 24 Jun 1709 - 25 Dec 1709 (23).JPG,533.4,2046.9,1729.3,329.8
852/2,1257,39145,E 190_852_2 Southampton 24 Jun 1709 - 25 Dec 1709 (31).JPG,0.6459264706,3.00,-789,-1601,386,336,1140,126,852_2/E 190_852_2 Southampton 24 Jun 1709 - 25 Dec 1709 (31).JPG,626.3,2104.2,1764.9,195.1
852/2,1258,39146,E 190_852_2 Southampton 24 Jun 1709 - 25 Dec 1709 (31).JPG,0.6330725338,0.00,-1983,-1659,325,435,1140,104,852_2/E 190_852_2 Southampton 24 Jun 1709 - 25 Dec 1709 (31).JPG,2384.5,2361.8,1800.7,164.3
852/2,1259,39147,E 190_852_2 Southampton 24 Jun 1709 - 25 Dec 1709 (32).JPG,0.7105191176,0.00,-925,-634,191,403,1236,117,852_2/E 190_852_2 Southampton 24 Jun 1709 - 25 Dec 1709 (32).JPG,684.1,794.6,1739.6,164.7
852/2,1260,39148,E 190_852_2 Southampton 24 Jun 1709 - 25 Dec 1709 (32).JPG,0.7815710294,0.00,-2029,-1738,315,290,1374,98,852_2/E 190_852_2 Southampton 24 Jun 1709 - 25 Dec 1709 (32).JPG,2391.0,2138.7,1758.0,125.4
853/2,914,38800,E 190_853_2 Southampton 25 Dec 1710 - 24 Jun 1711 (3).JPG,0.8597281324,0.00,-1757,-1093,332,289,1489,142,853_2/E 190_853_2 Southampton 25 Dec 1710 - 24 Jun 1711 (3).JPG,2074.8,1341.2,1731.9,165.2
853/2,915,38801,E 190_853_2 Southampton 25 Dec 1710 - 24 Jun 1711 (4).JPG,0.7737553191,-3.00,-518,-779,296,257,1275,110,853_2/E 190_853_2 Southampton 25 Dec 1710 - 24 Jun 1711 (4).JPG,415.8,861.7,1647.8,142.2
853/2,916,38802,E 190_853_2 Southampton 25 Dec 1710 - 24 Jun 1711 (7).JPG,0.5872058824,0.00,-1587,-1544,559,125,996,117,853_2/E 190_853_2 Southampton 25 Dec 1710 - 24 Jun 1711 (7).JPG,2124.9,1695.0,1696.2,199.2
853/2,917,38803,E 190_853_2 Southampton 25 Dec 1710 - 24 Jun 1711 (7).JPG,0.5872058824,0.00,-1587,-1544,562,213,996,117,853_2/E 190_853_2 Southampton 25 Dec 1710 - 24 Jun 1711 (7).JPG,2130.0,1844.9,1696.2,199.2
853/2,918,38804,E 190_853_2 Southampton 25 Dec 1710 - 24 Jun 1711 (7).JPG,0.5872058824,0.00,-1587,-1544,556,290,996,117,853_2/E 190_853_2 Southampton 25 Dec 1710 - 24 Jun 1711 (7).JPG,2119.8,1976.0,1696.2,199.2
853/2,919,38805,E 190_853_2 Southampton 25 Dec 1710 - 24 Jun 1711 (7).JPG,0.5872058824,0.00,-1587,-1544,555,372,996,117,853_2/E 190_853_2 Southampton 25 Dec 1710 - 24 Jun 1711 (7).JPG,2118.1,2115.6,1696.2,199.2
853/2,920,38806,E 190_853_2 Southampton 25 Dec 1710 - 24 Jun 1711 (7).JPG,0.5872058824,0.00,-1587,-1544,558,449,996,117,853_2/E 190_853_2 Southampton 25 Dec 1710 - 24 Jun 1711 (7).JPG,2123.2,2246.8,1696.2,199.2
853/2,921,38807,E 190_853_2 Southampton 25 Dec 1710 - 24 Jun 1711 (7).JPG,0.5872058824,0.00,-1587,-1544,564,519,996,117,853_2/E 190_853_2 Southampton 25 Dec 1710 - 24 Jun 1711 (7).JPG,2133.4,2366.0,1696.2,199.2
853/2,922,38808,E 190_853_2 Southampton 25 Dec 1710 - 24 Jun 1711 (7).JPG,0.5872058824,0.00,-1587,-1544,562,607,996,117,853_2/E 190_853_2 Southampton 25 Dec 1710 - 24 Jun 1711 (7).JPG,2130.0,2515.8,1696.2,199.2
853/2,923,38809,E 190_853_2 Southampton 25 Dec 1710 - 24 Jun 1711 (10).JPG,0.6459264706,3.00,-1632,-1206,516,121,1101,118,853_2/E 190_853_2 Southampton 25 Dec 1710 - 24 Jun 1711 (10).JPG,2132.7,1159.8,1704.5,182.7
853/2,924,38810,E 190_853_2 Southampton 25 Dec 1710 - 24 Jun 1711 (10).JPG,0.6459264706,3.00,-1632,-1206,512,212,1101,118,853_2/E 190_853_2 Southampton 25 Dec 1710 - 24 Jun 1711 (10).JPG,2126.5,1300.7,1704.5,182.7
853/2,925,38811,E 190_853_2 Southampton 25 Dec 1710 - 24 Jun 1711 (10).JPG,0.6459264706,3.00,-1632,-1206,504,308,1101,118,853_2/E 190_853_2 Southampton 25 Dec 1710 - 24 Jun 1711 (10).JPG,2114.1,1449.3,1704.5,182.7
853/2,926,38812,E 190_853_2 Southampton 25 Dec 1710 - 24 Jun 1711 (11).JPG,0.6459264706,3.00,-797,-1406,233,332,1117,136,853_2/E 190_853_2 Southampton 25 Dec 1710 - 24 Jun 1711 (11).JPG,401.8,1796.1,1729.3,210.6
853/2,927,38813,E 190_853_2 Southampton 25 Dec 1710 - 24 Jun 1711 (12).JPG,0.5872058824,6.00,-1628,-1192,558,204,1009,137,853_2/E 190_853_2 Southampton 25 Dec 1710 - 24 Jun 1711 (12).JPG,2193.0,1230.1,1718.3,233.3
853/2,928,38814,E 190_853_2 Southampton 25 Dec 1710 - 24 Jun 1711 (12).JPG,0.5872058824,6.00,-1628,-1192,539,302,1009,129,853_2/E 190_853_2 Southampton 25 Dec 1710 - 24 Jun 1711 (12).JPG,2160.7,1397.0,1718.3,219.7
853/2,929,38815,E 190_853_2 Southampton 25 Dec 1710 - 24 Jun 1711 (12).JPG,0.5872058824,6.00,-1628,-1192,531,386,1009,129,853_2/E 190_853_2 Southampton 25 Dec 1710 - 24 Jun 1711 (12).JPG,2147.0,1540.0,1718.3,219.7
853/2,930,38816,E 190_853_2 Southampton 25 Dec 1710 - 24 Jun 1711 (12).JPG,0.5872058824,6.00,-1628,-1192,523,469,1009,129,853_2/E 190_853_2 Southampton 25 Dec 1710 - 24 Jun 1711 (12).JPG,2133.4,1681.4,1718.3,219.7
853/2,931,38817,E 190_853_2 Southampton 25 Dec 1710 - 24 Jun 1711 (13).JPG,0.6459264706,3.00,-816,-1895,205,141,1106,109,853_2/E 190_853_2 Southampton 25 Dec 1710 - 24 Jun 1711 (13).JPG,387.9,2257.5,1712.3,168.7
853/2,932,38818,E 190_853_2 Southampton 25 Dec 1710 - 24 Jun 1711 (14).JPG,0.5872058824,3.00,-768,-1467,393,85,987,132,853_2/E 190_853_2 Southampton 25 Dec 1710 - 24 Jun 1711 (14).JPG,447.5,1495.8,1680.8,224.8
853/2,933,38819,E 190_853_2 Southampton 25 Dec 1710 - 24 Jun 1711 (14).JPG,0.5872058824,3.00,-768,-1467,391,174,987,107,853_2/E 190_853_2 Southampton 25 Dec 1710 - 24 Jun 1711 (14).JPG,444.1,1647.3,1680.8,182.2
853/2,934,38820,E 190_853_2 Southampton 25 Dec 1710 - 24 Jun 1711 (14).JPG,0.5872058824,3.00,-768,-1467,388,248,987,107,853_2/E 190_853_2 Southampton 25 Dec 1710 - 24 Jun 1711 (14).JPG,439.0,1773.3,1680.8,182.2
853/2,935,38821,E 190_853_2 Southampton 25 Dec 1710 - 24 Jun 1711 (14).JPG,0.5872058824,3.00,-768,-1467,391,322,987,107,853_2/E 190_853_2 Southampton 25 Dec 1710 - 24 Jun 1711 (14).JPG,444.1,1899.4,1680.8,182.2
853/2,936,38822,E 190_853_2 Southampton 25 Dec 1710 - 24 Jun 1711 (14).JPG,0.5872058824,3.00,-768,-1467,390,404,987,107,853_2/E 190_853_2 Southampton 25 Dec 1710 - 24 Jun 1711 (14).JPG,442.4,2039.0,1680.8,182.2
853/2,937,38823,E 190_853_2 Southampton 25 Dec 1710 - 24 Jun 1711 (15).JPG,0.5872058824,3.00,-1514,-881,642,154,984,164,853_2/E 190_853_2 Southampton 25 Dec 1710 - 24 Jun 1711 (15).JPG,2141.9,615.3,1675.7,279.3
853/2,938,38824,E 190_853_2 Southampton 25 Dec 1710 - 24 Jun 1711 (15).JPG,0.5872058824,3.00,-1514,-881,649,285,984,101,853_2/E 190_853_2 Southampton 25 Dec 1710 - 24 Jun 1711 (15).JPG,2153.9,838.4,1675.7,172.0
853/2,939,38825,E 190_853_2 Southampton 25 Dec 1710 - 24 Jun 1711 (15).JPG,0.5872058824,3.00,-1514,-881,656,360,984,101,853_2/E 190_853_2 Southampton 25 Dec 1710 - 24 Jun 1711 (15).JPG,2165.8,966.1,1675.7,172.0
853/2,940,38826,E 190_853_2 Southampton 25 Dec 1710 - 24 Jun 1711 (17).JPG,0.7815710294,0.00,-738,-1491,76,45,1338,285,853_2/E 190_853_2 Southampton 25 Dec 1710 - 24 Jun 1711 (17).JPG,433.4,1509.2,1711.9,364.7
853/2,941,38827,E 190_853_2 Southampton 25 Dec 1710 - 24 Jun 1711 (17).JPG,0.7815710294,0.00,-738,-1491,65,309,1338,134,853_2/E 190_853_2 Southampton 25 Dec 1710 - 24 Jun 1711 (17).JPG,419.3,1847.0,1711.9,171.4
853/2,942,38828,E 190_853_2 Southampton 25 Dec 1710 - 24 Jun 1711 (17).JPG,0.7815710294,0.00,-738,-1491,96,453,1338,134,853_2/E 190_853_2 Southampton 25 Dec 1710 - 24 Jun 1711 (17).JPG,458.9,2031.2,1711.9,171.4
853/2,943,38829,E 190_853_2 Southampton 25 Dec 1710 - 24 Jun 1711 (17).JPG,0.7815710294,0.00,-738,-1491,102,576,1338,134,853_2/E 190_853_2 Southampton 25 Dec 1710 - 24 Jun 1711 (17).JPG,466.6,2188.6,1711.9,171.4
853/2,944,38830,E 190_853_2 Southampton 25 Dec 1710 - 24 Jun 1711 (17).JPG,0.7815710294,0.00,-734,-1981,111,204,1338,134,853_2/E 190_853_2 Southampton 25 Dec 1710 - 24 Jun 1711 (17).JPG,473.0,2339.5,1711.9,171.4
853/2,945,38831,E 190_853_2 Southampton 25 Dec 1710 - 24 Jun 1711 (19).JPG,0.7815710294,0.00,-711,-1876,137,330,1327,170,853_2/E 190_853_2 Southampton 25 Dec 1710 - 24 Jun 1711 (19).JPG,476.9,2366.4,1697.9,217.5
853/2,946,38832,E 190_853_2 Southampton 25 Dec 1710 - 24 Jun 1711 (19).JPG,0.8258514136,0.00,-698,-2079,137,330,1327,170,853_2/E 190_853_2 Southampton 25 Dec 1710 - 24 Jun 1711 (19).JPG,552.2,2572.8,1606.8,205.8
853/2,947,38833,E 190_853_2 Southampton 25 Dec 1710 - 24 Jun 1711 (19).JPG,0.7815710294,3.00,-1793,-684,321,133,1327,185,853_2/E 190_853_2 Southampton 25 Dec 1710 - 24 Jun 1711 (19).JPG,2096.7,589.2,1697.9,236.7
853/2,948,38834,E 190_853_2 Southampton 25 Dec 1710 - 24 Jun 1711 (20).JPG,0.6459264706,6.00,-1591,-1051,576,154,1095,131,853_2/E 190_853_2 Southampton 25 Dec 1710 - 24 Jun 1711 (20).JPG,2162.1,970.9,1695.2,202.8
853/2,949,38835,E 190_853_2 Southampton 25 Dec 1710 - 24 Jun 1711 (20).JPG,0.6459264706,6.00,-1591,-1051,574,261,1095,131,853_2/E 190_853_2 Southampton 25 Dec 1710 - 24 Jun 1711 (20).JPG,2159.0,1136.6,1695.2,202.8
853/2,950,38836,E 190_853_2 Southampton 25 Dec 1710 - 24 Jun 1711 (20).JPG,0.6459264706,6.00,-1591,-1051,574,355,1095,131,853_2/E 190_853_2 Southampton 25 Dec 1710 - 24 Jun 1711 (20).JPG,2159.0,1282.1,1695.2,202.8
853/2,951,38837,E 190_853_2 Southampton 25 Dec 1710 - 24 Jun 1711 (20).JPG,0.6459264706,6.00,-1626,-1420,551,108,1095,131,853_2/E 190_853_2 Southampton 25 Dec 1710 - 24 Jun 1711 (20).JPG,2177.5,1471.0,1695.2,202.8
853/2,952,38838,E 190_853_2 Southampton 25 Dec 1710 - 24 Jun 1711 (20).JPG,0.6459264706,6.00,-1626,-1420,538,213,1095,131,853_2/E 190_853_2 Southampton 25 Dec 1710 - 24 Jun 1711 (20).JPG,2157.4,1633.5,1695.2,202.8
853/2,953,38839,E 190_853_2 Southampton 25 Dec 1710 - 24 Jun 1711 (20).JPG,0.6459264706,6.00,-1626,-1420,512,311,1095,131,853_2/E 190_853_2 Southampton 25 Dec 1710 - 24 Jun 1711 (20).JPG,2117.2,1785.3,1695.2,202.8
853/2,954,38840,E 190_853_2 Southampton 25 Dec 1710 - 24 Jun 1711 (22).JPG,0.7034139265,0.00,-843,-1911,142,114,1188,103,853_2/E 190_853_2 Southampton 25 Dec 1710 - 24 Jun 1711 (22).JPG,482.8,2190.7,1688.9,146.4
853/2,955,38841,E 190_853_2 Southampton 25 Dec 1710 - 24 Jun 1711 (22).JPG,0.7034139265,0.00,-843,-1911,145,205,1188,103,853_2/E 190_853_2 Southampton 25 Dec 1710 - 24 Jun 1711 (22).JPG,487.1,2320.1,1688.9,146.4
853/2,956,38842,E 190_853_2 Southampton 25 Dec 1710 - 24 Jun 1711 (22).JPG,0.7034139265,0.00,-843,-1911,151,282,1188,147,853_2/E 190_853_2 Southampton 25 Dec 1710 - 24 Jun 1711 (22).JPG,495.6,2429.5,1688.9,209.0
853/4,1676,39567,E 190_853_4 Southampton 24 Jun 1710 - 25 Dec 1710 (2).JPG,0.7327084054,0.00,-2063,-2231,54,102,1309,159,853_4/E 190_853_4 Southampton 24 Jun 1710 - 25 Dec 1710 (2).JPG,2095.5,2588.7,1786.5,217.0
853/4,1677,39568,E 190_853_4 Southampton 24 Jun 1710 - 25 Dec 1710 (3).JPG,0.6660985504,0.00,-860,-921,107,54,1158,278,853_4/E 190_853_4 Southampton 24 Jun 1710 - 25 Dec 1710 (3).JPG,361.0,645.7,1738.5,417.4
853/4,1678,39569,E 190_853_4 Southampton 24 Jun 1710 - 25 Dec 1710 (3).JPG,0.6660985504,0.00,-858,-1156,107,54,1158,147,853_4/E 190_853_4 Southampton 24 Jun 1710 - 25 Dec 1710 (3).JPG,358.0,998.5,1738.5,220.7
853/4,1679,39570,E 190_853_4 Southampton 24 Jun 1710 - 25 Dec 1710 (3).JPG,0.6660985504,0.00,-858,-1156,100,181,1158,132,853_4/E 190_853_4 Southampton 24 Jun 1710 - 25 Dec 1710 (3).JPG,347.4,1189.1,1738.5,198.2
853/4,1680,39571,E 190_853_4 Southampton 24 Jun 1710 - 25 Dec 1710 (3).JPG,0.6660985504,0.00,-854,-1391,82,49,1158,119,853_4/E 190_853_4 Southampton 24 Jun 1710 - 25 Dec 1710 (3).JPG,314.4,1343.8,1738.5,178.7
853/4,1681,39572,E 190_853_4 Southampton 24 Jun 1710 - 25 Dec 1710 (4).JPG,0.6116607442,0.00,-926,-1213,139,156,1070,120,853_4/E 190_853_4 Southampton 24 Jun 1710 - 25 Dec 1710 (4).JPG,359.6,1202.0,1749.3,196.2
853/4,1682,39573,E 190_853_4 Southampton 24 Jun 1710 - 25 Dec 1710 (18).JPG,0.6055441367,0.00,-1877,-1062,272,108,975,111,853_4/E 190_853_4 Southampton 24 Jun 1710 - 25 Dec 1710 (18).JPG,2131.4,869.0,1610.1,183.3
853/4,1683,39574,E 190_853_4 Southampton 24 Jun 1710 - 25 Dec 1710 (20).JPG,0.6728268186,0.00,-2031,-1607,99,106,1177,128,853_4/E 190_853_4 Southampton 24 Jun 1710 - 25 Dec 1710 (20).JPG,2107.6,1752.4,1749.3,190.2
853/4,1684,39575,E 190_853_4 Southampton 24 Jun 1710 - 25 Dec 1710 (20).JPG,0.6728268186,0.00,-2035,-1708,99,106,1177,128,853_4/E 190_853_4 Southampton 24 Jun 1710 - 25 Dec 1710 (20).JPG,2113.6,1902.5,1749.3,190.2
853/4,1685,39576,E 190_853_4 Southampton 24 Jun 1710 - 25 Dec 1710 (20).JPG,0.6728268186,0.00,-2035,-1799,99,106,1177,128,853_4/E 190_853_4 Southampton 24 Jun 1710 - 25 Dec 1710 (20).JPG,2113.6,2037.8,1749.3,190.2
853/4,1686,39577,E 190_853_4 Southampton 24 Jun 1710 - 25 Dec 1710 (21).JPG,0.5560552220,0.00,-1953,-1098,165,181,961,111,853_4/E 190_853_4 Southampton 24 Jun 1710 - 25 Dec 1710 (21).JPG,2071.7,997.2,1728.2,199.6
853/4,1687,39578,E 190_853_4 Southampton 24 Jun 1710 - 25 Dec 1710 (22).JPG,0.5560552220,0.00,-1885,-1385,256,152,929,85,853_4/E 190_853_4 Southampton 24 Jun 1710 - 25 Dec 1710 (22).JPG,2113.1,1461.2,1670.7,152.9
853/4,1688,39579,E 190_853_4 Southampton 24 Jun 1710 - 25 Dec 1710 (23).JPG,0.6728268186,0.00,-901,-1590,93,134,1156,106,853_4/E 190_853_4 Southampton 24 Jun 1710 - 25 Dec 1710 (23).JPG,419.2,1768.7,1718.1,157.5
853/4,1689,39580,E 190_853_4 Southampton 24 Jun 1710 - 25 Dec 1710 (23).JPG,0.6728268186,0.00,-892,-1674,93,134,1156,106,853_4/E 190_853_4 Southampton 24 Jun 1710 - 25 Dec 1710 (23).JPG,405.9,1893.6,1718.1,157.5
853/4,1692,39583,E 190_853_4 Southampton 24 Jun 1710 - 25 Dec 1710 (41).JPG,0.7401095004,-183.00,-910,-837,13,102,1171,118,853_4/E 190_853_4 Southampton 24 Jun 1710 - 25 Dec 1710 (41).JPG,483.0,695.7,1582.2,159.4
853/4,1693,39584,E 190_853_4 Southampton 24 Jun 1710 - 25 Dec 1710 (41).JPG,0.7109462331,-183.00,-980,-2006,43,199,1171,108,853_4/E 190_853_4 Southampton 24 Jun 1710 - 25 Dec 1710 (41).JPG,554.2,2438.0,1647.1,151.9
853/4,1690,39581,E 190_853_4 Southampton 24 Jun 1710 - 25 Dec 1710 (42).JPG,0.6728268186,-177.00,-1997,-927,121,193,1135,81,853_4/E 190_853_4 Southampton 24 Jun 1710 - 25 Dec 1710 (42).JPG,2089.8,871.0,1686.9,120.4
853/4,1691,39582,E 190_853_4 Southampton 24 Jun 1710 - 25 Dec 1710 (42).JPG,0.6728268186,-186.00,-2090,-1869,90,233,1135,134,853_4/E 190_853_4 Southampton 24 Jun 1710 - 25 Dec 1710 (42).JPG,2181.9,2330.5,1686.9,199.2
854/2,1348,39238,E 190_854_2 Southampton 25 Dec 1711 - 24 Jun 1712 (9).JPG,0.5872058824,3.00,-837,-1645,323,149,986,122,854_2/E 190_854_2 Southampton 25 Dec 1711 - 24 Jun 1712 (9).JPG,445.8,1907.9,1679.1,207.8
854/2,1349,39239,E 190_854_2 Southampton 25 Dec 1711 - 24 Jun 1712 (9).JPG,0.5872058824,3.00,-836,-1644,318,258,986,106,854_2/E 190_854_2 Southampton 25 Dec 1711 - 24 Jun 1712 (9).JPG,435.6,2091.8,1679.1,180.5
854/2,1350,39240,E 190_854_2 Southampton 25 Dec 1711 - 24 Jun 1712 (9).JPG,0.5872058824,3.00,-836,-1644,319,336,986,106,854_2/E 190_854_2 Southampton 25 Dec 1711 - 24 Jun 1712 (9).JPG,437.3,2224.6,1679.1,180.5
854/2,1351,39241,E 190_854_2 Southampton 25 Dec 1711 - 24 Jun 1712 (9).JPG,0.5872058824,3.00,-836,-1644,325,419,986,90,854_2/E 190_854_2 Southampton 25 Dec 1711 - 24 Jun 1712 (9).JPG,447.5,2366.0,1679.1,153.3
854/2,1352,39242,E 190_854_2 Southampton 25 Dec 1711 - 24 Jun 1712 (9).JPG,0.5872058824,3.00,-836,-1644,329,480,986,90,854_2/E 190_854_2 Southampton 25 Dec 1711 - 24 Jun 1712 (9).JPG,454.3,2469.9,1679.1,153.3
854/2,1353,39243,E 190_854_2 Southampton 25 Dec 1711 - 24 Jun 1712 (9).JPG,0.5872058824,3.00,-836,-1644,332,561,986,90,854_2/E 190_854_2 Southampton 25 Dec 1711 - 24 Jun 1712 (9).JPG,459.4,2607.8,1679.1,153.3
854/2,1354,39244,E 190_854_2 Southampton 25 Dec 1711 - 24 Jun 1712 (10).JPG,0.7105191176,3.00,-767,-1824,186,159,1184,239,854_2/E 190_854_2 Southampton 25 Dec 1711 - 24 Jun 1712 (10).JPG,454.7,2126.0,1666.4,336.4
854/2,1355,39245,E 190_854_2 Southampton 25 Dec 1711 - 24 Jun 1712 (10).JPG,0.6459264706,0.00,-1663,-1730,496,174,1105,148,854_2/E 190_854_2 Southampton 25 Dec 1711 - 24 Jun 1712 (10).JPG,2149.7,2053.1,1710.7,229.1
854/2,1356,39246,E 190_854_2 Southampton 25 Dec 1711 - 24 Jun 1712 (10).JPG,0.6459264706,0.00,-1661,-1743,496,291,1105,148,854_2/E 190_854_2 Southampton 25 Dec 1711 - 24 Jun 1712 (10).JPG,2146.6,2254.4,1710.7,229.1
854/2,1357,39247,E 190_854_2 Southampton 25 Dec 1711 - 24 Jun 1712 (10).JPG,0.6459264706,0.00,-1661,-1743,501,455,1105,148,854_2/E 190_854_2 Southampton 25 Dec 1711 - 24 Jun 1712 (10).JPG,2154.3,2508.3,1710.7,229.1
854/2,1358,39248,E 190_854_2 Southampton 25 Dec 1711 - 24 Jun 1712 (11).JPG,0.7105191176,3.00,-816,-823,169,101,1176,195,854_2/E 190_854_2 Southampton 25 Dec 1711 - 24 Jun 1712 (11).JPG,499.8,635.5,1655.1,274.4
854/2,1359,39249,E 190_854_2 Southampton 25 Dec 1711 - 24 Jun 1712 (11).JPG,0.7105191176,3.00,-816,-823,168,270,1176,151,854_2/E 190_854_2 Southampton 25 Dec 1711 - 24 Jun 1712 (11).JPG,498.4,873.4,1655.1,212.5
854/2,1360,39250,E 190_854_2 Southampton 25 Dec 1711 - 24 Jun 1712 (11).JPG,0.7105191176,3.00,-816,-823,165,393,1176,130,854_2/E 190_854_2 Southampton 25 Dec 1711 - 24 Jun 1712 (11).JPG,494.1,1046.5,1655.1,183.0
854/2,1361,39251,E 190_854_2 Southampton 25 Dec 1711 - 24 Jun 1712 (11).JPG,0.7105191176,3.00,-816,-823,164,507,1176,130,854_2/E 190_854_2 Southampton 25 Dec 1711 - 24 Jun 1712 (11).JPG,492.7,1207.0,1655.1,183.0
854/2,1362,39252,E 190_854_2 Southampton 25 Dec 1711 - 24 Jun 1712 (12).JPG,0.4708803971,0.00,-1550,-1432,610,172,793,146,854_2/E 190_854_2 Southampton 25 Dec 1711 - 24 Jun 1712 (12).JPG,2142.0,1572.5,1684.1,310.1
854/2,1363,39253,E 190_854_2 Southampton 25 Dec 1711 - 24 Jun 1712 (12).JPG,0.4708803971,0.00,-1550,-1432,609,293,793,146,854_2/E 190_854_2 Southampton 25 Dec 1711 - 24 Jun 1712 (12).JPG,2139.9,1829.5,1684.1,310.1
854/2,1364,39254,E 190_854_2 Southampton 25 Dec 1711 - 24 Jun 1712 (12).JPG,0.4708803971,0.00,-1550,-1432,617,419,793,146,854_2/E 190_854_2 Southampton 25 Dec 1711 - 24 Jun 1712 (12).JPG,2156.9,2097.1,1684.1,310.1
854/2,1365,39255,E 190_854_2 Southampton 25 Dec 1711 - 24 Jun 1712 (12).JPG,0.4708803971,0.00,-1550,-1432,616,566,793,146,854_2/E 190_854_2 Southampton 25 Dec 1711 - 24 Jun 1712 (12).JPG,2154.8,2409.3,1684.1,310.1
854/2,1366,39256,E 190_854_2 Southampton 25 Dec 1711 - 24 Jun 1712 (13).JPG,0.5872058824,0.00,-706,-689,463,362,979,174,854_2/E 190_854_2 Southampton 25 Dec 1711 - 24 Jun 1712 (13).JPG,461.1,642.6,1667.2,296.3
854/2,1367,39257,E 190_854_2 Southampton 25 Dec 1711 - 24 Jun 1712 (13).JPG,0.5872058824,0.00,-706,-689,462,509,979,174,854_2/E 190_854_2 Southampton 25 Dec 1711 - 24 Jun 1712 (13).JPG,459.4,892.9,1667.2,296.3
854/2,1368,39258,E 190_854_2 Southampton 25 Dec 1711 - 24 Jun 1712 (15).JPG,0.6459264706,0.00,-930,-1754,169,72,1065,189,854_2/E 190_854_2 Southampton 25 Dec 1711 - 24 Jun 1712 (15).JPG,508.6,1932.3,1648.8,292.6
854/2,1369,39259,E 190_854_2 Southampton 25 Dec 1711 - 24 Jun 1712 (15).JPG,0.6459264706,0.00,-930,-1754,175,219,1065,189,854_2/E 190_854_2 Southampton 25 Dec 1711 - 24 Jun 1712 (15).JPG,517.9,2159.9,1648.8,292.6
854/2,1370,39260,E 190_854_2 Southampton 25 Dec 1711 - 24 Jun 1712 (18).JPG,0.7105191176,3.00,-1712,-1794,427,92,1207,150,854_2/E 190_854_2 Southampton 25 Dec 1711 - 24 Jun 1712 (18).JPG,2123.9,1989.5,1698.8,211.1
854/2,1371,39261,E 190_854_2 Southampton 25 Dec 1711 - 24 Jun 1712 (18).JPG,0.7105191176,3.00,-1707,-1814,424,212,1207,150,854_2/E 190_854_2 Southampton 25 Dec 1711 - 24 Jun 1712 (18).JPG,2112.7,2186.5,1698.8,211.1
854/2,1372,39262,E 190_854_2 Southampton 25 Dec 1711 - 24 Jun 1712 (18).JPG,0.7105191176,3.00,-1707,-1814,429,360,1207,150,854_2/E 190_854_2 Southampton 25 Dec 1711 - 24 Jun 1712 (18).JPG,2119.7,2394.8,1698.8,211.1
854/2,1373,39263,E 190_854_2 Southampton 25 Dec 1711 - 24 Jun 1712 (19).JPG,0.6459264706,0.00,-800,-881,261,125,1079,193,854_2/E 190_854_2 Southampton 25 Dec 1711 - 24 Jun 1712 (19).JPG,449.8,662.8,1670.5,298.8
854/2,1374,39264,E 190_854_2 Southampton 25 Dec 1711 - 24 Jun 1712 (19).JPG,0.6459264706,0.00,-800,-883,255,286,1079,159,854_2/E 190_854_2 Southampton 25 Dec 1711 - 24 Jun 1712 (19).JPG,440.5,915.2,1670.5,246.2
854/2,1375,39265,E 190_854_2 Southampton 25 Dec 1711 - 24 Jun 1712 (23).JPG,0.5872058824,0.00,-1009,-1115,161,129,982,118,854_2/E 190_854_2 Southampton 25 Dec 1711 - 24 Jun 1712 (23).JPG,462.8,971.2,1672.3,201.0
854/2,1376,39266,E 190_854_2 Southampton 25 Dec 1711 - 24 Jun 1712 (23).JPG,0.5872058824,0.00,-1009,-1115,155,221,982,118,854_2/E 190_854_2 Southampton 25 Dec 1711 - 24 Jun 1712 (23).JPG,452.6,1127.9,1672.3,201.0
854/2,1377,39267,E 190_854_2 Southampton 25 Dec 1711 - 24 Jun 1712 (23).JPG,0.5872058824,0.00,-1009,-1115,164,315,982,118,854_2/E 190_854_2 Southampton 25 Dec 1711 - 24 Jun 1712 (23).JPG,467.9,1288.0,1672.3,201.0
854/2,1378,39268,E 190_854_2 Southampton 25 Dec 1711 - 24 Jun 1712 (23).JPG,0.5872058824,0.00,-1009,-1115,166,417,982,95,854_2/E 190_854_2 Southampton 25 Dec 1711 - 24 Jun 1712 (23).JPG,471.3,1461.7,1672.3,161.8
854/2,1379,39269,E 190_854_2 Southampton 25 Dec 1711 - 24 Jun 1712 (23).JPG,0.5872058824,0.00,-1009,-1115,163,491,982,95,854_2/E 190_854_2 Southampton 25 Dec 1711 - 24 Jun 1712 (23).JPG,466.2,1587.7,1672.3,161.8
854/2,1380,39270,E 190_854_2 Southampton 25 Dec 1711 - 24 Jun 1712 (24).JPG,0.5872058824,3.00,-851,-1631,317,321,1007,155,854_2/E 190_854_2 Southampton 25 Dec 1711 - 24 Jun 1712 (24).JPG,459.4,2177.0,1714.9,264.0
854/2,1381,39271,E 190_854_2 Southampton 25 Dec 1711 - 24 Jun 1712 (24).JPG,0.6459264706,3.00,-1656,-1738,494,195,1078,125,854_2/E 190_854_2 Southampton 25 Dec 1711 - 24 Jun 1712 (24).JPG,2135.7,2098.0,1668.9,193.5
854/2,1382,39272,E 190_854_2 Southampton 25 Dec 1711 - 24 Jun 1712 (37).JPG,0.6459264706,-183.00,-1478,-1119,562,191,1097,101,854_2/E 190_854_2 Southampton 25 Dec 1711 - 24 Jun 1712 (37).JPG,1965.4,1133.5,1698.3,156.4
854/3,1028,38914,E 190_854_3 Southampton 24 Jun 1711 - 25 Dec 1711 (11).JPG,0.7105191176,0.00,-771,-930,168,72,1192,157,854_3/E 190_854_3 Southampton 24 Jun 1711 - 25 Dec 1711 (11).JPG,435.0,745.3,1677.6,221.0
854/3,1029,38915,E 190_854_3 Southampton 24 Jun 1711 - 25 Dec 1711 (11).JPG,0.7105191176,0.00,-771,-930,175,169,1192,157,854_3/E 190_854_3 Southampton 24 Jun 1711 - 25 Dec 1711 (11).JPG,444.9,881.8,1677.6,221.0
854/3,1030,38916,E 190_854_3 Southampton 24 Jun 1711 - 25 Dec 1711 (11).JPG,0.7660177659,0.00,-763,-918,152,258,1192,157,854_3/E 190_854_3 Southampton 24 Jun 1711 - 25 Dec 1711 (11).JPG,529.8,1036.7,1556.1,205.0
854/3,1031,38917,E 190_854_3 Southampton 24 Jun 1711 - 25 Dec 1711 (11).JPG,0.7660177659,0.00,-763,-918,157,366,1192,157,854_3/E 190_854_3 Southampton 24 Jun 1711 - 25 Dec 1711 (11).JPG,536.4,1177.7,1556.1,205.0
854/3,1032,38918,E 190_854_3 Southampton 24 Jun 1711 - 25 Dec 1711 (14).JPG,0.7034139265,0.00,-862,-1865,112,115,1178,166,854_3/E 190_854_3 Southampton 24 Jun 1711 - 25 Dec 1711 (14).JPG,467.2,2126.7,1674.7,236.0
854/3,1033,38919,E 190_854_3 Southampton 24 Jun 1711 - 25 Dec 1711 (14).JPG,0.7034139265,0.00,-862,-1865,109,253,1178,139,854_3/E 190_854_3 Southampton 24 Jun 1711 - 25 Dec 1711 (14).JPG,462.9,2322.9,1674.7,197.6
854/3,1034,38920,E 190_854_3 Southampton 24 Jun 1711 - 25 Dec 1711 (14).JPG,0.7034139265,0.00,-862,-1865,111,369,1178,139,854_3/E 190_854_3 Southampton 24 Jun 1711 - 25 Dec 1711 (14).JPG,465.8,2487.8,1674.7,197.6
854/3,1035,38921,E 190_854_3 Southampton 24 Jun 1711 - 25 Dec 1711 (19).JPG,0.5872058824,0.00,-1595,-1461,582,103,986,124,854_3/E 190_854_3 Southampton 24 Jun 1711 - 25 Dec 1711 (19).JPG,2177.7,1516.2,1679.1,211.2
854/3,1036,38922,E 190_854_3 Southampton 24 Jun 1711 - 25 Dec 1711 (19).JPG,0.5872058824,0.00,-1595,-1461,582,207,986,124,854_3/E 190_854_3 Southampton 24 Jun 1711 - 25 Dec 1711 (19).JPG,2177.7,1693.3,1679.1,211.2
854/3,1037,38923,E 190_854_3 Southampton 24 Jun 1711 - 25 Dec 1711 (19).JPG,0.5872058824,0.00,-1595,-1461,578,309,986,124,854_3/E 190_854_3 Southampton 24 Jun 1711 - 25 Dec 1711 (19).JPG,2170.9,1867.0,1679.1,211.2
854/3,1038,38924,E 190_854_3 Southampton 24 Jun 1711 - 25 Dec 1711 (20).JPG,0.5338235294,0.00,-1035,-1337,250,180,876,133,854_3/E 190_854_3 Southampton 24 Jun 1711 - 25 Dec 1711 (20).JPG,506.9,1416.6,1641.0,249.1
854/3,1039,38925,E 190_854_3 Southampton 24 Jun 1711 - 25 Dec 1711 (23).JPG,0.7105191176,0.00,-782,-1768,164,148,1221,141,854_3/E 190_854_3 Southampton 24 Jun 1711 - 25 Dec 1711 (23).JPG,444.9,2031.7,1718.5,198.4
854/3,1040,38926,E 190_854_3 Southampton 24 Jun 1711 - 25 Dec 1711 (23).JPG,0.7105191176,0.00,-782,-1768,171,266,1221,141,854_3/E 190_854_3 Southampton 24 Jun 1711 - 25 Dec 1711 (23).JPG,454.7,2197.8,1718.5,198.4
854/3,1041,38927,E 190_854_3 Southampton 24 Jun 1711 - 25 Dec 1711 (23).JPG,0.6963797872,0.00,-811,-1758,146,367,1221,141,854_3/E 190_854_3 Southampton 24 Jun 1711 - 25 Dec 1711 (23).JPG,425.5,2339.9,1753.4,202.5
854/3,1042,38929,E 190_854_3 Southampton 24 Jun 1711 - 25 Dec 1711 (23).JPG,0.6963797872,0.00,-811,-1758,154,472,1221,141,854_3/E 190_854_3 Southampton 24 Jun 1711 - 25 Dec 1711 (23).JPG,437.0,2490.7,1753.4,202.5
854/3,1043,38930,E 190_854_3 Southampton 24 Jun 1711 - 25 Dec 1711 (24).JPG,0.6459264706,0.00,-1608,-1429,564,92,1097,137,854_3/E 190_854_3 Southampton 24 Jun 1711 - 25 Dec 1711 (24).JPG,2169.8,1460.2,1698.3,212.1
854/3,1044,38931,E 190_854_3 Southampton 24 Jun 1711 - 25 Dec 1711 (24).JPG,0.6459264706,0.00,-1608,-1429,560,206,1097,137,854_3/E 190_854_3 Southampton 24 Jun 1711 - 25 Dec 1711 (24).JPG,2163.6,1636.6,1698.3,212.1
854/3,1045,38932,E 190_854_3 Southampton 24 Jun 1711 - 25 Dec 1711 (24).JPG,0.6459264706,0.00,-1608,-1429,554,325,1097,137,854_3/E 190_854_3 Southampton 24 Jun 1711 - 25 Dec 1711 (24).JPG,2154.3,1820.9,1698.3,212.1
854/3,1046,38933,E 190_854_3 Southampton 24 Jun 1711 - 25 Dec 1711 (24).JPG,0.6459264706,0.00,-1608,-1429,563,425,1097,137,854_3/E 190_854_3 Southampton 24 Jun 1711 - 25 Dec 1711 (24).JPG,2168.3,1975.7,1698.3,212.1
854/3,1047,38934,E 190_854_3 Southampton 24 Jun 1711 - 25 Dec 1711 (27).JPG,0.5872058824,0.00,-964,-1474,224,90,997,131,854_3/E 190_854_3 Southampton 24 Jun 1711 - 25 Dec 1711 (27).JPG,493.5,1516.2,1697.9,223.1
854/3,1048,38935,E 190_854_3 Southampton 24 Jun 1711 - 25 Dec 1711 (27).JPG,0.5872058824,0.00,-964,-1474,218,208,997,131,854_3/E 190_854_3 Southampton 24 Jun 1711 - 25 Dec 1711 (27).JPG,483.2,1717.1,1697.9,223.1
854/3,1049,38936,E 190_854_3 Southampton 24 Jun 1711 - 25 Dec 1711 (27).JPG,0.5872058824,0.00,-964,-1474,208,306,997,131,854_3/E 190_854_3 Southampton 24 Jun 1711 - 25 Dec 1711 (27).JPG,466.2,1884.0,1697.9,223.1
854/3,1050,38937,E 190_854_3 Southampton 24 Jun 1711 - 25 Dec 1711 (27).JPG,0.5872058824,0.00,-964,-1474,210,414,997,131,854_3/E 190_854_3 Southampton 24 Jun 1711 - 25 Dec 1711 (27).JPG,469.6,2068.0,1697.9,223.1
854/3,1051,38938,E 190_854_3 Southampton 24 Jun 1711 - 25 Dec 1711 (29).JPG,0.5872058824,0.00,-1580,-1671,611,150,970,149,854_3/E 190_854_3 Southampton 24 Jun 1711 - 25 Dec 1711 (29).JPG,2201.5,1953.9,1651.9,253.7
854/3,1052,38939,E 190_854_3 Southampton 24 Jun 1711 - 25 Dec 1711 (29).JPG,0.5872058824,0.00,-1580,-1671,605,273,970,122,854_3/E 190_854_3 Southampton 24 Jun 1711 - 25 Dec 1711 (29).JPG,2191.3,2163.3,1651.9,207.8
854/3,1053,38940,E 190_854_3 Southampton 24 Jun 1711 - 25 Dec 1711 (29).JPG,0.5872058824,0.00,-1580,-1671,608,393,970,122,854_3/E 190_854_3 Southampton 24 Jun 1711 - 25 Dec 1711 (29).JPG,2196.4,2367.7,1651.9,207.8
854/3,1054,38941,E 190_854_3 Southampton 24 Jun 1711 - 25 Dec 1711 (30).JPG,0.5872058824,0.00,-831,-945,355,49,999,183,854_3/E 190_854_3 Southampton 24 Jun 1711 - 25 Dec 1711 (30).JPG,490.0,545.5,1701.3,311.6
854/3,1055,38942,E 190_854_3 Southampton 24 Jun 1711 - 25 Dec 1711 (30).JPG,0.5872058824,0.00,-831,-945,349,205,999,124,854_3/E 190_854_3 Southampton 24 Jun 1711 - 25 Dec 1711 (30).JPG,479.8,811.2,1701.3,211.2
854/3,1056,38943,E 190_854_3 Southampton 24 Jun 1711 - 25 Dec 1711 (32).JPG,0.5872058824,0.00,-1540,-1094,652,42,987,139,854_3/E 190_854_3 Southampton 24 Jun 1711 - 25 Dec 1711 (32).JPG,2203.2,787.3,1680.8,236.7
854/3,1057,38944,E 190_854_3 Southampton 24 Jun 1711 - 25 Dec 1711 (32).JPG,0.5872058824,0.00,-1540,-1094,647,156,987,104,854_3/E 190_854_3 Southampton 24 Jun 1711 - 25 Dec 1711 (32).JPG,2194.7,981.5,1680.8,177.1
854/3,1058,38945,E 190_854_3 Southampton 24 Jun 1711 - 25 Dec 1711 (32).JPG,0.5872058824,0.00,-1540,-1094,643,249,987,104,854_3/E 190_854_3 Southampton 24 Jun 1711 - 25 Dec 1711 (32).JPG,2187.9,1139.8,1680.8,177.1
854/3,1059,38946,E 190_854_3 Southampton 24 Jun 1711 - 25 Dec 1711 (32).JPG,0.5872058824,0.00,-1540,-1094,640,346,987,104,854_3/E 190_854_3 Southampton 24 Jun 1711 - 25 Dec 1711 (32).JPG,2182.8,1305.0,1680.8,177.1
854/3,1060,38947,E 190_854_3 Southampton 24 Jun 1711 - 25 Dec 1711 (43).JPG,1.0402710401,-180.00,-1916,-1279,181,328,1700,169,854_3/E 190_854_3 Southampton 24 Jun 1711 - 25 Dec 1711 (43).JPG,2100.1,1608.0,1634.2,162.5
855/1,1332,39221,E 190_855_1 Southampton 24 Jun 1712 - 25 Dec 1712 (10).JPG,0.6459264706,0.00,-1632,-1982,513,106,1105,169,855_1/E 190_855_1 Southampton 24 Jun 1712 - 25 Dec 1712 (10).JPG,2128.0,2338.0,1710.7,261.6
855/1,1333,39222,E 190_855_1 Southampton 24 Jun 1712 - 25 Dec 1712 (11).JPG,0.7105191176,0.00,-770,-770,186,93,1178,183,855_1/E 190_855_1 Southampton 24 Jun 1712 - 25 Dec 1712 (11).JPG,458.9,549.7,1657.9,257.6
855/1,1334,39223,E 190_855_1 Southampton 24 Jun 1712 - 25 Dec 1712 (14).JPG,0.6459264706,3.00,-1601,-832,574,117,1090,157,855_1/E 190_855_1 Southampton 24 Jun 1712 - 25 Dec 1712 (14).JPG,2174.5,574.6,1687.5,243.1
855/1,1335,39224,E 190_855_1 Southampton 24 Jun 1712 - 25 Dec 1712 (18).JPG,0.9378852353,0.00,-1879,-775,261,142,1583,168,855_1/E 190_855_1 Southampton 24 Jun 1712 - 25 Dec 1712 (18).JPG,2137.6,869.6,1687.8,179.1
855/1,1336,39226,E 190_855_1 Southampton 24 Jun 1712 - 25 Dec 1712 (19).JPG,0.7815710294,0.00,-639,-842,188,98,1330,150,855_1/E 190_855_1 Southampton 24 Jun 1712 - 25 Dec 1712 (19).JPG,450.0,746.6,1701.7,191.9
855/1,1337,39227,E 190_855_1 Southampton 24 Jun 1712 - 25 Dec 1712 (20).JPG,0.7815710294,-3.00,-657,-1449,191,291,1324,146,855_1/E 190_855_1 Southampton 24 Jun 1712 - 25 Dec 1712 (20).JPG,476.9,1770.2,1694.0,186.8
855/1,1338,39228,E 190_855_1 Southampton 24 Jun 1712 - 25 Dec 1712 (20).JPG,0.8597281324,0.00,-1956,-1528,220,114,1469,148,855_1/E 190_855_1 Southampton 24 Jun 1712 - 25 Dec 1712 (20).JPG,2176.0,1643.6,1708.7,172.1
855/1,1339,39229,E 190_855_1 Southampton 24 Jun 1712 - 25 Dec 1712 (20).JPG,0.8597281324,0.00,-1956,-1528,202,222,1469,115,855_1/E 190_855_1 Southampton 24 Jun 1712 - 25 Dec 1712 (20).JPG,2155.1,1769.3,1708.7,133.8
855/1,1340,39230,E 190_855_1 Southampton 24 Jun 1712 - 25 Dec 1712 (20).JPG,0.8597281324,0.00,-1956,-1528,198,318,1469,115,855_1/E 190_855_1 Southampton 24 Jun 1712 - 25 Dec 1712 (20).JPG,2150.4,1880.9,1708.7,133.8
855/1,1341,39231,E 190_855_1 Southampton 24 Jun 1712 - 25 Dec 1712 (20).JPG,0.8597281324,0.00,-1956,-1528,201,408,1469,105,855_1/E 190_855_1 Southampton 24 Jun 1712 - 25 Dec 1712 (20).JPG,2153.9,1985.6,1708.7,122.1
855/1,1342,39232,E 190_855_1 Southampton 24 Jun 1712 - 25 Dec 1712 (20).JPG,0.8597281324,0.00,-1956,-1528,195,485,1469,105,855_1/E 190_855_1 Southampton 24 Jun 1712 - 25 Dec 1712 (20).JPG,2146.9,2075.2,1708.7,122.1
855/1,1343,39233,E 190_855_1 Southampton 24 Jun 1712 - 25 Dec 1712 (21).JPG,0.7105191176,0.00,-641,-1778,310,168,1211,140,855_1/E 190_855_1 Southampton 24 Jun 1712 - 25 Dec 1712 (21).JPG,451.9,2073.9,1704.4,197.0
855/1,1344,39234,E 190_855_1 Southampton 24 Jun 1712 - 25 Dec 1712 (21).JPG,0.7105191176,0.00,-1680,-726,451,292,1211,140,855_1/E 190_855_1 Southampton 24 Jun 1712 - 25 Dec 1712 (21).JPG,2112.7,767.8,1704.4,197.0
855/1,1345,39235,E 190_855_1 Southampton 24 Jun 1712 - 25 Dec 1712 (23).JPG,0.7105191176,0.00,-787,-1649,157,148,1218,191,855_1/E 190_855_1 Southampton 24 Jun 1712 - 25 Dec 1712 (23).JPG,442.1,1864.2,1714.2,268.8
855/1,1347,39237,E 190_855_1 Southampton 24 Jun 1712 - 25 Dec 1712 (36).JPG,0.7507740124,-180.00,-838,-1738,5,208,1257,168,855_1/E 190_855_1 Southampton 24 Jun 1712 - 25 Dec 1712 (36).JPG,400.5,2050.2,1674.3,223.8
855/1,1346,39236,E 190_855_1 Southampton 24 Jun 1712 - 25 Dec 1712 (38).JPG,0.7815710294,-180.00,-1627,-816,480,134,1308,126,855_1/E 190_855_1 Southampton 24 Jun 1712 - 25 Dec 1712 (38).JPG,2087.7,759.4,1673.6,161.2
855/6,1262,39150,E 190_855_6 Southampton 25 Dec 1712 - 24 Jun 1713 (8).JPG,0.7815710294,0.00,-694,-1624,271,122,1188,172,855_6/E 190_855_6 Southampton 25 Dec 1712 - 24 Jun 1713 (8).JPG,626.6,1777.9,1520.0,220.1
855/6,1263,39151,E 190_855_6 Southampton 25 Dec 1712 - 24 Jun 1713 (8).JPG,0.7815710294,0.00,-694,-1624,266,264,1188,149,855_6/E 190_855_6 Southampton 25 Dec 1712 - 24 Jun 1713 (8).JPG,620.2,1959.5,1520.0,190.6
855/6,1264,39152,E 190_855_6 Southampton 25 Dec 1712 - 24 Jun 1713 (8).JPG,0.7815710294,0.00,-694,-1624,257,387,1188,136,855_6/E 190_855_6 Southampton 25 Dec 1712 - 24 Jun 1713 (8).JPG,608.6,2116.9,1520.0,174.0
855/6,1265,39153,E 190_855_6 Southampton 25 Dec 1712 - 24 Jun 1713 (8).JPG,0.7815710294,0.00,-694,-1624,258,501,1188,136,855_6/E 190_855_6 Southampton 25 Dec 1712 - 24 Jun 1713 (8).JPG,609.9,2262.8,1520.0,174.0
855/6,1266,39154,E 190_855_6 Southampton 25 Dec 1712 - 24 Jun 1713 (10).JPG,0.7815710294,0.00,-663,-1937,202,150,1312,140,855_6/E 190_855_6 Southampton 25 Dec 1712 - 24 Jun 1713 (10).JPG,498.6,2214.2,1678.7,179.1
855/6,1267,39155,E 190_855_6 Southampton 25 Dec 1712 - 24 Jun 1713 (10).JPG,0.7815710294,0.00,-663,-1937,220,271,1312,140,855_6/E 190_855_6 Southampton 25 Dec 1712 - 24 Jun 1713 (10).JPG,521.6,2369.0,1678.7,179.1
855/6,1268,39156,E 190_855_6 Southampton 25 Dec 1712 - 24 Jun 1713 (10).JPG,0.7815710294,0.00,-663,-1937,200,392,1312,140,855_6/E 190_855_6 Southampton 25 Dec 1712 - 24 Jun 1713 (10).JPG,496.1,2523.8,1678.7,179.1
855/6,1269,39157,E 190_855_6 Southampton 25 Dec 1712 - 24 Jun 1713 (10).JPG,0.7815710294,3.00,-1754,-729,419,104,1312,200,855_6/E 190_855_6 Southampton 25 Dec 1712 - 24 Jun 1713 (10).JPG,2172.2,609.7,1678.7,255.9
855/6,1270,39158,E 190_855_6 Southampton 25 Dec 1712 - 24 Jun 1713 (10).JPG,0.7815710294,3.00,-1754,-729,400,366,1312,156,855_6/E 190_855_6 Southampton 25 Dec 1712 - 24 Jun 1713 (10).JPG,2147.9,944.9,1678.7,199.6
855/6,1271,39159,E 190_855_6 Southampton 25 Dec 1712 - 24 Jun 1713 (11).JPG,0.9457009456,0.00,-433,-1214,151,124,1568,195,855_6/E 190_855_6 Southampton 25 Dec 1712 - 24 Jun 1713 (11).JPG,492.6,1321.1,1658.0,206.2
855/6,1272,39160,E 190_855_6 Southampton 25 Dec 1712 - 24 Jun 1713 (11).JPG,0.9457009456,0.00,-571,-1296,12,190,1568,163,855_6/E 190_855_6 Southampton 25 Dec 1712 - 24 Jun 1713 (11).JPG,491.5,1477.6,1658.0,172.4
855/6,1273,39161,E 190_855_6 Southampton 25 Dec 1712 - 24 Jun 1713 (11).JPG,0.9457009456,0.00,-571,-1296,3,319,1568,163,855_6/E 190_855_6 Southampton 25 Dec 1712 - 24 Jun 1713 (11).JPG,482.0,1614.0,1658.0,172.4
855/6,1274,39162,E 190_855_6 Southampton 25 Dec 1712 - 24 Jun 1713 (11).JPG,0.9457009456,0.00,-571,-1296,14,467,1568,163,855_6/E 190_855_6 Southampton 25 Dec 1712 - 24 Jun 1713 (11).JPG,493.6,1770.5,1658.0,172.4
855/6,1275,39163,E 190_855_6 Southampton 25 Dec 1712 - 24 Jun 1713 (11).JPG,0.9362439361,0.00,-553,-1615,40,296,1568,163,855_6/E 190_855_6 Southampton 25 Dec 1712 - 24 Jun 1713 (11).JPG,485.2,1930.0,1674.8,174.1
855/6,1276,39164,E 190_855_6 Southampton 25 Dec 1712 - 24 Jun 1713 (11).JPG,0.8426195425,0.00,-675,-1526,44,425,1568,191,855_6/E 190_855_6 Southampton 25 Dec 1712 - 24 Jun 1713 (11).JPG,446.9,2010.6,1860.9,226.7
855/6,1277,39165,E 190_855_6 Southampton 25 Dec 1712 - 24 Jun 1713 (14).JPG,0.8511308510,0.00,-565,-653,183,136,1385,235,855_6/E 190_855_6 Southampton 25 Dec 1712 - 24 Jun 1713 (14).JPG,498.2,641.6,1627.2,276.1
855/6,1278,39166,E 190_855_6 Southampton 25 Dec 1712 - 24 Jun 1713 (14).JPG,0.8511308510,0.00,-565,-653,180,332,1385,157,855_6/E 190_855_6 Southampton 25 Dec 1712 - 24 Jun 1713 (14).JPG,494.7,871.8,1627.2,184.5
855/6,1279,39167,E 190_855_6 Southampton 25 Dec 1712 - 24 Jun 1713 (16).JPG,0.7105191176,0.00,-1718,-1969,459,306,1188,145,855_6/E 190_855_6 Southampton 25 Dec 1712 - 24 Jun 1713 (16).JPG,2177.4,2537.0,1672.0,204.1
855/6,1280,39168,E 190_855_6 Southampton 25 Dec 1712 - 24 Jun 1713 (17).JPG,0.7815710294,0.00,-664,-782,231,67,1246,175,855_6/E 190_855_6 Southampton 25 Dec 1712 - 24 Jun 1713 (17).JPG,537.0,630.2,1594.2,223.9
855/6,1281,39169,E 190_855_6 Southampton 25 Dec 1712 - 24 Jun 1713 (17).JPG,0.7815710294,0.00,-664,-782,231,212,1246,130,855_6/E 190_855_6 Southampton 25 Dec 1712 - 24 Jun 1713 (17).JPG,537.0,815.7,1594.2,166.3
855/6,1282,39170,E 190_855_6 Southampton 25 Dec 1712 - 24 Jun 1713 (19).JPG,0.6459264706,0.00,-767,-1890,349,197,1078,100,855_6/E 190_855_6 Southampton 25 Dec 1712 - 24 Jun 1713 (19).JPG,534.9,2336.4,1668.9,154.8
855/6,1283,39171,E 190_855_6 Southampton 25 Dec 1712 - 24 Jun 1713 (34).JPG,0.8597281324,-180.00,-495,-1704,226,258,1396,226,855_6/E 190_855_6 Southampton 25 Dec 1712 - 24 Jun 1713 (34).JPG,483.6,2015.8,1623.8,262.9
856/4,1320,39209,E 190_856_4 Southampton 24 Jun 1713 - 25 Dec 1713 (12).JPG,0.7105191176,0.00,-645,-1226,313,131,1190,141,856_4/E 190_856_4 Southampton 24 Jun 1713 - 25 Dec 1713 (12).JPG,461.8,1245.0,1674.8,198.4
856/4,1321,39210,E 190_856_4 Southampton 24 Jun 1713 - 25 Dec 1713 (12).JPG,0.8511308510,0.00,-609,-1771,125,444,1417,241,856_4/E 190_856_4 Southampton 24 Jun 1713 - 25 Dec 1713 (12).JPG,481.8,2317.0,1664.8,283.2
856/4,1322,39211,E 190_856_4 Southampton 24 Jun 1713 - 25 Dec 1713 (14).JPG,0.7737553191,0.00,-693,-1631,174,328,1294,135,856_4/E 190_856_4 Southampton 24 Jun 1713 - 25 Dec 1713 (14).JPG,484.3,2054.6,1672.4,174.5
856/4,1323,39212,E 190_856_4 Southampton 24 Jun 1713 - 25 Dec 1713 (17).JPG,0.6459264706,0.00,-667,-842,411,295,1082,136,856_4/E 190_856_4 Southampton 24 Jun 1713 - 25 Dec 1713 (17).JPG,476.1,865.7,1675.1,210.6
856/4,1324,39213,E 190_856_4 Southampton 24 Jun 1713 - 25 Dec 1713 (17).JPG,0.6459264706,0.00,-680,-1156,394,268,1082,119,856_4/E 190_856_4 Southampton 24 Jun 1713 - 25 Dec 1713 (17).JPG,469.9,1310.0,1675.1,184.2
856/4,1325,39214,E 190_856_4 Southampton 24 Jun 1713 - 25 Dec 1713 (17).JPG,0.6459264706,0.00,-680,-1156,398,353,1082,119,856_4/E 190_856_4 Southampton 24 Jun 1713 - 25 Dec 1713 (17).JPG,476.1,1441.6,1675.1,184.2
856/4,1326,39215,E 190_856_4 Southampton 24 Jun 1713 - 25 Dec 1713 (19).JPG,0.8597281324,0.00,-1790,-706,376,199,1418,141,856_4/E 190_856_4 Southampton 24 Jun 1713 - 25 Dec 1713 (19).JPG,2164.4,786.4,1649.4,164.0
856/4,1327,39216,E 190_856_4 Southampton 24 Jun 1713 - 25 Dec 1713 (19).JPG,0.8597281324,0.00,-1790,-706,378,393,1418,141,856_4/E 190_856_4 Southampton 24 Jun 1713 - 25 Dec 1713 (19).JPG,2166.7,1012.0,1649.4,164.0
856/4,1328,39217,E 190_856_4 Southampton 24 Jun 1713 - 25 Dec 1713 (20).JPG,0.8511308510,0.00,-1801,-1235,376,255,1420,141,856_4/E 190_856_4 Southampton 24 Jun 1713 - 25 Dec 1713 (20).JPG,2177.2,1465.2,1668.4,165.7
856/4,1329,39218,E 190_856_4 Southampton 24 Jun 1713 - 25 Dec 1713 (20).JPG,0.8511308510,-6.00,-1841,-1961,367,244,1420,141,856_4/E 190_856_4 Southampton 24 Jun 1713 - 25 Dec 1713 (20).JPG,2213.6,2305.2,1668.4,165.7
856/4,1330,39219,E 190_856_4 Southampton 24 Jun 1713 - 25 Dec 1713 (20).JPG,0.8511308510,-6.00,-1841,-1961,386,337,1420,141,856_4/E 190_856_4 Southampton 24 Jun 1713 - 25 Dec 1713 (20).JPG,2235.9,2414.5,1668.4,165.7
856/4,1331,39220,E 190_856_4 Southampton 24 Jun 1713 - 25 Dec 1713 (39).JPG,0.7105191176,-180.00,-1417,-1051,639,293,1226,132,856_4/E 190_856_4 Southampton 24 Jun 1713 - 25 Dec 1713 (39).JPG,2007.1,1226.7,1725.5,185.8
856/8,1694,39585,E 190_856_8 Southampton 25 Dec 1713 - 24 Jun 1714 (9).JPG,0.6116607442,3.00,-2029,-1133,154,113,1054,102,856_8/E 190_856_8 Southampton 25 Dec 1713 - 24 Jun 1714 (9).JPG,2187.4,1000.9,1723.2,166.8
856/8,1695,39586,E 190_856_8 Southampton 25 Dec 1713 - 24 Jun 1714 (9).JPG,0.6528431892,3.00,-2053,-1118,149,187,1054,102,856_8/E 190_856_8 Southampton 25 Dec 1713 - 24 Jun 1714 (9).JPG,2215.8,1131.1,1614.5,156.2
856/8,1696,39587,E 190_856_8 Southampton 25 Dec 1713 - 24 Jun 1714 (9).JPG,0.6528431892,3.00,-2053,-1118,150,276,1054,102,856_8/E 190_856_8 Southampton 25 Dec 1713 - 24 Jun 1714 (9).JPG,2217.4,1267.4,1614.5,156.2
856/8,1697,39588,E 190_856_8 Southampton 25 Dec 1713 - 24 Jun 1714 (11).JPG,0.6728268186,0.00,-1996,-1629,187,162,1124,102,856_8/E 190_856_8 Southampton 25 Dec 1713 - 24 Jun 1714 (11).JPG,2186.4,1868.3,1670.6,151.6
856/8,1698,39589,E 190_856_8 Southampton 25 Dec 1713 - 24 Jun 1714 (11).JPG,0.6728268186,0.00,-1996,-1629,183,244,1124,102,856_8/E 190_856_8 Southampton 25 Dec 1713 - 24 Jun 1714 (11).JPG,2180.5,1990.2,1670.6,151.6
856/8,1699,39590,E 190_856_8 Southampton 25 Dec 1713 - 24 Jun 1714 (11).JPG,0.6728268186,0.00,-1996,-1629,170,324,1124,102,856_8/E 190_856_8 Southampton 25 Dec 1713 - 24 Jun 1714 (11).JPG,2161.1,2109.1,1670.6,151.6
856/8,1700,39591,E 190_856_8 Southampton 25 Dec 1713 - 24 Jun 1714 (11).JPG,0.6728268186,0.00,-1997,-1717,170,324,1124,102,856_8/E 190_856_8 Southampton 25 Dec 1713 - 24 Jun 1714 (11).JPG,2162.6,2239.9,1670.6,151.6
856/8,1701,39592,E 190_856_8 Southampton 25 Dec 1713 - 24 Jun 1714 (14).JPG,0.5560552220,0.00,-1155,-1351,94,131,927,101,856_8/E 190_856_8 Southampton 25 Dec 1713 - 24 Jun 1714 (14).JPG,508.9,1362.2,1667.1,181.6
856/8,1702,39593,E 190_856_8 Southampton 25 Dec 1713 - 24 Jun 1714 (14).JPG,0.5560552220,0.00,-1155,-1351,95,204,927,101,856_8/E 190_856_8 Southampton 25 Dec 1713 - 24 Jun 1714 (14).JPG,510.7,1493.5,1667.1,181.6
856/8,1703,39594,E 190_856_8 Southampton 25 Dec 1713 - 24 Jun 1714 (14).JPG,0.5560552220,0.00,-1155,-1351,89,281,927,101,856_8/E 190_856_8 Southampton 25 Dec 1713 - 24 Jun 1714 (14).JPG,499.9,1632.0,1667.1,181.6
856/8,1704,39595,E 190_856_8 Southampton 25 Dec 1713 - 24 Jun 1714 (18).JPG,0.7401095004,0.00,-2134,-1340,43,149,1282,108,856_8/E 190_856_8 Southampton 25 Dec 1713 - 24 Jun 1714 (18).JPG,2177.4,1438.8,1732.2,145.9
856/8,1705,39596,E 190_856_8 Southampton 25 Dec 1713 - 24 Jun 1714 (20).JPG,0.6116607442,0.00,-1033,-1704,119,103,1031,99,856_8/E 190_856_8 Southampton 25 Dec 1713 - 24 Jun 1714 (20).JPG,501.9,1918.1,1685.6,161.9
857/3,1426,39316,E 190_857_3 1714 (17).JPG,0.6204255319,0.00,-205,-1632,247,154,1361,179,857_3/E 190_857_3 1714 (17).JPG,38.4,1905.0,2193.7,288.5
857/3,1427,39317,E 190_857_3 1714 (17).JPG,0.6204255319,0.00,-205,-1632,240,285,1361,179,857_3/E 190_857_3 1714 (17).JPG,27.1,2116.1,2193.7,288.5
857/3,1428,39318,E 190_857_3 1714 (22).JPG,0.6290696629,0.00,-181,-743,265,222,1328,117,857_3/E 190_857_3 1714 (22).JPG,53.0,715.0,2111.1,186.0
857/3,1429,39319,E 190_857_3 1714 (22).JPG,0.6290696629,0.00,-181,-743,256,304,1328,117,857_3/E 190_857_3 1714 (22).JPG,38.7,845.3,2111.1,186.0
857/3,1430,39320,E 190_857_3 1714 (29).JPG,0.5666720648,0.00,-227,-1071,286,107,1215,124,857_3/E 190_857_3 1714 (29).JPG,55.3,892.0,2144.1,218.8
857/3,1431,39321,E 190_857_3 1714 (29).JPG,0.5666720648,0.00,-227,-1071,283,196,1215,124,857_3/E 190_857_3 1714 (29).JPG,50.0,1049.1,2144.1,218.8
857/3,1432,39322,E 190_857_3 1714 (30).JPG,0.5335501906,0.00,-265,-939,300,115,1203,163,857_3/E 190_857_3 1714 (30).JPG,26.9,660.6,2254.7,305.5
857/3,1433,39323,E 190_857_3 1714 (33).JPG,0.6700239349,-6.00,-169,-1808,305,286,1291,135,857_3/E 190_857_3 1714 (33).JPG,193.0,2385.8,1926.8,201.5
857/3,1434,39324,E 190_857_3 1714 (35).JPG,0.5746861314,0.00,-246,-1988,247,127,1184,168,857_3/E 190_857_3 1714 (35).JPG,46.7,2567.9,2060.3,292.3
857/3,1435,39325,E 190_857_3 1714 (37).JPG,0.6069731136,0.00,-235,-1744,262,117,1325,158,857_3/E 190_857_3 1714 (37).JPG,72.2,1986.9,2183.0,260.3
857/3,1436,39326,E 190_857_3 1714 (37).JPG,0.6069731136,0.00,-235,-1744,265,228,1325,158,857_3/E 190_857_3 1714 (37).JPG,77.2,2169.8,2183.0,260.3
857/3,1437,39327,E 190_857_3 1714 (37).JPG,0.6069731136,0.00,-235,-1744,267,345,1325,134,857_3/E 190_857_3 1714 (37).JPG,80.5,2362.6,2183.0,220.8
857/3,1438,39328,E 190_857_3 1714 (38).JPG,0.5704747633,0.00,-314,-1114,237,261,1288,110,857_3/E 190_857_3 1714 (38).JPG,51.4,1187.5,2257.8,192.8
857/3,1440,39330,E 190_857_3 1714 (40).JPG,0.5190407911,0.00,-243,-1675,413,275,1140,100,857_3/E 190_857_3 1714 (40).JPG,139.4,2268.3,2196.4,192.7
857/3,1441,39331,E 190_857_3 1714 (41).JPG,0.5290437704,-6.00,-251,-1792,346,274,1067,123,857_3/E 190_857_3 1714 (41).JPG,174.6,2506.2,2016.8,232.5
857/3,1439,39329,E 190_857_3 1714 (40).JPG,0.5190407911,0.00,-243,-1675,419,179,1140,127,857_3/E 190_857_3 1714 (40).JPG,151.0,2083.3,2196.4,244.7
857/3,1442,39332,E 190_857_3 1714 (42).JPG,0.4961666521,0.00,-276,-1422,335,355,1069,185,857_3/E 190_857_3 1714 (42).JPG,71.3,2034.4,2154.5,372.9
857/8,999,38885,E 190_857_8 Southampton 25 Dec 1714 - 24 Jun 1715 (8).JPG,0.9457009456,0.00,-1802,-925,368,197,1380,150,857_8/E 190_857_8 Southampton 25 Dec 1714 - 24 Jun 1715 (8).JPG,2169.7,1092.7,1459.2,158.6
857/8,1000,38886,E 190_857_8 Southampton 25 Dec 1714 - 24 Jun 1715 (8).JPG,0.9457009456,0.00,-1802,-925,378,426,1380,150,857_8/E 190_857_8 Southampton 25 Dec 1714 - 24 Jun 1715 (8).JPG,2180.2,1334.9,1459.2,158.6
857/8,1001,38887,E 190_857_8 Southampton 25 Dec 1714 - 24 Jun 1715 (9).JPG,0.8597281324,0.00,-1787,-1519,373,307,1459,212,857_8/E 190_857_8 Southampton 25 Dec 1714 - 24 Jun 1715 (9).JPG,2157.4,1857.7,1697.0,246.6
857/8,1002,38888,E 190_857_8 Southampton 25 Dec 1714 - 24 Jun 1715 (12).JPG,0.8526229412,-3.00,-536,-672,204,244,1400,137,857_8/E 190_857_8 Southampton 25 Dec 1714 - 24 Jun 1715 (12).JPG,491.8,792.2,1642.0,160.7
857/8,1003,38889,E 190_857_8 Southampton 25 Dec 1714 - 24 Jun 1715 (12).JPG,0.8526229412,-3.00,-536,-672,207,355,1400,137,857_8/E 190_857_8 Southampton 25 Dec 1714 - 24 Jun 1715 (12).JPG,495.3,922.4,1642.0,160.7
857/8,1004,38890,E 190_857_8 Southampton 25 Dec 1714 - 24 Jun 1715 (12).JPG,0.8526229412,-3.00,-536,-672,216,564,1400,137,857_8/E 190_857_8 Southampton 25 Dec 1714 - 24 Jun 1715 (12).JPG,505.9,1167.6,1642.0,160.7
857/8,1005,38891,E 190_857_8 Southampton 25 Dec 1714 - 24 Jun 1715 (13).JPG,0.7815710294,0.00,-639,-769,279,212,1264,143,857_8/E 190_857_8 Southampton 25 Dec 1714 - 24 Jun 1715 (13).JPG,566.4,799.1,1617.3,183.0
857/8,1006,38892,E 190_857_8 Southampton 25 Dec 1714 - 24 Jun 1715 (13).JPG,0.7034139265,0.00,-771,-1941,245,212,1151,120,857_8/E 190_857_8 Southampton 25 Dec 1714 - 24 Jun 1715 (13).JPG,526.9,2372.7,1636.3,170.6
857/8,1007,38893,E 190_857_8 Southampton 25 Dec 1714 - 24 Jun 1715 (13).JPG,0.7034139265,0.00,-771,-1941,244,305,1151,120,857_8/E 190_857_8 Southampton 25 Dec 1714 - 24 Jun 1715 (13).JPG,525.5,2504.9,1636.3,170.6
857/8,1008,38894,E 190_857_8 Southampton 25 Dec 1714 - 24 Jun 1715 (16).JPG,0.8597281324,0.00,-659,-977,130,114,1388,154,857_8/E 190_857_8 Southampton 25 Dec 1714 - 24 Jun 1715 (16).JPG,562.7,1002.7,1614.5,179.1
857/8,1009,38895,E 190_857_8 Southampton 25 Dec 1714 - 24 Jun 1715 (16).JPG,0.8597281324,0.00,-663,-1670,123,84,1388,154,857_8/E 190_857_8 Southampton 25 Dec 1714 - 24 Jun 1715 (16).JPG,559.2,1773.9,1614.5,179.1
857/8,1010,38896,E 190_857_8 Southampton 25 Dec 1714 - 24 Jun 1715 (18).JPG,0.7105191176,0.00,-782,-1026,223,115,1164,119,857_8/E 190_857_8 Southampton 25 Dec 1714 - 24 Jun 1715 (18).JPG,527.9,941.0,1638.2,167.5
857/8,1011,38897,E 190_857_8 Southampton 25 Dec 1714 - 24 Jun 1715 (19).JPG,0.7105191176,0.00,-747,-736,271,102,1146,154,857_8/E 190_857_8 Southampton 25 Dec 1714 - 24 Jun 1715 (19).JPG,546.2,514.5,1612.9,216.7
857/8,1012,38898,E 190_857_8 Southampton 25 Dec 1714 - 24 Jun 1715 (19).JPG,0.7105191176,0.00,-747,-736,267,238,1146,101,857_8/E 190_857_8 Southampton 25 Dec 1714 - 24 Jun 1715 (19).JPG,540.6,705.9,1612.9,142.1
857/8,1013,38899,E 190_857_8 Southampton 25 Dec 1714 - 24 Jun 1715 (20).JPG,0.6459264706,0.00,-727,-1072,394,93,1058,96,857_8/E 190_857_8 Southampton 25 Dec 1714 - 24 Jun 1715 (20).JPG,542.7,909.0,1638.0,148.6
857/8,1014,38900,E 190_857_8 Southampton 25 Dec 1714 - 24 Jun 1715 (20).JPG,0.6459264706,0.00,-727,-1072,389,166,1058,96,857_8/E 190_857_8 Southampton 25 Dec 1714 - 24 Jun 1715 (20).JPG,534.9,1022.0,1638.0,148.6
858/1,1383,39273,E 190_858_1 Southampton 25 Dec 1715 - 24 Jun 1716 (9).JPG,0.6459264706,3.00,-1570,-1358,535,92,1121,135,858_1/E 190_858_1 Southampton 25 Dec 1715 - 24 Jun 1716 (9).JPG,2066.1,1350.2,1735.5,209.0
858/1,1384,39274,E 190_858_1 Southampton 25 Dec 1715 - 24 Jun 1716 (9).JPG,0.6394672059,3.00,-1582,-1373,518,188,1121,115,858_1/E 190_858_1 Southampton 25 Dec 1715 - 24 Jun 1716 (9).JPG,2057.2,1521.0,1753.0,179.8
858/1,1385,39275,E 190_858_1 Southampton 25 Dec 1715 - 24 Jun 1716 (9).JPG,0.6394672059,3.00,-1582,-1373,509,267,1121,115,858_1/E 190_858_1 Southampton 25 Dec 1715 - 24 Jun 1716 (9).JPG,2043.1,1644.5,1753.0,179.8
858/1,1386,39276,E 190_858_1 Southampton 25 Dec 1715 - 24 Jun 1716 (10).JPG,0.9362439361,0.00,-417,-1162,55,207,1577,148,858_1/E 190_858_1 Southampton 25 Dec 1715 - 24 Jun 1716 (10).JPG,356.0,1351.1,1684.4,158.1
858/1,1387,39277,E 190_858_1 Southampton 25 Dec 1715 - 24 Jun 1716 (10).JPG,0.9362439361,0.00,-417,-1162,69,573,1577,148,858_1/E 190_858_1 Southampton 25 Dec 1715 - 24 Jun 1716 (10).JPG,370.9,1742.0,1684.4,158.1
858/1,1388,39278,E 190_858_1 Southampton 25 Dec 1715 - 24 Jun 1716 (11).JPG,0.7815710294,-3.00,-568,-742,225,82,1251,165,858_1/E 190_858_1 Southampton 25 Dec 1715 - 24 Jun 1716 (11).JPG,406.5,598.2,1600.6,211.1
858/1,1389,39279,E 190_858_1 Southampton 25 Dec 1715 - 24 Jun 1716 (11).JPG,0.7815710294,-3.00,-568,-742,217,221,1251,134,858_1/E 190_858_1 Southampton 25 Dec 1715 - 24 Jun 1716 (11).JPG,396.3,776.0,1600.6,171.4
858/1,1390,39280,E 190_858_1 Southampton 25 Dec 1715 - 24 Jun 1716 (12).JPG,0.6459264706,0.00,-879,-1532,134,191,1088,132,858_1/E 190_858_1 Southampton 25 Dec 1715 - 24 Jun 1716 (12).JPG,375.5,1772.9,1684.4,204.4
858/1,1391,39281,E 190_858_1 Southampton 25 Dec 1715 - 24 Jun 1716 (12).JPG,0.7737553191,0.00,-1644,-906,443,167,1308,146,858_1/E 190_858_1 Southampton 25 Dec 1715 - 24 Jun 1716 (12).JPG,2061.0,909.5,1690.5,188.7
858/1,1392,39282,E 190_858_1 Southampton 25 Dec 1715 - 24 Jun 1716 (12).JPG,0.7737553191,0.00,-1644,-906,443,270,1308,146,858_1/E 190_858_1 Southampton 25 Dec 1715 - 24 Jun 1716 (12).JPG,2061.0,1042.7,1690.5,188.7
858/1,1393,39283,E 190_858_1 Southampton 25 Dec 1715 - 24 Jun 1716 (12).JPG,0.7737553191,0.00,-1644,-906,445,372,1308,132,858_1/E 190_858_1 Southampton 25 Dec 1715 - 24 Jun 1716 (12).JPG,2063.6,1174.5,1690.5,170.6
858/1,1394,39284,E 190_858_1 Southampton 25 Dec 1715 - 24 Jun 1716 (12).JPG,0.7737553191,0.00,-1644,-906,449,466,1308,132,858_1/E 190_858_1 Southampton 25 Dec 1715 - 24 Jun 1716 (12).JPG,2068.7,1296.0,1690.5,170.6
858/1,1395,39285,E 190_858_1 Southampton 25 Dec 1715 - 24 Jun 1716 (12).JPG,0.7737553191,0.00,-1644,-906,451,578,1308,132,858_1/E 190_858_1 Southampton 25 Dec 1715 - 24 Jun 1716 (12).JPG,2071.3,1440.7,1690.5,170.6
858/1,1396,39286,E 190_858_1 Southampton 25 Dec 1715 - 24 Jun 1716 (15).JPG,0.7105191176,0.00,-666,-1972,228,195,1210,147,858_1/E 190_858_1 Southampton 25 Dec 1715 - 24 Jun 1716 (15).JPG,371.7,2385.0,1703.0,206.9
858/1,1397,39287,E 190_858_1 Southampton 25 Dec 1715 - 24 Jun 1716 (15).JPG,0.7815710294,3.00,-1820,-915,333,227,1210,147,858_1/E 190_858_1 Southampton 25 Dec 1715 - 24 Jun 1716 (15).JPG,2146.6,1005.1,1548.2,188.1
858/1,1398,39288,E 190_858_1 Southampton 25 Dec 1715 - 24 Jun 1716 (15).JPG,0.7815710294,0.00,-1737,-1999,354,110,1350,165,858_1/E 190_858_1 Southampton 25 Dec 1715 - 24 Jun 1716 (15).JPG,2067.2,2242.3,1727.3,211.1
858/1,1399,39289,E 190_858_1 Southampton 25 Dec 1715 - 24 Jun 1716 (17).JPG,0.6459264706,0.00,-1525,-1726,578,98,1115,122,858_1/E 190_858_1 Southampton 25 Dec 1715 - 24 Jun 1716 (17).JPG,2063.0,1929.2,1726.2,188.9
858/1,1400,39290,E 190_858_1 Southampton 25 Dec 1715 - 24 Jun 1716 (17).JPG,0.6459264706,0.00,-1525,-1726,579,190,1115,122,858_1/E 190_858_1 Southampton 25 Dec 1715 - 24 Jun 1716 (17).JPG,2064.5,2071.7,1726.2,188.9
858/1,1401,39291,E 190_858_1 Southampton 25 Dec 1715 - 24 Jun 1716 (17).JPG,0.6459264706,0.00,-1525,-1726,578,292,1115,122,858_1/E 190_858_1 Southampton 25 Dec 1715 - 24 Jun 1716 (17).JPG,2063.0,2229.6,1726.2,188.9
858/1,1402,39292,E 190_858_1 Southampton 25 Dec 1715 - 24 Jun 1716 (17).JPG,0.6459264706,0.00,-1525,-1726,585,378,1115,122,858_1/E 190_858_1 Southampton 25 Dec 1715 - 24 Jun 1716 (17).JPG,2073.8,2362.7,1726.2,188.9
858/1,1403,39293,E 190_858_1 Southampton 25 Dec 1715 - 24 Jun 1716 (21).JPG,0.7815710294,0.00,-542,-1701,225,185,1316,183,858_1/E 190_858_1 Southampton 25 Dec 1715 - 24 Jun 1716 (21).JPG,373.2,1957.0,1683.8,234.1
858/1,1404,39294,E 190_858_1 Southampton 25 Dec 1715 - 24 Jun 1716 (32).JPG,0.6459264706,-180.00,-597,-899,475,218,1047,139,858_1/E 190_858_1 Southampton 25 Dec 1715 - 24 Jun 1716 (32).JPG,466.8,834.7,1620.9,215.2
858/1,1405,39295,E 190_858_1 Southampton 25 Dec 1715 - 24 Jun 1716 (32).JPG,0.6459264706,-180.00,-701,-1643,379,358,1047,102,858_1/E 190_858_1 Southampton 25 Dec 1715 - 24 Jun 1716 (32).JPG,479.2,2203.3,1620.9,157.9
858/1,1406,39296,E 190_858_1 Southampton 25 Dec 1715 - 24 Jun 1716 (32).JPG,0.9457009456,-183.00,-1854,-2165,316,324,1490,142,858_1/E 190_858_1 Southampton 25 Dec 1715 - 24 Jun 1716 (32).JPG,2169.7,2538.2,1575.6,150.2
858/8,1015,38901,E 190_858_8 Southampton 24 Jun 1715 - 25 Dec 1715 (9).JPG,0.6459264706,0.00,-788,-1346,253,203,1077,136,858_8/E 190_858_8 Southampton 24 Jun 1715 - 25 Dec 1715 (9).JPG,418.8,1503.5,1667.4,210.6
858/8,1016,38902,E 190_858_8 Southampton 24 Jun 1715 - 25 Dec 1715 (10).JPG,0.6459264706,0.00,-1596,-1777,514,97,1123,127,858_8/E 190_858_8 Southampton 24 Jun 1715 - 25 Dec 1715 (10).JPG,2073.8,2006.7,1738.6,196.6
858/8,1017,38903,E 190_858_8 Southampton 24 Jun 1715 - 25 Dec 1715 (10).JPG,0.6459264706,0.00,-1596,-1777,503,193,1123,127,858_8/E 190_858_8 Southampton 24 Jun 1715 - 25 Dec 1715 (10).JPG,2056.8,2155.3,1738.6,196.6
858/8,1018,38904,E 190_858_8 Southampton 24 Jun 1715 - 25 Dec 1715 (13).JPG,0.6459264706,0.00,-717,-1566,346,97,1062,122,858_8/E 190_858_8 Southampton 24 Jun 1715 - 25 Dec 1715 (13).JPG,452.9,1680.0,1644.1,188.9
858/8,1019,38905,E 190_858_8 Southampton 24 Jun 1715 - 25 Dec 1715 (15).JPG,0.7815710294,0.00,-1685,-782,435,97,1311,157,858_8/E 190_858_8 Southampton 24 Jun 1715 - 25 Dec 1715 (15).JPG,2104.3,668.6,1677.4,200.9
858/8,1020,38906,E 190_858_8 Southampton 24 Jun 1715 - 25 Dec 1715 (15).JPG,0.7815710294,0.00,-1685,-782,434,203,1311,157,858_8/E 190_858_8 Southampton 24 Jun 1715 - 25 Dec 1715 (15).JPG,2103.1,804.2,1677.4,200.9
858/8,1021,38907,E 190_858_8 Southampton 24 Jun 1715 - 25 Dec 1715 (16).JPG,0.7105191176,0.00,-1507,-1310,612,115,1226,121,858_8/E 190_858_8 Southampton 24 Jun 1715 - 25 Dec 1715 (16).JPG,2095.8,1340.7,1725.5,170.3
858/8,1022,38908,E 190_858_8 Southampton 24 Jun 1715 - 25 Dec 1715 (17).JPG,0.7105191176,0.00,-1702,-1954,423,230,1219,204,858_8/E 190_858_8 Southampton 24 Jun 1715 - 25 Dec 1715 (17).JPG,2104.2,2408.9,1715.6,287.1
858/8,1023,38909,E 190_858_8 Southampton 24 Jun 1715 - 25 Dec 1715 (18).JPG,0.5338235294,0.00,-724,-987,548,103,863,117,858_8/E 190_858_8 Southampton 24 Jun 1715 - 25 Dec 1715 (18).JPG,482.6,616.7,1616.6,219.2
858/8,1024,38910,E 190_858_8 Southampton 24 Jun 1715 - 25 Dec 1715 (18).JPG,0.5338235294,0.00,-1566,-1094,581,188,919,115,858_8/E 190_858_8 Southampton 24 Jun 1715 - 25 Dec 1715 (18).JPG,2121.7,976.4,1721.5,215.4
858/8,1025,38911,E 190_858_8 Southampton 24 Jun 1715 - 25 Dec 1715 (20).JPG,0.6459264706,0.00,-1500,-876,626,188,1120,120,858_8/E 190_858_8 Southampton 24 Jun 1715 - 25 Dec 1715 (20).JPG,2098.6,752.6,1733.9,185.8
858/8,1026,38912,E 190_858_8 Southampton 24 Jun 1715 - 25 Dec 1715 (20).JPG,0.6459264706,0.00,-1500,-876,622,282,1120,120,858_8/E 190_858_8 Southampton 24 Jun 1715 - 25 Dec 1715 (20).JPG,2092.4,898.2,1733.9,185.8
858/8,1027,38913,E 190_858_8 Southampton 24 Jun 1715 - 25 Dec 1715 (20).JPG,0.6459264706,0.00,-1500,-876,609,383,1120,120,858_8/E 190_858_8 Southampton 24 Jun 1715 - 25 Dec 1715 (20).JPG,2072.3,1054.5,1733.9,185.8
859/10,1284,39172,E 190_859_10 Southampton 25 Dec 1717 - 24 Jun 1718 (3).JPG,0.8597281324,-6.00,-429,-1166,203,375,1457,210,859_10/E 190_859_10 Southampton 25 Dec 1717 - 24 Jun 1718 (3).JPG,380.1,1526.2,1694.7,244.3
859/10,1285,39173,E 190_859_10 Southampton 25 Dec 1717 - 24 Jun 1718 (8).JPG,0.6459264706,0.00,-1556,-1422,559,350,1130,203,859_10/E 190_859_10 Southampton 25 Dec 1717 - 24 Jun 1718 (8).JPG,2081.6,1848.7,1749.4,314.3
859/10,1286,39174,E 190_859_10 Southampton 25 Dec 1717 - 24 Jun 1718 (9).JPG,0.6459264706,0.00,-1479,-907,641,333,1120,127,859_10/E 190_859_10 Southampton 25 Dec 1717 - 24 Jun 1718 (9).JPG,2089.3,1025.1,1733.9,196.6
859/10,1287,39176,E 190_859_10 Southampton 25 Dec 1717 - 24 Jun 1718 (9).JPG,0.6459264706,0.00,-2107,-1198,18,154,1120,127,859_10/E 190_859_10 Southampton 25 Dec 1717 - 24 Jun 1718 (9).JPG,2097.0,1198.5,1733.9,196.6
859/10,1288,39177,E 190_859_10 Southampton 25 Dec 1717 - 24 Jun 1718 (9).JPG,0.6459264706,0.00,-2107,-1413,13,42,1120,127,859_10/E 190_859_10 Southampton 25 Dec 1717 - 24 Jun 1718 (9).JPG,2089.3,1358.0,1733.9,196.6
859/10,1289,39178,E 190_859_10 Southampton 25 Dec 1717 - 24 Jun 1718 (9).JPG,0.6459264706,0.00,-2107,-1413,13,155,1120,127,859_10/E 190_859_10 Southampton 25 Dec 1717 - 24 Jun 1718 (9).JPG,2089.3,1532.9,1733.9,196.6
859/10,1290,39179,E 190_859_10 Southampton 25 Dec 1717 - 24 Jun 1718 (9).JPG,0.6459264706,0.00,-2107,-1413,5,285,1120,127,859_10/E 190_859_10 Southampton 25 Dec 1717 - 24 Jun 1718 (9).JPG,2076.9,1734.2,1733.9,196.6
859/10,1291,39180,E 190_859_10 Southampton 25 Dec 1717 - 24 Jun 1718 (9).JPG,0.6459264706,0.00,-2112,-1310,3,521,1120,127,859_10/E 190_859_10 Southampton 25 Dec 1717 - 24 Jun 1718 (9).JPG,2081.6,1940.1,1733.9,196.6
859/10,1292,39181,E 190_859_10 Southampton 25 Dec 1717 - 24 Jun 1718 (9).JPG,0.6459264706,0.00,-2112,-1310,3,650,1120,127,859_10/E 190_859_10 Southampton 25 Dec 1717 - 24 Jun 1718 (9).JPG,2081.6,2139.8,1733.9,196.6
859/10,1293,39182,E 190_859_10 Southampton 25 Dec 1717 - 24 Jun 1718 (10).JPG,0.6459264706,0.00,-702,-1514,344,285,1077,135,859_10/E 190_859_10 Southampton 25 Dec 1717 - 24 Jun 1718 (10).JPG,426.6,1890.5,1667.4,209.0
859/10,1294,39183,E 190_859_10 Southampton 25 Dec 1717 - 24 Jun 1718 (11).JPG,0.6459264706,0.00,-724,-637,334,286,1078,210,859_10/E 190_859_10 Southampton 25 Dec 1717 - 24 Jun 1718 (11).JPG,445.2,534.4,1668.9,325.1
859/10,1295,39184,E 190_859_10 Southampton 25 Dec 1717 - 24 Jun 1718 (13).JPG,0.7105191176,3.00,-1521,-923,624,195,1231,133,859_10/E 190_859_10 Southampton 25 Dec 1717 - 24 Jun 1718 (13).JPG,2132.4,908.6,1732.5,187.2
859/10,1296,39185,E 190_859_10 Southampton 25 Dec 1717 - 24 Jun 1718 (13).JPG,0.7105191176,3.00,-1521,-923,610,300,1231,133,859_10/E 190_859_10 Southampton 25 Dec 1717 - 24 Jun 1718 (13).JPG,2112.7,1056.4,1732.5,187.2
859/10,1297,39186,E 190_859_10 Southampton 25 Dec 1717 - 24 Jun 1718 (13).JPG,0.7105191176,3.00,-1521,-923,590,409,1231,133,859_10/E 190_859_10 Southampton 25 Dec 1717 - 24 Jun 1718 (13).JPG,2084.5,1209.8,1732.5,187.2
859/10,1298,39187,E 190_859_10 Southampton 25 Dec 1717 - 24 Jun 1718 (14).JPG,0.6394672059,0.00,-740,-1286,317,129,1081,104,859_10/E 190_859_10 Southampton 25 Dec 1717 - 24 Jun 1718 (14).JPG,426.1,1292.7,1690.5,162.6
859/10,1299,39188,E 190_859_10 Southampton 25 Dec 1717 - 24 Jun 1718 (14).JPG,0.6394672059,0.00,-740,-1286,315,228,1081,104,859_10/E 190_859_10 Southampton 25 Dec 1717 - 24 Jun 1718 (14).JPG,423.0,1447.5,1690.5,162.6
859/10,1300,39189,E 190_859_10 Southampton 25 Dec 1717 - 24 Jun 1718 (14).JPG,0.6394672059,0.00,-740,-1286,315,318,1081,104,859_10/E 190_859_10 Southampton 25 Dec 1717 - 24 Jun 1718 (14).JPG,423.0,1588.2,1690.5,162.6
859/10,1301,39190,E 190_859_10 Southampton 25 Dec 1717 - 24 Jun 1718 (14).JPG,0.6394672059,0.00,-740,-1286,312,419,1081,104,859_10/E 190_859_10 Southampton 25 Dec 1717 - 24 Jun 1718 (14).JPG,418.3,1746.2,1690.5,162.6
859/10,1302,39191,E 190_859_10 Southampton 25 Dec 1717 - 24 Jun 1718 (15).JPG,0.6459264706,0.00,-658,-1464,394,121,1079,125,859_10/E 190_859_10 Southampton 25 Dec 1717 - 24 Jun 1718 (15).JPG,435.9,1559.2,1670.5,193.5
859/10,1303,39192,E 190_859_10 Southampton 25 Dec 1717 - 24 Jun 1718 (15).JPG,0.6459264706,0.00,-658,-1464,383,216,1079,125,859_10/E 190_859_10 Southampton 25 Dec 1717 - 24 Jun 1718 (15).JPG,418.8,1706.3,1670.5,193.5
859/10,1304,39193,E 190_859_10 Southampton 25 Dec 1717 - 24 Jun 1718 (15).JPG,0.6459264706,0.00,-658,-1464,392,308,1079,125,859_10/E 190_859_10 Southampton 25 Dec 1717 - 24 Jun 1718 (15).JPG,432.8,1848.7,1670.5,193.5
859/10,1305,39194,E 190_859_10 Southampton 25 Dec 1717 - 24 Jun 1718 (17).JPG,0.5872058824,0.00,-749,-1519,413,293,974,118,859_10/E 190_859_10 Southampton 25 Dec 1717 - 24 Jun 1718 (17).JPG,449.2,1938.5,1658.7,201.0
859/10,1306,39195,E 190_859_10 Southampton 25 Dec 1717 - 24 Jun 1718 (17).JPG,0.5872058824,0.00,-1630,-790,511,213,974,142,859_10/E 190_859_10 Southampton 25 Dec 1717 - 24 Jun 1718 (17).JPG,2116.4,560.8,1658.7,241.8
859/10,1307,39196,E 190_859_10 Southampton 25 Dec 1717 - 24 Jun 1718 (17).JPG,0.5872058824,0.00,-1630,-790,521,298,974,142,859_10/E 190_859_10 Southampton 25 Dec 1717 - 24 Jun 1718 (17).JPG,2133.4,705.6,1658.7,241.8
859/10,1308,39197,E 190_859_10 Southampton 25 Dec 1717 - 24 Jun 1718 (17).JPG,0.5872058824,0.00,-1630,-790,514,409,974,142,859_10/E 190_859_10 Southampton 25 Dec 1717 - 24 Jun 1718 (17).JPG,2121.5,894.6,1658.7,241.8
859/10,1309,39198,E 190_859_10 Southampton 25 Dec 1717 - 24 Jun 1718 (17).JPG,0.5872058824,0.00,-1630,-790,516,519,974,142,859_10/E 190_859_10 Southampton 25 Dec 1717 - 24 Jun 1718 (17).JPG,2124.9,1081.9,1658.7,241.8
859/10,1310,39199,E 190_859_10 Southampton 25 Dec 1717 - 24 Jun 1718 (17).JPG,0.5872058824,0.00,-1630,-790,514,623,974,142,859_10/E 190_859_10 Southampton 25 Dec 1717 - 24 Jun 1718 (17).JPG,2121.5,1259.0,1658.7,241.8
859/10,1311,39200,E 190_859_10 Southampton 25 Dec 1717 - 24 Jun 1718 (17).JPG,0.5872058824,0.00,-1624,-1279,531,239,974,142,859_10/E 190_859_10 Southampton 25 Dec 1717 - 24 Jun 1718 (17).JPG,2140.2,1437.9,1658.7,241.8
859/10,1312,39201,E 190_859_10 Southampton 25 Dec 1717 - 24 Jun 1718 (18).JPG,0.5872058824,-3.00,-675,-1087,478,264,979,124,859_10/E 190_859_10 Southampton 25 Dec 1717 - 24 Jun 1718 (18).JPG,433.9,1153.5,1667.2,211.2
859/10,1313,39202,E 190_859_10 Southampton 25 Dec 1717 - 24 Jun 1718 (18).JPG,0.5872058824,-3.00,-692,-1213,465,621,979,108,859_10/E 190_859_10 Southampton 25 Dec 1717 - 24 Jun 1718 (18).JPG,440.7,1976.0,1667.2,183.9
859/10,1314,39203,E 190_859_10 Southampton 25 Dec 1717 - 24 Jun 1718 (18).JPG,0.5872058824,0.00,-1509,-1218,641,88,979,108,859_10/E 190_859_10 Southampton 25 Dec 1717 - 24 Jun 1718 (18).JPG,2131.7,1076.8,1667.2,183.9
859/10,1315,39204,E 190_859_10 Southampton 25 Dec 1717 - 24 Jun 1718 (18).JPG,0.5872058824,0.00,-1509,-1218,641,171,979,108,859_10/E 190_859_10 Southampton 25 Dec 1717 - 24 Jun 1718 (18).JPG,2131.7,1218.2,1667.2,183.9
859/10,1316,39205,E 190_859_10 Southampton 25 Dec 1717 - 24 Jun 1718 (18).JPG,0.5872058824,0.00,-1509,-1218,639,269,979,128,859_10/E 190_859_10 Southampton 25 Dec 1717 - 24 Jun 1718 (18).JPG,2128.3,1385.1,1667.2,218.0
859/10,1317,39206,E 190_859_10 Southampton 25 Dec 1717 - 24 Jun 1718 (18).JPG,0.5872058824,0.00,-1509,-1218,644,352,979,128,859_10/E 190_859_10 Southampton 25 Dec 1717 - 24 Jun 1718 (18).JPG,2136.8,1526.4,1667.2,218.0
859/10,1318,39207,E 190_859_10 Southampton 25 Dec 1717 - 24 Jun 1718 (18).JPG,0.5872058824,0.00,-1509,-1218,641,454,979,128,859_10/E 190_859_10 Southampton 25 Dec 1717 - 24 Jun 1718 (18).JPG,2131.7,1700.1,1667.2,218.0
859/10,1319,39208,E 190_859_10 Southampton 25 Dec 1717 - 24 Jun 1718 (43).JPG,0.6459264706,-180.00,-583,-1658,425,222,1097,191,859_10/E 190_859_10 Southampton 25 Dec 1717 - 24 Jun 1718 (43).JPG,367.7,2015.9,1698.3,295.7
859/9,1407,39297,E 190_859_9 Southampton 24 Jun 1717 - 25 Dec 1717 (8).JPG,0.5872058824,3.00,-1572,-1440,540,191,1030,136,859_9/E 190_859_9 Southampton 24 Jun 1717 - 25 Dec 1717 (8).JPG,2067.0,1630.3,1754.1,231.6
859/9,1408,39298,E 190_859_9 Southampton 24 Jun 1717 - 25 Dec 1717 (8).JPG,0.5872058824,3.00,-1572,-1440,537,305,1030,113,859_9/E 190_859_9 Southampton 24 Jun 1717 - 25 Dec 1717 (8).JPG,2061.9,1824.4,1754.1,192.4
859/9,1409,39299,E 190_859_9 Southampton 24 Jun 1717 - 25 Dec 1717 (9).JPG,0.7105191176,0.00,-841,-1723,128,355,1169,138,859_9/E 190_859_9 Southampton 24 Jun 1717 - 25 Dec 1717 (9).JPG,477.2,2259.7,1645.3,194.2
859/9,1410,39300,E 190_859_9 Southampton 24 Jun 1717 - 25 Dec 1717 (12).JPG,0.8597281324,0.00,-676,-1388,39,253,1414,215,859_9/E 190_859_9 Southampton 24 Jun 1717 - 25 Dec 1717 (12).JPG,476.6,1642.5,1644.7,250.1
859/9,1411,39301,E 190_859_9 Southampton 24 Jun 1717 - 25 Dec 1717 (15).JPG,0.7105191176,3.00,-1605,-853,536,406,1224,154,859_9/E 190_859_9 Southampton 24 Jun 1717 - 25 Dec 1717 (15).JPG,2126.7,1107.0,1722.7,216.7
859/9,1412,39302,E 190_859_9 Southampton 24 Jun 1717 - 25 Dec 1717 (15).JPG,0.7432662723,3.00,-1739,-1889,415,144,1224,251,859_9/E 190_859_9 Southampton 24 Jun 1717 - 25 Dec 1717 (15).JPG,2146.4,2171.5,1646.8,337.7
859/9,1413,39303,E 190_859_9 Southampton 24 Jun 1717 - 25 Dec 1717 (16).JPG,0.5872058824,0.00,-801,-903,346,152,980,141,859_9/E 190_859_9 Southampton 24 Jun 1717 - 25 Dec 1717 (16).JPG,423.6,649.4,1668.9,240.1
859/9,1414,39304,E 190_859_9 Southampton 24 Jun 1717 - 25 Dec 1717 (17).JPG,0.6394672059,3.00,-1602,-1226,544,95,1071,131,859_9/E 190_859_9 Southampton 24 Jun 1717 - 25 Dec 1717 (17).JPG,2129.1,1145.7,1674.8,204.9
859/9,1415,39305,E 190_859_9 Southampton 24 Jun 1717 - 25 Dec 1717 (17).JPG,0.6394672059,3.00,-1602,-1226,539,197,1071,131,859_9/E 190_859_9 Southampton 24 Jun 1717 - 25 Dec 1717 (17).JPG,2121.3,1305.2,1674.8,204.9
859/9,1416,39306,E 190_859_9 Southampton 24 Jun 1717 - 25 Dec 1717 (18).JPG,0.7815710294,3.00,-621,-1978,200,60,1311,153,859_9/E 190_859_9 Southampton 24 Jun 1717 - 25 Dec 1717 (18).JPG,442.3,2151.5,1677.4,195.8
859/9,1417,39307,E 190_859_9 Southampton 24 Jun 1717 - 25 Dec 1717 (19).JPG,0.5872058824,3.00,-801,-1630,344,190,999,123,859_9/E 190_859_9 Southampton 24 Jun 1717 - 25 Dec 1717 (19).JPG,420.2,1952.2,1701.3,209.5
859/9,1418,39308,E 190_859_9 Southampton 24 Jun 1717 - 25 Dec 1717 (19).JPG,0.5872058824,3.00,-801,-1630,342,262,999,123,859_9/E 190_859_9 Southampton 24 Jun 1717 - 25 Dec 1717 (19).JPG,416.8,2074.8,1701.3,209.5
859/9,1419,39309,E 190_859_9 Southampton 24 Jun 1717 - 25 Dec 1717 (21).JPG,0.7105191176,0.00,-840,-1081,107,166,1207,358,859_9/E 190_859_9 Southampton 24 Jun 1717 - 25 Dec 1717 (21).JPG,446.3,1090.1,1698.8,503.9
859/9,1420,39310,E 190_859_9 Southampton 24 Jun 1717 - 25 Dec 1717 (23).JPG,0.6459264706,0.00,-753,-1506,325,134,1086,142,859_9/E 190_859_9 Southampton 24 Jun 1717 - 25 Dec 1717 (23).JPG,476.1,1644.4,1681.3,219.8
859/9,1421,39311,E 190_859_9 Southampton 24 Jun 1717 - 25 Dec 1717 (23).JPG,0.6459264706,0.00,-753,-1506,324,239,1086,142,859_9/E 190_859_9 Southampton 24 Jun 1717 - 25 Dec 1717 (23).JPG,474.6,1806.9,1681.3,219.8
859/9,1422,39312,E 190_859_9 Southampton 24 Jun 1717 - 25 Dec 1717 (23).JPG,0.6459264706,0.00,-753,-1506,322,362,1086,142,859_9/E 190_859_9 Southampton 24 Jun 1717 - 25 Dec 1717 (23).JPG,471.5,1997.4,1681.3,219.8
859/9,1425,39315,E 190_859_9 Southampton 24 Jun 1717 - 25 Dec 1717 (33).JPG,0.7105191176,-180.00,-1689,-1281,486,108,1196,202,859_9/E 190_859_9 Southampton 24 Jun 1717 - 25 Dec 1717 (33).JPG,2174.6,1290.0,1683.3,284.3
859/9,1424,39314,E 190_859_9 Southampton 24 Jun 1717 - 25 Dec 1717 (34).JPG,0.6459264706,-180.00,-772,-1094,348,129,1054,269,859_9/E 190_859_9 Southampton 24 Jun 1717 - 25 Dec 1717 (34).JPG,541.1,998.8,1631.8,416.5
859/9,1423,39313,E 190_859_9 Southampton 24 Jun 1717 - 25 Dec 1717 (36).JPG,0.6459264706,-180.00,-1531,-942,646,333,1089,219,859_9/E 190_859_9 Southampton 24 Jun 1717 - 25 Dec 1717 (36).JPG,2177.5,1079.3,1686.0,339.0
860/5,1706,39597,E 190_860_5 Southampton 24 Jun 1718 - 25 Dec 1718 (11).JPG,0.5560552220,-3.00,-1876,-1619,269,205,944,112,860_5/E 190_860_5 Southampton 24 Jun 1718 - 25 Dec 1718 (11).JPG,2120.3,1977.3,1697.7,201.4
860/5,1707,39598,E 190_860_5 Southampton 24 Jun 1718 - 25 Dec 1718 (13).JPG,0.5504946697,0.00,-994,-1783,243,156,896,97,860_5/E 190_860_5 Southampton 24 Jun 1718 - 25 Dec 1718 (13).JPG,470.3,2189.7,1627.6,176.2
860/5,1708,39599,E 190_860_5 Southampton 24 Jun 1718 - 25 Dec 1718 (14).JPG,0.5560552220,0.00,-1874,-1303,259,114,910,102,860_5/E 190_860_5 Southampton 24 Jun 1718 - 25 Dec 1718 (14).JPG,2098.7,1245.3,1636.5,183.4
860/5,1709,39600,E 190_860_5 Southampton 24 Jun 1718 - 25 Dec 1718 (15).JPG,0.5055047472,-3.00,-1015,-1063,295,58,804,114,860_5/E 190_860_5 Southampton 24 Jun 1718 - 25 Dec 1718 (15).JPG,462.9,621.1,1590.5,225.5
860/5,1710,39601,E 190_860_5 Southampton 24 Jun 1718 - 25 Dec 1718 (15).JPG,0.5055047472,-3.00,-1015,-1063,295,161,804,88,860_5/E 190_860_5 Southampton 24 Jun 1718 - 25 Dec 1718 (15).JPG,462.9,824.9,1590.5,174.1
860/5,1711,39602,E 190_860_5 Southampton 24 Jun 1718 - 25 Dec 1718 (15).JPG,0.5055047472,-3.00,-1015,-1063,302,236,804,88,860_5/E 190_860_5 Southampton 24 Jun 1718 - 25 Dec 1718 (15).JPG,476.7,973.3,1590.5,174.1
860/5,1712,39603,E 190_860_5 Southampton 24 Jun 1718 - 25 Dec 1718 (15).JPG,0.5055047472,-3.00,-1015,-1063,307,307,804,88,860_5/E 190_860_5 Southampton 24 Jun 1718 - 25 Dec 1718 (15).JPG,486.6,1113.7,1590.5,174.1
860/5,1713,39604,E 190_860_5 Southampton 24 Jun 1718 - 25 Dec 1718 (15).JPG,0.6116607442,0.00,-1970,-1315,153,134,1009,124,860_5/E 190_860_5 Southampton 24 Jun 1718 - 25 Dec 1718 (15).JPG,2089.4,1332.8,1649.6,202.7
860/5,1714,39605,E 190_860_5 Southampton 24 Jun 1718 - 25 Dec 1718 (17).JPG,0.5055047472,0.00,-1803,-1131,331,91,838,98,860_5/E 190_860_5 Southampton 24 Jun 1718 - 25 Dec 1718 (17).JPG,2092.9,820.9,1657.7,193.9
860/5,1715,39606,E 190_860_5 Southampton 24 Jun 1718 - 25 Dec 1718 (18).JPG,0.5560552220,0.00,-898,-1298,328,71,904,105,860_5/E 190_860_5 Southampton 24 Jun 1718 - 25 Dec 1718 (18).JPG,467.5,1159.0,1625.7,188.8
860/5,1716,39607,E 190_860_5 Southampton 24 Jun 1718 - 25 Dec 1718 (18).JPG,0.5560552220,0.00,-898,-1298,323,145,904,105,860_5/E 190_860_5 Southampton 24 Jun 1718 - 25 Dec 1718 (18).JPG,458.5,1292.1,1625.7,188.8
860/5,1717,39608,E 190_860_5 Southampton 24 Jun 1718 - 25 Dec 1718 (18).JPG,0.5560552220,0.00,-898,-1298,324,224,904,105,860_5/E 190_860_5 Southampton 24 Jun 1718 - 25 Dec 1718 (18).JPG,460.3,1434.2,1625.7,188.8
860/5,1718,39609,E 190_860_5 Southampton 24 Jun 1718 - 25 Dec 1718 (20).JPG,0.5560552220,0.00,-1814,-1057,313,124,924,95,860_5/E 190_860_5 Southampton 24 Jun 1718 - 25 Dec 1718 (20).JPG,2087.9,820.9,1661.7,170.8
860/5,1719,39610,E 190_860_5 Southampton 24 Jun 1718 - 25 Dec 1718 (22).JPG,0.6116607442,0.00,-884,-1533,226,210,1023,111,860_5/E 190_860_5 Southampton 24 Jun 1718 - 25 Dec 1718 (22).JPG,433.2,1813.5,1672.5,181.5
860/5,1720,39611,E 190_860_5 Southampton 24 Jun 1718 - 25 Dec 1718 (22).JPG,0.6066056967,-3.00,-2009,-1730,121,151,1023,111,860_5/E 190_860_5 Southampton 24 Jun 1718 - 25 Dec 1718 (22).JPG,2100.2,2042.5,1686.4,183.0
860/5,1721,39612,E 190_860_5 Southampton 24 Jun 1718 - 25 Dec 1718 (22).JPG,0.6066056967,-3.00,-2017,-1816,121,151,1023,111,860_5/E 190_860_5 Southampton 24 Jun 1718 - 25 Dec 1718 (22).JPG,2113.4,2184.3,1686.4,183.0
860/5,1722,39613,E 190_860_5 Southampton 24 Jun 1718 - 25 Dec 1718 (39).JPG,0.4549542725,-180.00,-1249,-1507,154,83,759,164,860_5/E 190_860_5 Southampton 24 Jun 1718 - 25 Dec 1718 (39).JPG,476.9,1539.7,1668.3,360.5
860/6,972,38858,E 190_860_6 Southampton 25 Dec 1718 - 24 Jun 1719 (7).JPG,0.6459264706,0.00,-719,-1992,106,113,1278,179,860_6/E 190_860_6 Southampton 25 Dec 1718 - 24 Jun 1719 (7).JPG,84.4,2364.3,1978.6,277.1
860/6,973,38859,E 190_860_6 Southampton 25 Dec 1718 - 24 Jun 1719 (8).JPG,0.7815710294,0.00,-361,-647,139,105,1581,207,860_6/E 190_860_6 Southampton 25 Dec 1718 - 24 Jun 1719 (8).JPG,31.6,506.1,2022.8,264.9
860/6,974,38860,E 190_860_6 Southampton 25 Dec 1718 - 24 Jun 1719 (8).JPG,0.7815710294,0.00,-361,-647,143,275,1581,161,860_6/E 190_860_6 Southampton 25 Dec 1718 - 24 Jun 1719 (8).JPG,36.7,723.6,2022.8,206.0
860/6,975,38861,E 190_860_6 Southampton 25 Dec 1718 - 24 Jun 1719 (9).JPG,0.7815710294,0.00,-385,-721,137,42,1575,307,860_6/E 190_860_6 Southampton 25 Dec 1718 - 24 Jun 1719 (9).JPG,59.7,520.1,2015.2,392.8
860/6,976,38862,E 190_860_6 Southampton 25 Dec 1718 - 24 Jun 1719 (9).JPG,0.7105191176,0.00,-1692,-1288,405,32,1453,158,860_6/E 190_860_6 Southampton 25 Dec 1718 - 24 Jun 1719 (9).JPG,2064.8,1192.9,2045.0,222.4
860/6,977,38863,E 190_860_6 Southampton 25 Dec 1718 - 24 Jun 1719 (9).JPG,0.7105191176,0.00,-1692,-1288,403,176,1453,158,860_6/E 190_860_6 Southampton 25 Dec 1718 - 24 Jun 1719 (9).JPG,2062.0,1395.6,2045.0,222.4
860/6,979,38865,E 190_860_6 Southampton 25 Dec 1718 - 24 Jun 1719 (9).JPG,0.7105191176,0.00,-2094,-1566,13,42,1453,158,860_6/E 190_860_6 Southampton 25 Dec 1718 - 24 Jun 1719 (9).JPG,2078.9,1598.2,2045.0,222.4
860/6,980,38866,E 190_860_6 Southampton 25 Dec 1718 - 24 Jun 1719 (9).JPG,0.7583575883,0.00,-2144,-1578,17,175,1453,158,860_6/E 190_860_6 Southampton 25 Dec 1718 - 24 Jun 1719 (9).JPG,2156.2,1791.6,1916.0,208.3
860/6,981,38867,E 190_860_6 Southampton 25 Dec 1718 - 24 Jun 1719 (11).JPG,0.8511308510,0.00,-1979,-2117,111,151,1700,216,860_6/E 190_860_6 Southampton 25 Dec 1718 - 24 Jun 1719 (11).JPG,2075.0,2379.2,1997.3,253.8
860/6,982,38868,E 190_860_6 Southampton 25 Dec 1718 - 24 Jun 1719 (12).JPG,0.8597281324,0.00,-296,-437,99,207,1684,200,860_6/E 190_860_6 Southampton 25 Dec 1718 - 24 Jun 1719 (12).JPG,104.4,482.8,1958.8,232.6
860/6,983,38869,E 190_860_6 Southampton 25 Dec 1718 - 24 Jun 1719 (12).JPG,0.8511308510,0.00,-364,-1213,53,54,1684,367,860_6/E 190_860_6 Southampton 25 Dec 1718 - 24 Jun 1719 (12).JPG,109.3,1203.2,1978.5,431.2
860/6,984,38870,E 190_860_6 Southampton 25 Dec 1718 - 24 Jun 1719 (13).JPG,0.6459264706,0.00,-521,-962,299,44,1293,131,860_6/E 190_860_6 Southampton 25 Dec 1718 - 24 Jun 1719 (13).JPG,76.7,662.8,2001.8,202.8
860/6,985,38871,E 190_860_6 Southampton 25 Dec 1718 - 24 Jun 1719 (13).JPG,0.6459264706,0.00,-504,-962,300,142,1293,131,860_6/E 190_860_6 Southampton 25 Dec 1718 - 24 Jun 1719 (13).JPG,51.9,814.6,2001.8,202.8
860/6,986,38872,E 190_860_6 Southampton 25 Dec 1718 - 24 Jun 1719 (13).JPG,0.6459264706,0.00,-504,-962,307,245,1293,131,860_6/E 190_860_6 Southampton 25 Dec 1718 - 24 Jun 1719 (13).JPG,62.8,974.0,2001.8,202.8
860/6,987,38873,E 190_860_6 Southampton 25 Dec 1718 - 24 Jun 1719 (13).JPG,0.6459264706,0.00,-504,-962,311,345,1293,131,860_6/E 190_860_6 Southampton 25 Dec 1718 - 24 Jun 1719 (13).JPG,68.9,1128.8,2001.8,202.8
860/6,988,38874,E 190_860_6 Southampton 25 Dec 1718 - 24 Jun 1719 (15).JPG,0.6459264706,0.00,-583,-855,254,141,1281,168,860_6/E 190_860_6 Southampton 25 Dec 1718 - 24 Jun 1719 (15).JPG,103.0,647.4,1983.2,260.1
860/6,989,38875,E 190_860_6 Southampton 25 Dec 1718 - 24 Jun 1719 (15).JPG,0.6459264706,0.00,-583,-855,240,279,1281,168,860_6/E 190_860_6 Southampton 25 Dec 1718 - 24 Jun 1719 (15).JPG,81.3,861.0,1983.2,260.1
860/6,990,38876,E 190_860_6 Southampton 25 Dec 1718 - 24 Jun 1719 (16).JPG,0.7105191176,-3.00,-1799,-1560,313,76,1465,139,860_6/E 190_860_6 Southampton 25 Dec 1718 - 24 Jun 1719 (16).JPG,2085.9,1637.6,2061.9,195.6
860/6,991,38877,E 190_860_6 Southampton 25 Dec 1718 - 24 Jun 1719 (16).JPG,0.7105191176,-3.00,-1799,-1560,310,172,1465,139,860_6/E 190_860_6 Southampton 25 Dec 1718 - 24 Jun 1719 (16).JPG,2081.7,1772.7,2061.9,195.6
860/6,992,38878,E 190_860_6 Southampton 25 Dec 1718 - 24 Jun 1719 (16).JPG,0.7105191176,-3.00,-1799,-1560,307,273,1465,139,860_6/E 190_860_6 Southampton 25 Dec 1718 - 24 Jun 1719 (16).JPG,2077.5,1914.9,2061.9,195.6
860/6,993,38879,E 190_860_6 Southampton 25 Dec 1718 - 24 Jun 1719 (16).JPG,0.7105191176,-3.00,-1799,-1560,323,379,1465,139,860_6/E 190_860_6 Southampton 25 Dec 1718 - 24 Jun 1719 (16).JPG,2100.0,2064.1,2061.9,195.6
860/6,994,38880,E 190_860_6 Southampton 25 Dec 1718 - 24 Jun 1719 (18).JPG,0.6459264706,-3.00,-1689,-1187,470,62,1321,138,860_6/E 190_860_6 Southampton 25 Dec 1718 - 24 Jun 1719 (18).JPG,2149.7,1039.1,2045.1,213.6
860/6,995,38881,E 190_860_6 Southampton 25 Dec 1718 - 24 Jun 1719 (18).JPG,0.6459264706,-3.00,-1689,-1187,461,190,1321,138,860_6/E 190_860_6 Southampton 25 Dec 1718 - 24 Jun 1719 (18).JPG,2135.7,1237.2,2045.1,213.6
860/6,996,38882,E 190_860_6 Southampton 25 Dec 1718 - 24 Jun 1719 (18).JPG,0.6459264706,-3.00,-1689,-1187,478,290,1321,138,860_6/E 190_860_6 Southampton 25 Dec 1718 - 24 Jun 1719 (18).JPG,2162.1,1392.0,2045.1,213.6
860/6,997,38883,E 190_860_6 Southampton 25 Dec 1718 - 24 Jun 1719 (18).JPG,0.6459264706,-3.00,-1689,-1187,479,388,1321,138,860_6/E 190_860_6 Southampton 25 Dec 1718 - 24 Jun 1719 (18).JPG,2163.6,1543.8,2045.1,213.6
860/6,998,38884,E 190_860_6 Southampton 25 Dec 1718 - 24 Jun 1719 (18).JPG,0.6459264706,-3.00,-1806,-1814,380,158,1321,219,860_6/E 190_860_6 Southampton 25 Dec 1718 - 24 Jun 1719 (18).JPG,2191.5,2158.4,2045.1,339.0
861/5,957,38843,E 190_861_5 Southampton 24 Jun 1719 - 25 Dec 1719 (10).JPG,0.6459264706,0.00,-621,-1734,310,349,1208,169,861_5/E 190_861_5 Southampton 24 Jun 1719 - 25 Dec 1719 (10).JPG,248.5,2330.2,1870.2,261.6
861/5,958,38844,E 190_861_5 Southampton 24 Jun 1719 - 25 Dec 1719 (10).JPG,0.7211905207,3.00,-1818,-566,310,240,1434,189,861_5/E 190_861_5 Southampton 24 Jun 1719 - 25 Dec 1719 (10).JPG,2109.4,486.7,1988.4,262.1
861/5,959,38845,E 190_861_5 Southampton 24 Jun 1719 - 25 Dec 1719 (10).JPG,0.7211905207,3.00,-1818,-566,300,403,1434,153,861_5/E 190_861_5 Southampton 24 Jun 1719 - 25 Dec 1719 (10).JPG,2095.6,712.7,1988.4,212.1
861/5,960,38846,E 190_861_5 Southampton 24 Jun 1719 - 25 Dec 1719 (11).JPG,0.6459264706,0.00,-515,-1793,385,114,1245,140,861_5/E 190_861_5 Southampton 24 Jun 1719 - 25 Dec 1719 (11).JPG,200.5,2057.7,1927.5,216.7
861/5,961,38847,E 190_861_5 Southampton 24 Jun 1719 - 25 Dec 1719 (11).JPG,0.6459264706,0.00,-503,-1794,387,227,1245,123,861_5/E 190_861_5 Southampton 24 Jun 1719 - 25 Dec 1719 (11).JPG,185.1,2234.2,1927.5,190.4
861/5,962,38848,E 190_861_5 Southampton 24 Jun 1719 - 25 Dec 1719 (13).JPG,0.6459264706,0.00,-1526,-1558,587,109,1306,128,861_5/E 190_861_5 Southampton 24 Jun 1719 - 25 Dec 1719 (13).JPG,2078.5,1686.2,2021.9,198.2
861/5,963,38849,E 190_861_5 Southampton 24 Jun 1719 - 25 Dec 1719 (13).JPG,0.6894159893,0.00,-1686,-1615,462,168,1306,128,861_5/E 190_861_5 Southampton 24 Jun 1719 - 25 Dec 1719 (13).JPG,2135.4,1851.0,1894.4,185.7
861/5,964,38850,E 190_861_5 Southampton 24 Jun 1719 - 25 Dec 1719 (13).JPG,0.7583575883,0.00,-1828,-1882,284,40,1518,186,861_5/E 190_861_5 Southampton 24 Jun 1719 - 25 Dec 1719 (13).JPG,2091.6,2014.4,2001.7,245.3
861/5,965,38851,E 190_861_5 Southampton 24 Jun 1719 - 25 Dec 1719 (13).JPG,0.7583575883,0.00,-1828,-1882,286,203,1518,186,861_5/E 190_861_5 Southampton 24 Jun 1719 - 25 Dec 1719 (13).JPG,2094.2,2229.3,2001.7,245.3
861/5,966,38852,E 190_861_5 Southampton 24 Jun 1719 - 25 Dec 1719 (14).JPG,0.7105191176,0.00,-505,-1688,240,207,1369,117,861_5/E 190_861_5 Southampton 24 Jun 1719 - 25 Dec 1719 (14).JPG,162.0,2002.2,1926.8,164.7
861/5,967,38853,E 190_861_5 Southampton 24 Jun 1719 - 25 Dec 1719 (16).JPG,0.6459264706,0.00,-1630,-1312,492,129,1273,109,861_5/E 190_861_5 Southampton 24 Jun 1719 - 25 Dec 1719 (16).JPG,2092.4,1336.3,1970.8,168.7
861/5,968,38854,E 190_861_5 Southampton 24 Jun 1719 - 25 Dec 1719 (16).JPG,0.6459264706,0.00,-1630,-1312,499,226,1273,109,861_5/E 190_861_5 Southampton 24 Jun 1719 - 25 Dec 1719 (16).JPG,2103.2,1486.5,1970.8,168.7
861/5,969,38855,E 190_861_5 Southampton 24 Jun 1719 - 25 Dec 1719 (16).JPG,0.6459264706,0.00,-1630,-1312,496,317,1273,109,861_5/E 190_861_5 Southampton 24 Jun 1719 - 25 Dec 1719 (16).JPG,2098.6,1627.4,1970.8,168.7
861/5,970,38856,E 190_861_5 Southampton 24 Jun 1719 - 25 Dec 1719 (17).JPG,0.6459264706,0.00,-1672,-1663,473,195,1267,152,861_5/E 190_861_5 Southampton 24 Jun 1719 - 25 Dec 1719 (17).JPG,2128.0,1981.9,1961.5,235.3
861/5,971,38857,E 190_861_5 Southampton 24 Jun 1719 - 25 Dec 1719 (18).JPG,0.7105191176,0.00,-1710,-926,416,151,1389,152,861_5/E 190_861_5 Southampton 24 Jun 1719 - 25 Dec 1719 (18).JPG,2105.6,850.9,1954.9,213.9
864/1,61,37902,E 190_864_1 Poole 22 Apr 1565 - 29 Sep 1565 (5).JPG,0.7815710294,-3.00,-740,-695,99,37,1350,484,864_1/E 190_864_1 Poole 22 Apr 1565 - 29 Sep 1565 (5).JPG,465.3,480.5,1727.3,619.3
864/1,62,37903,E 190_864_1 Poole 22 Apr 1565 - 29 Sep 1565 (5).JPG,0.9084365550,-3.00,-613,-1126,99,37,1496,311,864_1/E 190_864_1 Poole 22 Apr 1565 - 29 Sep 1565 (5).JPG,564.4,1115.7,1646.8,342.3
864/1,63,37904,E 190_864_1 Poole 22 Apr 1565 - 29 Sep 1565 (5).JPG,0.9084365550,-3.00,-613,-1126,56,355,1549,286,864_1/E 190_864_1 Poole 22 Apr 1565 - 29 Sep 1565 (5).JPG,517.1,1465.8,1705.1,314.8
864/1,64,37905,E 190_864_1 Poole 22 Apr 1565 - 29 Sep 1565 (5).JPG,0.9084365550,-3.00,-697,-1762,13,42,1518,367,864_1/E 190_864_1 Poole 22 Apr 1565 - 29 Sep 1565 (5).JPG,562.2,1821.3,1671.0,404.0
864/1,65,37906,E 190_864_1 Poole 22 Apr 1565 - 29 Sep 1565 (5).JPG,0.9084365550,0.00,-635,-2104,13,42,1569,295,864_1/E 190_864_1 Poole 22 Apr 1565 - 29 Sep 1565 (5).JPG,494.0,2197.8,1727.1,324.7
864/4,123,37964,E 190_864_4 Poole 29 Sep 1565 - 14 Apr 1566 (8).JPG,0.8597281324,3.00,-1836,-1369,363,212,1423,306,864_4/E 190_864_4 Poole 29 Sep 1565 - 14 Apr 1566 (8).JPG,2202.8,1572.7,1655.2,355.9
864/7,48,37891,E 190_864_7 Poole 29 Sep 1566 - 29 Sep 1567 (2).JPG,0.7813674953,0.00,-1918,-835,248,159,1381,323,864_7/E 190_864_7 Poole 29 Sep 1566 - 29 Sep 1567 (2).JPG,2163.2,815.5,1767.4,413.4
864/7,49,37892,E 190_864_7 Poole 29 Sep 1566 - 29 Sep 1567 (2).JPG,0.7813674953,0.00,-1918,-835,270,459,1313,259,864_7/E 190_864_7 Poole 29 Sep 1566 - 29 Sep 1567 (2).JPG,2191.4,1199.4,1680.4,331.5
864/7,50,37893,E 190_864_7 Poole 29 Sep 1566 - 29 Sep 1567 (2).JPG,0.7813674953,0.00,-2175,-1252,34,289,1311,220,864_7/E 190_864_7 Poole 29 Sep 1566 - 29 Sep 1567 (2).JPG,2218.2,1515.5,1677.8,281.6
864/7,51,37894,E 190_864_7 Poole 29 Sep 1566 - 29 Sep 1567 (2).JPG,0.7813674953,0.00,-2196,-1499,20,235,1314,301,864_7/E 190_864_7 Poole 29 Sep 1566 - 29 Sep 1567 (2).JPG,2227.2,1762.5,1681.7,385.2
864/7,149,37895,E 190_864_7 Poole 29 Sep 1566 - 29 Sep 1567 (2).JPG,0.9173737202,0.00,-2191,-2019,13,42,1488,288,864_7/E 190_864_7 Poole 29 Sep 1566 - 29 Sep 1567 (2).JPG,2206.5,2099.6,1622.0,313.9
864/7,150,37896,E 190_864_7 Poole 29 Sep 1566 - 29 Sep 1567 (2).JPG,0.9173737202,0.00,-2206,-2269,13,42,1598,335,864_7/E 190_864_7 Poole 29 Sep 1566 - 29 Sep 1567 (2).JPG,2222.9,2372.2,1741.9,365.2
864/7,54,37897,E 190_864_7 Poole 29 Sep 1566 - 29 Sep 1567 (5).JPG,0.8511308510,3.00,-1939,-369,287,309,1434,300,864_7/E 190_864_7 Poole 29 Sep 1566 - 29 Sep 1567 (5).JPG,2234.7,511.1,1684.8,352.5
864/7,55,37898,E 190_864_7 Poole 29 Sep 1566 - 29 Sep 1567 (6).JPG,0.9457009456,0.00,-547,-464,105,384,1522,243,864_7/E 190_864_7 Poole 29 Sep 1566 - 29 Sep 1567 (6).JPG,564.5,803.0,1609.4,257.0
864/7,57,37899,E 190_864_7 Poole 29 Sep 1566 - 29 Sep 1567 (6).JPG,0.7815710294,3.00,-2186,-927,20,93,1333,431,864_7/E 190_864_7 Poole 29 Sep 1566 - 29 Sep 1567 (6).JPG,2214.4,849.0,1705.5,551.5
864/7,58,37900,E 190_864_7 Poole 29 Sep 1566 - 29 Sep 1567 (6).JPG,0.7815710294,3.00,-2165,-1410,13,42,1333,276,864_7/E 190_864_7 Poole 29 Sep 1566 - 29 Sep 1567 (6).JPG,2178.6,1401.7,1705.5,353.1
864/7,59,37901,E 190_864_7 Poole 29 Sep 1566 - 29 Sep 1567 (15).JPG,0.7034139265,0.00,-1015,-742,41,67,1198,425,864_7/E 190_864_7 Poole 29 Sep 1566 - 29 Sep 1567 (15).JPG,583.8,462.0,1703.1,604.2
865/1,162,38001,E 190_865_1 Poole 29 Sep 1571 - 29 Sep 1572 (20).JPG,0.5167411765,0.00,-1881,-837,404,354,854,162,865_1/E 190_865_1 Poole 29 Sep 1571 - 29 Sep 1572 (20).JPG,2386.9,778.6,1652.7,313.5
865/11,119,37960,E 190_865_11 Poole 03 Apr 1586 - 29 Sep 1586 (2).JPG,0.8511308510,0.00,-1888,-732,421,300,1464,225,865_11/E 190_865_11 Poole 03 Apr 1586 - 29 Sep 1586 (2).JPG,2332.3,927.1,1720.1,264.4
865/11,120,37961,E 190_865_11 Poole 03 Apr 1586 - 29 Sep 1586 (2).JPG,0.8511308510,0.00,-1897,-1372,421,300,1464,225,865_11/E 190_865_11 Poole 03 Apr 1586 - 29 Sep 1586 (2).JPG,2342.8,1679.0,1720.1,264.4
865/11,121,37962,E 190_865_11 Poole 03 Apr 1586 - 29 Sep 1586 (2).JPG,0.8511308510,0.00,-1894,-1582,421,300,1464,225,865_11/E 190_865_11 Poole 03 Apr 1586 - 29 Sep 1586 (2).JPG,2339.3,1925.7,1720.1,264.4
865/11,122,37963,E 190_865_11 Poole 03 Apr 1586 - 29 Sep 1586 (3).JPG,0.7815710294,0.00,-514,-628,254,173,1348,190,865_11/E 190_865_11 Poole 03 Apr 1586 - 29 Sep 1586 (3).JPG,374.5,568.8,1724.7,243.1
865/18,124,37965,E 190_865_18 Poole 29 Sep 1587 - 07 Apr 1588 (1).JPG,0.8903586675,0.00,-2036,-763,233,288,1435,211,865_18/E 190_865_18 Poole 29 Sep 1587 - 07 Apr 1588 (1).JPG,2280.5,979.5,1611.7,237.0
865/18,125,37966,E 190_865_18 Poole 29 Sep 1587 - 07 Apr 1588 (1).JPG,0.8903586675,0.00,-2056,-1747,233,288,1435,211,865_18/E 190_865_18 Poole 29 Sep 1587 - 07 Apr 1588 (1).JPG,2302.9,2084.6,1611.7,237.0
865/18,126,37967,E 190_865_18 Poole 29 Sep 1587 - 07 Apr 1588 (2).JPG,0.7815710294,0.00,-686,-818,212,82,1245,342,865_18/E 190_865_18 Poole 29 Sep 1587 - 07 Apr 1588 (2).JPG,540.8,695.4,1592.9,437.6
865/4,66,37907,E 190_865_4 Poole 06 Apr 1572 - 29 Sep 1572 (4).JPG,0.9457009456,0.00,-526,-1648,172,290,1523,340,865_4/E 190_865_4 Poole 06 Apr 1572 - 29 Sep 1572 (4).JPG,613.1,1955.6,1610.4,359.5
865/4,67,37908,E 190_865_4 Poole 06 Apr 1572 - 29 Sep 1572 (4).JPG,0.8511308510,6.00,-1949,-572,293,114,1392,260,865_4/E 190_865_4 Poole 06 Apr 1572 - 29 Sep 1572 (4).JPG,2253.5,520.5,1635.5,305.5
865/4,68,37909,E 190_865_4 Poole 06 Apr 1572 - 29 Sep 1572 (4).JPG,0.8511308510,6.00,-1965,-840,293,114,1392,260,865_4/E 190_865_4 Poole 06 Apr 1572 - 29 Sep 1572 (4).JPG,2272.3,835.4,1635.5,305.5
865/4,69,37910,E 190_865_4 Poole 06 Apr 1572 - 29 Sep 1572 (4).JPG,0.8511308510,3.00,-1904,-1882,293,114,1392,260,865_4/E 190_865_4 Poole 06 Apr 1572 - 29 Sep 1572 (4).JPG,2200.7,2059.7,1635.5,305.5
865/4,70,37911,E 190_865_4 Poole 06 Apr 1572 - 29 Sep 1572 (5).JPG,0.7105191176,6.00,-1935,-1318,259,213,1162,304,865_4/E 190_865_4 Poole 06 Apr 1572 - 29 Sep 1572 (5).JPG,2201.3,1489.9,1635.4,427.9
865/4,71,37912,E 190_865_4 Poole 06 Apr 1572 - 29 Sep 1572 (6).JPG,0.7815710294,-3.00,-911,-586,27,171,1239,303,865_4/E 190_865_4 Poole 06 Apr 1572 - 29 Sep 1572 (6).JPG,592.0,512.5,1585.3,387.7
865/4,72,37913,E 190_865_4 Poole 06 Apr 1572 - 29 Sep 1572 (6).JPG,0.7815710294,-3.00,-943,-882,27,171,1239,303,865_4/E 190_865_4 Poole 06 Apr 1572 - 29 Sep 1572 (6).JPG,633.0,891.2,1585.3,387.7
865/5,163,38002,E 190_865_5 Poole 29 Sep 1573 - 29 Sep 1574 (28).JPG,0.3529411765,900.00,-1792,-1286,353,101,578,176,865_5/E 190_865_5 Poole 29 Sep 1573 - 29 Sep 1574 (28).JPG,2088.2,937.8,1637.7,498.7
865/5,164,38003,E 190_865_5 Poole 29 Sep 1573 - 29 Sep 1574 (29).JPG,0.5684152941,180.00,-947,-831,195,55,858,372,865_5/E 190_865_5 Poole 29 Sep 1573 - 29 Sep 1574 (29).JPG,356.9,319.6,1509.5,654.5
865/5,165,38004,E 190_865_5 Poole 29 Sep 1573 - 29 Sep 1574 (29).JPG,0.4270588235,540.00,-1740,-1401,416,345,736,165,865_5/E 190_865_5 Poole 29 Sep 1573 - 29 Sep 1574 (29).JPG,2129.2,1898.9,1723.4,386.4
865/5,166,38005,E 190_865_5 Poole 29 Sep 1573 - 29 Sep 1574 (29).JPG,0.4270588235,540.00,-1740,-1401,417,491,736,165,865_5/E 190_865_5 Poole 29 Sep 1573 - 29 Sep 1574 (29).JPG,2131.5,2240.8,1723.4,386.4
865/5,167,38006,E 190_865_5 Poole 29 Sep 1573 - 29 Sep 1574 (30).JPG,0.4697647059,180.00,-1164,-1616,152,280,844,158,865_5/E 190_865_5 Poole 29 Sep 1573 - 29 Sep 1574 (30).JPG,345.3,2194.0,1796.6,336.3
865/5,168,38007,E 190_865_5 Poole 29 Sep 1573 - 29 Sep 1574 (30).JPG,0.4963795123,180.00,-1900,-1039,249,201,872,184,865_5/E 190_865_5 Poole 29 Sep 1573 - 29 Sep 1574 (30).JPG,2121.6,842.3,1756.7,370.7
865/5,169,38008,E 190_865_5 Poole 29 Sep 1573 - 29 Sep 1574 (30).JPG,0.4963795123,180.00,-1927,-1593,231,163,872,184,865_5/E 190_865_5 Poole 29 Sep 1573 - 29 Sep 1574 (30).JPG,2139.7,1881.8,1756.7,370.7
865/5,170,38009,E 190_865_5 Poole 29 Sep 1573 - 29 Sep 1574 (30).JPG,0.4963795123,180.00,-1940,-1958,231,163,872,184,865_5/E 190_865_5 Poole 29 Sep 1573 - 29 Sep 1574 (30).JPG,2165.9,2617.1,1756.7,370.7
865/7,86,37925,E 190_865_7 Poole 29 Sep 1575 - 22 Apr 1576 (2).JPG,0.7815710294,0.00,-1904,-1329,309,171,1317,227,865_7/E 190_865_7 Poole 29 Sep 1575 - 22 Apr 1576 (2).JPG,2223.3,1463.1,1685.1,290.4
865/7,87,37926,E 190_865_7 Poole 29 Sep 1575 - 22 Apr 1576 (3).JPG,0.9457009456,-3.00,-842,-1461,65,155,1355,259,865_7/E 190_865_7 Poole 29 Sep 1575 - 22 Apr 1576 (3).JPG,834.1,1615.1,1432.8,273.9
865/7,88,37927,E 190_865_7 Poole 29 Sep 1575 - 22 Apr 1576 (3).JPG,0.8426195425,0.00,-2028,-1020,313,139,1318,334,865_7/E 190_865_7 Poole 29 Sep 1575 - 22 Apr 1576 (3).JPG,2371.8,1070.7,1564.2,396.4
865/7,89,37928,E 190_865_7 Poole 29 Sep 1575 - 22 Apr 1576 (3).JPG,0.8426195425,-3.00,-2150,-1902,114,290,1451,270,865_7/E 190_865_7 Poole 29 Sep 1575 - 22 Apr 1576 (3).JPG,2280.4,2296.6,1722.0,320.4
865/7,90,37929,E 190_865_7 Poole 29 Sep 1575 - 22 Apr 1576 (4).JPG,0.9457009456,0.00,-2041,-1277,223,251,1518,403,865_7/E 190_865_7 Poole 29 Sep 1575 - 22 Apr 1576 (4).JPG,2269.1,1522.0,1605.2,426.1
865/8,114,37955,E 190_865_8 Poole 29 Sep 1578 - 19 Apr 1579 (2).JPG,0.8597281324,3.00,-2035,-622,360,229,1417,268,865_8/E 190_865_8 Poole 29 Sep 1578 - 19 Apr 1579 (2).JPG,2430.7,723.6,1648.2,311.7
865/8,115,37956,E 190_865_8 Poole 29 Sep 1578 - 19 Apr 1579 (2).JPG,0.8597281324,0.00,-2048,-1555,360,229,1403,223,865_8/E 190_865_8 Poole 29 Sep 1578 - 19 Apr 1579 (2).JPG,2445.9,1808.8,1631.9,259.4
865/8,116,37957,E 190_865_8 Poole 29 Sep 1578 - 19 Apr 1579 (3).JPG,0.9457009456,0.00,-530,-603,194,119,1436,292,865_8/E 190_865_8 Poole 29 Sep 1578 - 19 Apr 1579 (3).JPG,640.6,669.8,1518.5,308.8
865/8,118,37959,E 190_865_8 Poole 29 Sep 1578 - 19 Apr 1579 (3).JPG,0.8511308510,0.00,-667,-1635,212,176,1305,274,865_8/E 190_865_8 Poole 29 Sep 1578 - 19 Apr 1579 (3).JPG,652.1,1842.3,1533.3,321.9
865/8,321,38157,E 190_865_8 Poole 29 Sep 1578 - 19 Apr 1579 (7).JPG,0.8597281324,0.00,-2066,-1890,208,233,1479,233,865_8/E 190_865_8 Poole 29 Sep 1578 - 19 Apr 1579 (7).JPG,2290.0,2203.1,1720.3,271.0
866/14,79,37919,E 190_866_14 Poole 15 Apr 1593 - 29 Sep 1593 (2).JPG,0.8597281324,6.00,-2017,-754,366,183,1375,302,866_14/E 190_866_14 Poole 15 Apr 1593 - 29 Sep 1593 (2).JPG,2416.8,823.6,1599.3,351.3
866/14,80,37920,E 190_866_14 Poole 15 Apr 1593 - 29 Sep 1593 (2).JPG,0.8597281324,3.00,-2123,-1134,207,248,1409,256,866_14/E 190_866_14 Poole 15 Apr 1593 - 29 Sep 1593 (2).JPG,2355.1,1341.2,1638.9,297.8
866/14,81,37921,E 190_866_14 Poole 15 Apr 1593 - 29 Sep 1593 (2).JPG,0.8597281324,3.00,-2202,-1738,96,205,1449,288,866_14/E 190_866_14 Poole 15 Apr 1593 - 29 Sep 1593 (2).JPG,2317.9,1993.7,1685.4,335.0
866/14,82,37922,E 190_866_14 Poole 15 Apr 1593 - 29 Sep 1593 (3).JPG,1.0402710401,-3.00,-442,-460,63,91,1611,507,866_14/E 190_866_14 Poole 15 Apr 1593 - 29 Sep 1593 (3).JPG,569.7,592.8,1548.6,487.4
866/14,83,37923,E 190_866_14 Poole 15 Apr 1593 - 29 Sep 1593 (3).JPG,1.0402710401,0.00,-487,-1650,80,110,1570,373,866_14/E 190_866_14 Poole 15 Apr 1593 - 29 Sep 1593 (3).JPG,629.3,1755.0,1509.2,358.6
866/14,84,37924,E 190_866_14 Poole 15 Apr 1593 - 29 Sep 1593 (6).JPG,0.9457009456,3.00,-1964,-703,320,178,1538,464,866_14/E 190_866_14 Poole 15 Apr 1593 - 29 Sep 1593 (6).JPG,2290.2,837.9,1626.3,490.6
866/16,131,37972,E 190_866_16 Poole 31 Mar 1594 - 29 Sep 1594 (3).JPG,0.7105191176,-3.00,-653,-504,351,320,1175,272,866_16/E 190_866_16 Poole 31 Mar 1594 - 29 Sep 1594 (3).JPG,526.5,494.8,1653.7,382.8
866/16,132,37973,E 190_866_16 Poole 31 Mar 1594 - 29 Sep 1594 (3).JPG,0.7105191176,-3.00,-617,-719,351,320,1175,272,866_16/E 190_866_16 Poole 31 Mar 1594 - 29 Sep 1594 (3).JPG,475.8,797.4,1653.7,382.8
866/16,133,37974,E 190_866_16 Poole 31 Mar 1594 - 29 Sep 1594 (3).JPG,0.7105191176,0.00,-686,-1148,351,320,1175,272,866_16/E 190_866_16 Poole 31 Mar 1594 - 29 Sep 1594 (3).JPG,572.9,1401.2,1653.7,382.8
866/18,134,37975,E 190_866_18 Poole 20 Apr 1595 - 29 Sep 1595 (2).JPG,0.9192213191,3.00,-1944,-1220,369,102,1226,302,866_18/E 190_866_18 Poole 20 Apr 1595 - 29 Sep 1595 (2).JPG,2325.0,1294.8,1333.7,328.5
866/18,135,37976,E 190_866_18 Poole 20 Apr 1595 - 29 Sep 1595 (2).JPG,0.7371235758,0.00,-1903,-1737,369,102,1024,235,866_18/E 190_866_18 Poole 20 Apr 1595 - 29 Sep 1595 (2).JPG,2306.2,1912.8,1389.2,318.8
866/18,136,37977,E 190_866_18 Poole 20 Apr 1595 - 29 Sep 1595 (2).JPG,0.7371235758,0.00,-1875,-1953,369,102,1088,340,866_18/E 190_866_18 Poole 20 Apr 1595 - 29 Sep 1595 (2).JPG,2268.3,2205.9,1476.0,461.3
866/18,137,37978,E 190_866_18 Poole 20 Apr 1595 - 29 Sep 1595 (3).JPG,0.7105191176,-3.00,-901,-1232,270,134,1015,340,866_18/E 190_866_18 Poole 20 Apr 1595 - 29 Sep 1595 (3).JPG,761.5,1257.6,1428.5,478.5
866/18,138,37979,E 190_866_18 Poole 20 Apr 1595 - 29 Sep 1595 (3).JPG,0.7105191176,-3.00,-869,-1543,270,134,1015,340,866_18/E 190_866_18 Poole 20 Apr 1595 - 29 Sep 1595 (3).JPG,716.5,1695.3,1428.5,478.5
866/3,127,37968,E 190_866_3 Poole 04 Apr 1591 - 29 Sep 1591 (2).JPG,0.7737553191,0.00,-1858,-883,425,173,1239,222,866_3/E 190_866_3 Poole 04 Apr 1591 - 29 Sep 1591 (2).JPG,2314.3,887.6,1601.3,286.9
866/3,128,37969,E 190_866_3 Poole 04 Apr 1591 - 29 Sep 1591 (2).JPG,0.7737553191,0.00,-1829,-1364,425,173,1249,282,866_3/E 190_866_3 Poole 04 Apr 1591 - 29 Sep 1591 (2).JPG,2276.8,1509.2,1614.2,364.5
866/3,129,37970,E 190_866_3 Poole 04 Apr 1591 - 29 Sep 1591 (3).JPG,0.7105191176,-6.00,-781,-1583,246,196,1162,198,866_3/E 190_866_3 Poole 04 Apr 1591 - 29 Sep 1591 (3).JPG,558.9,1838.9,1635.4,278.7
866/3,130,37971,E 190_866_3 Poole 04 Apr 1591 - 29 Sep 1591 (3).JPG,0.7105191176,6.00,-1977,-1012,246,196,1211,324,866_3/E 190_866_3 Poole 04 Apr 1591 - 29 Sep 1591 (3).JPG,2242.1,1035.3,1704.4,456.0
866/6,73,37914,E 190_866_6 Poole 26 Mar 1592 - 29 Sep 1592 (6).JPG,0.7815710294,0.00,-2159,-630,112,199,1312,191,866_6/E 190_866_6 Poole 26 Mar 1592 - 29 Sep 1592 (6).JPG,2297.6,604.6,1678.7,244.4
866/6,74,37915,E 190_866_6 Poole 26 Mar 1592 - 29 Sep 1592 (6).JPG,0.8597281324,0.00,-2158,-1559,67,171,1362,316,866_6/E 190_866_6 Poole 26 Mar 1592 - 29 Sep 1592 (6).JPG,2233.0,1746.0,1584.2,367.6
866/6,75,37916,E 190_866_6 Poole 26 Mar 1592 - 29 Sep 1592 (6).JPG,0.8597281324,0.00,-2158,-1559,81,695,1353,165,866_6/E 190_866_6 Poole 26 Mar 1592 - 29 Sep 1592 (6).JPG,2249.3,2355.5,1573.8,191.9
866/6,77,37917,E 190_866_6 Poole 26 Mar 1592 - 29 Sep 1592 (7).JPG,0.9457009456,9.00,-552,-569,65,314,1601,280,866_6/E 190_866_6 Poole 26 Mar 1592 - 29 Sep 1592 (7).JPG,527.5,840.0,1692.9,296.1
866/8,78,37918,E 190_866_8 Poole 29 Sep 1592 - 15 Apr 1593 (2).JPG,0.9084365550,0.00,-1963,-845,390,288,1435,293,866_8/E 190_866_8 Poole 29 Sep 1592 - 15 Apr 1593 (2).JPG,2370.8,1082.7,1579.6,322.5
867/1,111,37952,E 190_867_1 Poole 11 Apr 1596 - 29 Sep 1596 (2).JPG,0.9457009456,0.00,-2122,-1730,206,195,1404,264,867_1/E 190_867_1 Poole 11 Apr 1596 - 29 Sep 1596 (2).JPG,2336.7,1941.8,1484.6,279.2
867/1,112,37953,E 190_867_1 Poole 11 Apr 1596 - 29 Sep 1596 (2).JPG,0.9457009456,0.00,-2147,-2184,158,274,1423,288,867_1/E 190_867_1 Poole 11 Apr 1596 - 29 Sep 1596 (2).JPG,2312.4,2505.4,1504.7,304.5
867/1,113,37954,E 190_867_1 Poole 11 Apr 1596 - 29 Sep 1596 (3).JPG,0.7815710294,-9.00,-870,-772,255,117,1074,288,867_1/E 190_867_1 Poole 11 Apr 1596 - 29 Sep 1596 (3).JPG,831.3,681.4,1374.2,368.5
867/10,142,37983,E 190_867_10 Poole 29 Sep 1598 - 08 Apr 1599 (2).JPG,0.7105191176,0.00,-1880,-1194,410,400,1127,247,867_10/E 190_867_10 Poole 29 Sep 1598 - 08 Apr 1599 (2).JPG,2336.4,1578.5,1586.2,347.6
867/10,143,37984,E 190_867_10 Poole 29 Sep 1598 - 08 Apr 1599 (2).JPG,0.7105191176,0.00,-1899,-1408,410,400,1127,247,867_10/E 190_867_10 Poole 29 Sep 1598 - 08 Apr 1599 (2).JPG,2363.2,1879.7,1586.2,347.6
867/10,144,37985,E 190_867_10 Poole 29 Sep 1598 - 08 Apr 1599 (2).JPG,0.7105191176,0.00,-1889,-1637,410,400,1127,285,867_10/E 190_867_10 Poole 29 Sep 1598 - 08 Apr 1599 (2).JPG,2349.1,2202.0,1586.2,401.1
867/10,145,37986,E 190_867_10 Poole 29 Sep 1598 - 08 Apr 1599 (2).JPG,0.7105191176,0.00,-1934,-1893,410,400,1103,239,867_10/E 190_867_10 Poole 29 Sep 1598 - 08 Apr 1599 (2).JPG,2412.4,2562.3,1552.4,336.4
867/10,146,37987,E 190_867_10 Poole 29 Sep 1598 - 08 Apr 1599 (3).JPG,0.6459264706,-3.00,-969,-624,223,395,994,267,867_10/E 190_867_10 Poole 29 Sep 1598 - 08 Apr 1599 (3).JPG,652.6,683.0,1538.9,413.4
867/11,106,37947,E 190_867_11 Poole 29 Sep 1601 - 04 Apr 1602 (2).JPG,2.1420458772,0.00,435,1272,13,42,1506,389,867_11/E 190_867_11 Poole 29 Sep 1601 - 04 Apr 1602 (2).JPG,963.1,295.9,703.1,181.6
867/11,107,37948,E 190_867_11 Poole 29 Sep 1601 - 04 Apr 1602 (2).JPG,2.1420458772,0.00,435,1272,100,343,1256,412,867_11/E 190_867_11 Poole 29 Sep 1601 - 04 Apr 1602 (2).JPG,1003.8,436.4,586.4,192.3
867/14,147,37988,E 190_867_14 Poole 29 Sep 1599 - 23 Mar 1600 (2).JPG,0.7815710294,0.00,-1880,-1962,410,254,1180,223,867_14/E 190_867_14 Poole 29 Sep 1599 - 23 Mar 1600 (2).JPG,2321.9,2379.2,1509.8,285.3
867/14,148,37989,E 190_867_14 Poole 29 Sep 1599 - 23 Mar 1600 (2).JPG,0.7815710294,-3.00,-1910,-2110,410,254,1236,215,867_14/E 190_867_14 Poole 29 Sep 1599 - 23 Mar 1600 (2).JPG,2360.2,2568.6,1581.4,275.1
867/16,91,37930,E 190_867_16 Poole 29 Sep 1600 - 12 Apr 1601 (2).JPG,0.9362439361,0.00,-2068,-1505,289,183,1473,262,867_16/E 190_867_16 Poole 29 Sep 1600 - 12 Apr 1601 (2).JPG,2369.3,1691.8,1573.3,279.8
867/16,92,37931,E 190_867_16 Poole 29 Sep 1600 - 12 Apr 1601 (2).JPG,0.9362439361,0.00,-2068,-1505,281,410,1473,262,867_16/E 190_867_16 Poole 29 Sep 1600 - 12 Apr 1601 (2).JPG,2360.8,1934.3,1573.3,279.8
867/16,93,37932,E 190_867_16 Poole 29 Sep 1600 - 12 Apr 1601 (3).JPG,0.8511308510,-3.00,-774,-748,133,253,1271,220,867_16/E 190_867_16 Poole 29 Sep 1600 - 12 Apr 1601 (3).JPG,685.0,890.6,1493.3,258.5
867/16,94,37933,E 190_867_16 Poole 29 Sep 1600 - 12 Apr 1601 (3).JPG,1.0093739500,-3.00,-646,-1858,60,375,1579,426,867_16/E 190_867_16 Poole 29 Sep 1600 - 12 Apr 1601 (3).JPG,719.7,2227.4,1564.3,422.0
867/3,139,37980,E 190_867_3 Poole 29 Sep 1596 - 27 Mar 1597 (3).JPG,0.7815710294,0.00,-1816,-866,473,311,1132,252,867_3/E 190_867_3 Poole 29 Sep 1596 - 27 Mar 1597 (3).JPG,2320.6,1049.8,1448.4,322.4
867/3,140,37981,E 190_867_3 Poole 29 Sep 1596 - 27 Mar 1597 (3).JPG,0.8010535842,0.00,-1737,-1529,488,295,1228,248,867_3/E 190_867_3 Poole 29 Sep 1596 - 27 Mar 1597 (3).JPG,2237.2,1871.7,1533.0,309.6
867/3,141,37982,E 190_867_3 Poole 29 Sep 1596 - 27 Mar 1597 (4).JPG,0.8597281324,0.00,-653,-752,305,142,1195,306,867_3/E 190_867_3 Poole 29 Sep 1596 - 27 Mar 1597 (4).JPG,759.3,773.6,1390.0,355.9
868/1,101,37942,E 190_868_1 Poole 29 Sep 1601 - 29 Sep 1602 (6).JPG,0.7105191176,0.00,-1833,-889,420,113,1100,219,868_1/E 190_868_1 Poole 29 Sep 1601 - 29 Sep 1602 (6).JPG,2284.4,745.3,1548.2,308.2
868/1,102,37943,E 190_868_1 Poole 29 Sep 1601 - 29 Sep 1602 (6).JPG,0.7105191176,0.00,-1793,-1093,420,113,1147,358,868_1/E 190_868_1 Poole 29 Sep 1601 - 29 Sep 1602 (6).JPG,2228.1,1032.4,1614.3,503.9
868/1,103,37944,E 190_868_1 Poole 29 Sep 1601 - 29 Sep 1602 (7).JPG,0.7105191176,0.00,-843,-889,233,161,1147,249,868_1/E 190_868_1 Poole 29 Sep 1601 - 29 Sep 1602 (7).JPG,627.8,812.9,1614.3,350.4
868/1,104,37945,E 190_868_1 Poole 29 Sep 1601 - 29 Sep 1602 (7).JPG,0.7105191176,0.00,-2004,-788,242,180,1145,290,868_1/E 190_868_1 Poole 29 Sep 1601 - 29 Sep 1602 (7).JPG,2274.5,697.5,1611.5,408.2
868/1,105,37946,E 190_868_1 Poole 29 Sep 1601 - 29 Sep 1602 (7).JPG,0.7105191176,0.00,-2233,-926,54,301,1097,237,868_1/E 190_868_1 Poole 29 Sep 1601 - 29 Sep 1602 (7).JPG,2332.2,1062.0,1543.9,333.6
868/10,100,37941,E 190_868_10 Poole 24 Apr 1603 - 29 Sep 1603 (3).JPG,0.7815710294,-3.00,-1853,-630,495,354,1199,293,868_10/E 190_868_10 Poole 24 Apr 1603 - 29 Sep 1603 (3).JPG,2396.1,802.9,1534.1,374.9
868/2,108,37949,E 190_868_2 Poole 12 Apr 1601 - 29 Sep 1601 (2).JPG,0.9457009456,0.00,-2138,-1861,213,52,1461,271,868_2/E 190_868_2 Poole 12 Apr 1601 - 29 Sep 1601 (2).JPG,2361.0,1929.1,1544.9,286.6
868/2,109,37950,E 190_868_2 Poole 12 Apr 1601 - 29 Sep 1601 (2).JPG,0.9457009456,0.00,-2141,-2106,213,52,1430,231,868_2/E 190_868_2 Poole 12 Apr 1601 - 29 Sep 1601 (2).JPG,2364.2,2188.2,1512.1,244.3
868/2,110,37951,E 190_868_2 Poole 12 Apr 1601 - 29 Sep 1601 (3).JPG,0.9192213191,-3.00,-725,-514,66,218,1385,211,868_2/E 190_868_2 Poole 12 Apr 1601 - 29 Sep 1601 (3).JPG,669.3,652.9,1506.7,229.5
868/6,95,37934,E 190_868_6 Poole 04 Apr 1602 - 29 Sep 1602 (2).JPG,0.9457009456,0.00,-2028,-1062,219,172,1466,254,868_6/E 190_868_6 Poole 04 Apr 1602 - 29 Sep 1602 (2).JPG,2251.1,1211.1,1550.2,268.6
868/6,96,37937,E 190_868_6 Poole 04 Apr 1602 - 29 Sep 1602 (3).JPG,0.8597281324,0.00,-885,-858,13,42,1265,281,868_6/E 190_868_6 Poole 04 Apr 1602 - 29 Sep 1602 (3).JPG,689.5,780.6,1471.4,326.8
868/6,97,37938,E 190_868_6 Poole 04 Apr 1602 - 29 Sep 1602 (3).JPG,0.8597281324,0.00,-885,-858,21,302,1265,281,868_6/E 190_868_6 Poole 04 Apr 1602 - 29 Sep 1602 (3).JPG,698.8,1083.0,1471.4,326.8
869/4,98,37939,E 190_869_4 Poole 25 Dec 1605 - 25 Dec 1606 (3).JPG,0.7737553191,0.00,-849,-1071,114,86,1240,375,869_4/E 190_869_4 Poole 25 Dec 1605 - 25 Dec 1606 (3).JPG,608.3,1018.1,1602.6,484.6
869/4,99,37940,E 190_869_4 Poole 25 Dec 1605 - 25 Dec 1606 (3).JPG,0.7737553191,0.00,-2010,-1565,282,75,1220,365,869_4/E 190_869_4 Poole 25 Dec 1605 - 25 Dec 1606 (3).JPG,2325.9,1642.3,1576.7,471.7
872/4,154,37993,E 190_872_4 Poole 25 Dec 1618 - 25 Dec 1619 (3).JPG,0.7103340866,0.00,-834,-1012,156,152,1099,254,872_4/E 190_872_4 Poole 25 Dec 1618 - 25 Dec 1619 (3).JPG,506.4,973.2,1547.2,357.6
872/4,155,37994,E 190_872_4 Poole 25 Dec 1618 - 25 Dec 1619 (3).JPG,0.6203128085,0.00,-1921,-1265,156,152,984,263,872_4/E 190_872_4 Poole 25 Dec 1618 - 25 Dec 1619 (3).JPG,2016.4,1285.4,1586.3,424.0
873/8,179,38017,E 190_873_8 Poole 25 Dec 1625 - 25 Dec 1626 (5).JPG,0.6459264706,0.00,-1843,-1022,380,197,981,623,873_8/E 190_873_8 Poole 25 Dec 1625 - 25 Dec 1626 (5).JPG,2248.8,992.6,1518.7,964.5
877/9,180,38018,E 190_877_9 Poole 25 Dec 1640 - 25 Dec 1641 (2).JPG,0.7815710294,0.00,-1886,-477,436,329,1186,260,877_9/E 190_877_9 Poole 25 Dec 1640 - 25 Dec 1641 (2).JPG,2362.8,575.2,1517.5,332.7
